CustomerID,Age,Gender,Tenure,Usage Frequency,Support Calls,Payment Delay,Subscription Type,Contract Length,Total Spend,Last Interaction,Churn_YesNo
314921.0,36.0,Male,10.0,14.0,1.0,20.0,Standard,Annual,736.02,27.0,No
401716.0,40.0,Male,20.0,23.0,4.0,6.0,Standard,Quarterly,897.3,29.0,No
99832.0,36.0,Female,52.0,23.0,1.0,0.0,Standard,Quarterly,697.0,29.0,Yes
168747.0,65.0,Male,55.0,3.0,10.0,14.0,Basic,Quarterly,130.0,6.0,Yes
126369.0,36.0,Male,49.0,1.0,1.0,23.0,Standard,Annual,136.0,18.0,Yes
153212.0,55.0,Male,8.0,10.0,8.0,24.0,Standard,Monthly,709.0,13.0,Yes
198312.0,22.0,Male,3.0,14.0,4.0,28.0,Premium,Annual,641.0,13.0,Yes
424711.0,39.0,Male,41.0,25.0,3.0,15.0,Basic,Quarterly,683.52,10.0,No
121600.0,36.0,Male,38.0,18.0,7.0,25.0,Basic,Monthly,441.0,2.0,Yes
394723.0,44.0,Female,54.0,23.0,0.0,11.0,Standard,Annual,909.02,15.0,No
359957.0,28.0,Male,54.0,13.0,1.0,1.0,Basic,Quarterly,619.8,12.0,No
122684.0,45.0,Male,25.0,29.0,6.0,22.0,Premium,Monthly,762.0,28.0,Yes
434012.0,19.0,Male,36.0,9.0,1.0,14.0,Basic,Annual,960.41,16.0,No
51283.0,32.0,Male,41.0,4.0,8.0,0.0,Standard,Annual,593.0,15.0,Yes
415630.0,37.0,Female,36.0,17.0,0.0,11.0,Premium,Annual,554.22,9.0,No
387461.0,37.0,Female,44.0,4.0,0.0,3.0,Standard,Annual,663.84,9.0,No
435786.0,48.0,Male,2.0,2.0,1.0,6.0,Standard,Annual,981.85,4.0,No
369112.0,27.0,Female,18.0,18.0,1.0,20.0,Standard,Quarterly,793.45,1.0,No
263263.0,24.0,Female,5.0,27.0,2.0,2.0,Premium,Annual,899.68,5.0,No
172034.0,59.0,Male,51.0,23.0,7.0,5.0,Standard,Quarterly,370.0,26.0,Yes
131913.0,18.0,Male,18.0,22.0,5.0,29.0,Premium,Annual,784.0,9.0,Yes
143521.0,60.0,Female,8.0,10.0,3.0,22.0,Premium,Monthly,551.0,24.0,Yes
177553.0,44.0,Male,25.0,7.0,10.0,16.0,Premium,Monthly,425.0,14.0,Yes
426397.0,46.0,Female,4.0,29.0,1.0,5.0,Standard,Annual,733.91,10.0,No
273171.0,50.0,Female,29.0,1.0,3.0,0.0,Basic,Quarterly,622.57,5.0,No
386188.0,48.0,Female,35.0,9.0,3.0,9.0,Basic,Quarterly,709.21,4.0,No
173276.0,53.0,Female,55.0,6.0,0.0,28.0,Premium,Quarterly,756.0,2.0,Yes
398458.0,42.0,Male,58.0,18.0,1.0,4.0,Basic,Quarterly,603.91,21.0,No
250716.0,52.0,Female,2.0,29.0,3.0,9.0,Standard,Monthly,970.88,16.0,Yes
161623.0,43.0,Male,54.0,25.0,7.0,24.0,Premium,Monthly,708.0,4.0,Yes
82449.0,48.0,Female,31.0,6.0,1.0,13.0,Standard,Monthly,403.0,30.0,Yes
301127.0,32.0,Male,7.0,13.0,1.0,17.0,Basic,Annual,935.6,5.0,No
407936.0,21.0,Male,36.0,24.0,1.0,9.0,Premium,Annual,744.11,28.0,No
405878.0,31.0,Male,47.0,13.0,0.0,11.0,Premium,Annual,844.34,5.0,No
383410.0,41.0,Male,39.0,9.0,2.0,13.0,Standard,Annual,954.96,4.0,No
371758.0,37.0,Male,38.0,27.0,0.0,17.0,Standard,Quarterly,711.06,18.0,No
367516.0,37.0,Female,25.0,13.0,2.0,17.0,Premium,Annual,697.55,3.0,No
255479.0,56.0,Female,49.0,12.0,10.0,9.0,Standard,Quarterly,365.97,23.0,Yes
393462.0,27.0,Male,11.0,26.0,0.0,15.0,Standard,Annual,630.97,17.0,No
300824.0,41.0,Female,22.0,20.0,4.0,3.0,Premium,Annual,525.54,14.0,No
169428.0,47.0,Male,9.0,30.0,5.0,16.0,Basic,Annual,642.0,5.0,Yes
417497.0,33.0,Female,57.0,13.0,3.0,4.0,Standard,Annual,887.81,15.0,No
116402.0,41.0,Male,2.0,16.0,6.0,10.0,Premium,Quarterly,163.0,8.0,Yes
170192.0,31.0,Male,23.0,1.0,4.0,16.0,Premium,Quarterly,264.0,11.0,Yes
308178.0,34.0,Male,8.0,21.0,1.0,12.0,Basic,Quarterly,829.62,12.0,No
277561.0,43.0,Male,60.0,26.0,1.0,13.0,Basic,Quarterly,893.32,22.0,No
336350.0,25.0,Male,55.0,4.0,1.0,18.0,Premium,Annual,600.66,24.0,No
387601.0,46.0,Male,43.0,27.0,1.0,14.0,Premium,Annual,997.87,16.0,No
424504.0,36.0,Male,29.0,18.0,1.0,5.0,Standard,Quarterly,670.48,2.0,No
260902.0,47.0,Male,32.0,14.0,3.0,9.0,Premium,Annual,869.68,11.0,No
180547.0,29.0,Male,3.0,11.0,0.0,26.0,Standard,Monthly,545.0,17.0,Yes
149581.0,48.0,Male,10.0,30.0,6.0,1.0,Basic,Annual,123.0,8.0,Yes
356546.0,39.0,Female,31.0,13.0,3.0,3.0,Basic,Annual,979.76,7.0,No
56060.0,55.0,Female,43.0,24.0,5.0,8.0,Premium,Quarterly,782.0,1.0,Yes
393773.0,39.0,Male,44.0,26.0,2.0,7.0,Premium,Annual,772.9,9.0,No
264692.0,23.0,Male,45.0,13.0,2.0,11.0,Standard,Annual,631.1,17.0,No
335403.0,50.0,Female,59.0,30.0,0.0,15.0,Standard,Annual,774.37,8.0,No
300107.0,43.0,Male,44.0,3.0,0.0,5.0,Premium,Quarterly,990.2,3.0,No
437233.0,39.0,Male,39.0,2.0,2.0,0.0,Standard,Quarterly,697.78,16.0,No
325299.0,49.0,Male,13.0,27.0,4.0,16.0,Premium,Quarterly,866.25,15.0,No
88429.0,34.0,Female,43.0,1.0,10.0,17.0,Standard,Monthly,361.0,27.0,Yes
190848.0,24.0,Female,15.0,25.0,10.0,13.0,Basic,Quarterly,214.0,18.0,Yes
423653.0,30.0,Male,27.0,4.0,2.0,12.0,Basic,Annual,815.39,3.0,No
379758.0,43.0,Male,53.0,26.0,1.0,7.0,Standard,Annual,566.41,23.0,No
29156.0,21.0,Male,19.0,20.0,2.0,17.0,Premium,Quarterly,974.0,5.0,No
171684.0,53.0,Male,3.0,4.0,7.0,17.0,Standard,Annual,517.0,9.0,Yes
263297.0,42.0,Female,24.0,26.0,0.0,0.0,Standard,Annual,779.47,10.0,No
314767.0,50.0,Male,27.0,12.0,1.0,9.0,Basic,Quarterly,791.97,2.0,No
153522.0,29.0,Female,8.0,28.0,9.0,16.0,Premium,Annual,295.0,10.0,Yes
308705.0,27.0,Male,37.0,15.0,2.0,18.0,Basic,Quarterly,640.57,21.0,No
238467.0,65.0,Male,4.0,27.0,0.0,26.0,Premium,Annual,941.28,6.0,Yes
385197.0,48.0,Male,41.0,13.0,2.0,16.0,Basic,Quarterly,652.84,22.0,No
428249.0,45.0,Male,51.0,15.0,0.0,4.0,Basic,Quarterly,633.39,20.0,No
392886.0,43.0,Male,38.0,9.0,3.0,13.0,Standard,Annual,524.54,8.0,No
424825.0,43.0,Male,30.0,21.0,1.0,7.0,Basic,Annual,749.71,10.0,No
398578.0,18.0,Female,16.0,11.0,1.0,10.0,Premium,Quarterly,689.96,5.0,No
128597.0,53.0,Male,46.0,3.0,10.0,1.0,Basic,Quarterly,123.0,20.0,Yes
219504.0,54.0,Male,12.0,26.0,9.0,2.0,Basic,Quarterly,808.96,23.0,Yes
332278.0,38.0,Male,11.0,20.0,0.0,11.0,Basic,Annual,787.61,24.0,No
108653.0,62.0,Male,22.0,9.0,4.0,19.0,Standard,Quarterly,488.0,29.0,Yes
441365.0,43.0,Male,46.0,25.0,2.0,18.0,Standard,Quarterly,586.32,1.0,No
103778.0,51.0,Female,13.0,20.0,1.0,4.0,Premium,Monthly,544.0,18.0,Yes
195162.0,41.0,Male,47.0,27.0,2.0,12.0,Standard,Monthly,418.0,25.0,Yes
375790.0,41.0,Male,7.0,24.0,0.0,9.0,Premium,Quarterly,918.27,23.0,No
100907.0,38.0,Male,14.0,23.0,3.0,22.0,Premium,Monthly,632.0,28.0,Yes
284405.0,33.0,Male,28.0,20.0,2.0,7.0,Premium,Quarterly,966.14,16.0,No
125250.0,36.0,Male,4.0,3.0,5.0,13.0,Basic,Monthly,990.0,5.0,Yes
151303.0,61.0,Female,51.0,6.0,2.0,14.0,Standard,Quarterly,821.0,8.0,Yes
440119.0,23.0,Male,6.0,9.0,2.0,16.0,Standard,Quarterly,900.94,8.0,No
88096.0,31.0,Male,42.0,27.0,9.0,10.0,Basic,Annual,541.0,4.0,Yes
179228.0,19.0,Female,58.0,4.0,9.0,16.0,Basic,Monthly,664.0,9.0,Yes
230678.0,43.0,Male,3.0,9.0,9.0,23.0,Basic,Annual,681.73,25.0,Yes
276503.0,31.0,Male,34.0,27.0,3.0,14.0,Standard,Annual,933.39,30.0,No
229978.0,46.0,Male,33.0,7.0,4.0,19.0,Basic,Monthly,754.66,24.0,Yes
197817.0,40.0,Female,45.0,5.0,9.0,2.0,Standard,Quarterly,214.0,13.0,Yes
196468.0,52.0,Male,60.0,25.0,10.0,8.0,Basic,Annual,967.0,22.0,Yes
258104.0,22.0,Male,7.0,18.0,4.0,7.0,Standard,Monthly,565.01,5.0,Yes
182582.0,35.0,Male,34.0,14.0,7.0,29.0,Standard,Quarterly,625.0,1.0,Yes
196623.0,44.0,Male,16.0,23.0,4.0,4.0,Basic,Annual,403.0,6.0,Yes
119702.0,40.0,Female,6.0,22.0,2.0,8.0,Basic,Monthly,582.0,3.0,Yes
375995.0,18.0,Male,13.0,17.0,0.0,18.0,Premium,Annual,935.44,22.0,No
179774.0,23.0,Female,51.0,2.0,7.0,0.0,Basic,Monthly,613.0,16.0,Yes
25418.0,57.0,Male,10.0,28.0,3.0,15.0,Basic,Annual,401.0,26.0,Yes
33274.0,37.0,Male,58.0,17.0,4.0,14.0,Standard,Monthly,160.0,18.0,Yes
425778.0,31.0,Male,60.0,26.0,3.0,4.0,Standard,Annual,549.08,22.0,No
342314.0,43.0,Male,9.0,3.0,3.0,14.0,Premium,Annual,857.1,4.0,No
40505.0,31.0,Male,16.0,10.0,8.0,1.0,Standard,Quarterly,662.0,15.0,Yes
367528.0,22.0,Female,11.0,23.0,0.0,6.0,Basic,Annual,710.59,13.0,No
61004.0,54.0,Female,37.0,16.0,9.0,11.0,Premium,Annual,528.0,28.0,Yes
22202.0,47.0,Female,19.0,12.0,2.0,22.0,Basic,Annual,809.0,21.0,Yes
107510.0,47.0,Male,48.0,8.0,1.0,22.0,Basic,Monthly,780.0,25.0,Yes
326262.0,31.0,Male,21.0,24.0,3.0,1.0,Basic,Annual,663.78,28.0,No
427892.0,43.0,Male,54.0,12.0,1.0,12.0,Premium,Annual,832.54,28.0,No
150846.0,47.0,Male,47.0,6.0,3.0,28.0,Premium,Annual,785.0,19.0,Yes
156923.0,51.0,Male,12.0,1.0,8.0,25.0,Standard,Quarterly,807.0,25.0,Yes
20846.0,27.0,Male,37.0,10.0,9.0,17.0,Basic,Annual,954.0,9.0,Yes
261519.0,47.0,Male,19.0,28.0,3.0,13.0,Basic,Annual,582.66,29.0,No
363771.0,43.0,Female,53.0,29.0,4.0,3.0,Basic,Annual,690.72,1.0,No
178370.0,36.0,Male,7.0,28.0,6.0,7.0,Premium,Annual,753.0,15.0,Yes
113764.0,20.0,Male,42.0,30.0,3.0,7.0,Standard,Annual,267.0,21.0,Yes
19097.0,33.0,Male,58.0,23.0,5.0,21.0,Basic,Annual,584.0,2.0,Yes
12515.0,65.0,Female,15.0,26.0,1.0,0.0,Premium,Quarterly,405.0,24.0,Yes
131040.0,55.0,Male,26.0,23.0,2.0,12.0,Premium,Quarterly,479.0,7.0,Yes
255519.0,36.0,Female,14.0,11.0,10.0,26.0,Basic,Annual,154.37,25.0,Yes
261718.0,43.0,Male,20.0,21.0,3.0,20.0,Standard,Quarterly,588.12,20.0,No
63349.0,59.0,Male,39.0,27.0,5.0,17.0,Standard,Monthly,477.0,20.0,Yes
200571.0,63.0,Female,5.0,7.0,3.0,4.0,Premium,Monthly,955.0,12.0,Yes
25846.0,34.0,Male,11.0,12.0,2.0,8.0,Basic,Annual,874.0,6.0,No
314867.0,36.0,Male,27.0,4.0,3.0,4.0,Basic,Quarterly,820.48,6.0,No
72726.0,53.0,Male,41.0,21.0,10.0,15.0,Standard,Annual,141.0,4.0,Yes
200685.0,38.0,Male,55.0,19.0,2.0,30.0,Basic,Quarterly,203.0,20.0,Yes
331350.0,44.0,Male,26.0,27.0,2.0,0.0,Standard,Quarterly,967.06,10.0,No
65885.0,24.0,Female,56.0,29.0,8.0,19.0,Standard,Monthly,733.0,26.0,Yes
12599.0,35.0,Female,50.0,3.0,2.0,9.0,Basic,Annual,370.0,26.0,Yes
397874.0,41.0,Male,27.0,13.0,0.0,15.0,Premium,Annual,501.14,7.0,No
433992.0,29.0,Male,52.0,19.0,0.0,7.0,Premium,Annual,900.6,22.0,No
124500.0,57.0,Female,41.0,2.0,5.0,22.0,Basic,Annual,134.0,28.0,Yes
322953.0,48.0,Female,11.0,24.0,1.0,19.0,Standard,Quarterly,629.12,8.0,No
275611.0,48.0,Male,47.0,27.0,1.0,12.0,Standard,Annual,567.65,29.0,No
402315.0,30.0,Male,7.0,28.0,3.0,1.0,Basic,Annual,907.87,8.0,No
401365.0,34.0,Male,50.0,30.0,0.0,10.0,Premium,Annual,513.33,2.0,No
267123.0,24.0,Male,55.0,3.0,0.0,3.0,Basic,Quarterly,873.53,3.0,No
9467.0,48.0,Male,17.0,23.0,2.0,6.0,Basic,Annual,136.0,7.0,Yes
245850.0,53.0,Male,16.0,13.0,6.0,30.0,Basic,Monthly,943.35,14.0,Yes
289473.0,35.0,Male,25.0,3.0,2.0,15.0,Basic,Quarterly,994.91,17.0,No
285354.0,30.0,Male,43.0,15.0,0.0,2.0,Basic,Quarterly,770.71,15.0,No
413011.0,33.0,Female,2.0,2.0,2.0,12.0,Premium,Quarterly,657.56,11.0,No
73420.0,62.0,Female,20.0,17.0,2.0,8.0,Basic,Annual,374.0,30.0,Yes
117105.0,29.0,Male,21.0,5.0,2.0,26.0,Basic,Annual,755.0,4.0,Yes
295014.0,25.0,Female,42.0,8.0,0.0,14.0,Standard,Annual,595.01,2.0,No
118764.0,19.0,Male,13.0,28.0,8.0,5.0,Premium,Annual,461.0,17.0,Yes
129317.0,43.0,Female,36.0,10.0,1.0,8.0,Standard,Monthly,333.0,29.0,Yes
211763.0,52.0,Male,37.0,27.0,6.0,17.0,Basic,Monthly,439.72,14.0,Yes
421431.0,19.0,Male,8.0,20.0,0.0,1.0,Premium,Annual,835.79,8.0,No
177400.0,26.0,Male,31.0,14.0,9.0,5.0,Basic,Monthly,405.0,7.0,Yes
275889.0,22.0,Male,46.0,13.0,0.0,14.0,Premium,Quarterly,761.98,13.0,No
13345.0,63.0,Female,8.0,28.0,4.0,27.0,Basic,Annual,200.0,21.0,Yes
250658.0,48.0,Male,7.0,20.0,9.0,8.0,Standard,Monthly,205.91,26.0,Yes
347711.0,44.0,Female,33.0,30.0,4.0,19.0,Premium,Annual,697.04,5.0,No
114089.0,49.0,Female,27.0,11.0,0.0,29.0,Premium,Quarterly,632.0,5.0,Yes
279438.0,21.0,Male,9.0,21.0,0.0,13.0,Standard,Quarterly,613.64,6.0,No
12313.0,55.0,Female,1.0,6.0,0.0,10.0,Basic,Annual,635.0,17.0,Yes
59255.0,49.0,Male,25.0,9.0,8.0,9.0,Basic,Quarterly,948.0,24.0,Yes
212779.0,18.0,Female,55.0,5.0,7.0,3.0,Standard,Monthly,442.38,25.0,Yes
183060.0,53.0,Male,19.0,15.0,8.0,14.0,Premium,Monthly,139.0,16.0,Yes
61173.0,63.0,Male,27.0,2.0,5.0,9.0,Basic,Annual,620.0,11.0,Yes
272147.0,42.0,Male,20.0,16.0,4.0,18.0,Basic,Annual,682.08,1.0,No
142637.0,41.0,Male,40.0,10.0,10.0,4.0,Standard,Monthly,962.0,18.0,Yes
308640.0,44.0,Female,16.0,21.0,0.0,15.0,Basic,Quarterly,660.21,4.0,No
164695.0,53.0,Male,47.0,17.0,3.0,23.0,Basic,Annual,233.0,8.0,Yes
299963.0,45.0,Male,58.0,4.0,3.0,15.0,Basic,Quarterly,647.02,26.0,No
233244.0,56.0,Female,1.0,5.0,0.0,11.0,Premium,Monthly,340.77,5.0,Yes
391160.0,44.0,Female,3.0,7.0,2.0,15.0,Premium,Annual,726.1,15.0,No
46754.0,50.0,Male,29.0,11.0,2.0,27.0,Basic,Quarterly,328.0,8.0,Yes
321354.0,41.0,Male,51.0,7.0,3.0,17.0,Premium,Quarterly,744.75,21.0,No
380309.0,38.0,Male,5.0,10.0,2.0,4.0,Premium,Annual,765.67,19.0,No
246713.0,24.0,Female,43.0,23.0,5.0,4.0,Basic,Monthly,861.25,2.0,Yes
307785.0,27.0,Female,5.0,18.0,0.0,18.0,Premium,Quarterly,769.11,10.0,No
27563.0,55.0,Male,5.0,21.0,5.0,4.0,Basic,Monthly,967.0,8.0,Yes
419644.0,30.0,Female,31.0,7.0,2.0,20.0,Standard,Annual,925.46,13.0,No
64301.0,58.0,Female,12.0,3.0,4.0,4.0,Standard,Quarterly,828.0,1.0,Yes
119271.0,36.0,Male,28.0,17.0,7.0,18.0,Standard,Monthly,282.0,13.0,Yes
9656.0,38.0,Male,8.0,11.0,7.0,9.0,Basic,Quarterly,866.0,16.0,Yes
11724.0,65.0,Male,52.0,8.0,4.0,3.0,Standard,Quarterly,680.0,2.0,Yes
348294.0,35.0,Male,7.0,3.0,0.0,16.0,Basic,Annual,545.03,27.0,No
221645.0,55.0,Female,36.0,18.0,3.0,12.0,Basic,Annual,490.25,17.0,Yes
6825.0,47.0,Male,52.0,11.0,7.0,21.0,Standard,Monthly,749.0,10.0,Yes
418878.0,18.0,Male,24.0,17.0,0.0,2.0,Premium,Quarterly,891.1,11.0,No
143898.0,43.0,Female,28.0,2.0,5.0,24.0,Basic,Monthly,753.0,24.0,Yes
29448.0,61.0,Female,12.0,3.0,6.0,30.0,Standard,Annual,915.0,4.0,Yes
341415.0,45.0,Male,51.0,2.0,1.0,19.0,Standard,Annual,956.72,10.0,No
24906.0,48.0,Male,32.0,30.0,2.0,29.0,Premium,Monthly,824.0,24.0,Yes
293865.0,33.0,Male,29.0,4.0,1.0,20.0,Basic,Quarterly,889.25,26.0,No
51384.0,59.0,Female,57.0,27.0,7.0,12.0,Standard,Annual,784.0,13.0,Yes
216713.0,32.0,Male,14.0,22.0,10.0,2.0,Standard,Monthly,834.59,23.0,Yes
78665.0,22.0,Male,11.0,2.0,1.0,22.0,Premium,Quarterly,687.0,4.0,Yes
6907.0,30.0,Male,57.0,5.0,5.0,18.0,Standard,Annual,121.0,22.0,Yes
433274.0,29.0,Female,4.0,22.0,0.0,5.0,Standard,Quarterly,706.78,3.0,No
400598.0,50.0,Male,44.0,16.0,0.0,3.0,Basic,Quarterly,590.89,16.0,No
19761.0,60.0,Male,9.0,17.0,1.0,11.0,Basic,Quarterly,526.0,30.0,Yes
237713.0,22.0,Female,7.0,26.0,3.0,12.0,Premium,Monthly,414.92,2.0,Yes
335923.0,20.0,Female,40.0,17.0,0.0,12.0,Premium,Annual,968.32,10.0,No
185247.0,49.0,Male,51.0,5.0,10.0,2.0,Basic,Annual,663.0,19.0,Yes
283502.0,32.0,Female,50.0,4.0,3.0,4.0,Standard,Quarterly,805.01,3.0,No
301560.0,33.0,Male,13.0,25.0,2.0,2.0,Premium,Annual,540.79,24.0,No
183697.0,58.0,Female,22.0,26.0,8.0,9.0,Premium,Annual,588.0,30.0,Yes
206432.0,33.0,Female,40.0,3.0,9.0,27.0,Standard,Annual,579.46,28.0,Yes
250070.0,65.0,Male,44.0,23.0,10.0,12.0,Standard,Annual,439.64,6.0,Yes
132410.0,40.0,Female,18.0,23.0,7.0,9.0,Standard,Annual,806.0,29.0,Yes
208033.0,19.0,Female,49.0,12.0,6.0,25.0,Standard,Monthly,740.33,22.0,Yes
199026.0,27.0,Female,38.0,6.0,3.0,27.0,Premium,Quarterly,586.0,8.0,Yes
107443.0,21.0,Female,34.0,2.0,0.0,12.0,Premium,Monthly,157.0,6.0,Yes
185178.0,32.0,Female,11.0,28.0,5.0,30.0,Premium,Annual,514.0,13.0,Yes
273565.0,41.0,Female,29.0,10.0,2.0,7.0,Basic,Annual,939.83,10.0,No
49190.0,39.0,Female,21.0,15.0,8.0,15.0,Basic,Monthly,625.0,29.0,Yes
105671.0,42.0,Male,54.0,27.0,3.0,15.0,Standard,Quarterly,492.0,3.0,Yes
254843.0,36.0,Female,4.0,17.0,0.0,21.0,Premium,Annual,837.35,4.0,Yes
185651.0,58.0,Male,56.0,26.0,7.0,13.0,Basic,Annual,249.0,19.0,Yes
332175.0,47.0,Male,4.0,6.0,1.0,12.0,Standard,Annual,553.49,15.0,No
398350.0,25.0,Male,50.0,25.0,1.0,14.0,Standard,Annual,699.08,10.0,No
431845.0,37.0,Male,53.0,8.0,2.0,7.0,Premium,Quarterly,527.07,7.0,No
80833.0,22.0,Female,23.0,5.0,8.0,13.0,Basic,Annual,377.0,12.0,Yes
98918.0,21.0,Male,55.0,5.0,1.0,0.0,Basic,Annual,106.0,13.0,Yes
172130.0,48.0,Female,31.0,11.0,1.0,16.0,Basic,Quarterly,367.0,5.0,Yes
404947.0,46.0,Male,24.0,18.0,1.0,20.0,Standard,Annual,516.84,7.0,No
108880.0,63.0,Female,35.0,14.0,4.0,21.0,Premium,Monthly,326.0,3.0,Yes
141758.0,39.0,Male,34.0,6.0,7.0,20.0,Premium,Annual,908.0,29.0,Yes
360126.0,33.0,Male,50.0,8.0,2.0,5.0,Basic,Quarterly,542.3,19.0,No
94652.0,19.0,Female,19.0,19.0,10.0,0.0,Standard,Annual,773.0,13.0,Yes
53655.0,41.0,Male,39.0,15.0,9.0,9.0,Basic,Monthly,706.0,14.0,Yes
442122.0,40.0,Male,38.0,27.0,3.0,0.0,Standard,Annual,889.14,1.0,No
45630.0,25.0,Male,14.0,28.0,6.0,5.0,Basic,Annual,126.0,2.0,Yes
112158.0,56.0,Male,26.0,8.0,1.0,23.0,Basic,Monthly,844.0,13.0,Yes
43317.0,39.0,Female,7.0,23.0,2.0,17.0,Premium,Monthly,269.0,20.0,Yes
252940.0,64.0,Female,6.0,19.0,0.0,15.0,Standard,Monthly,218.77,8.0,Yes
197446.0,18.0,Male,22.0,8.0,2.0,13.0,Basic,Monthly,159.0,12.0,Yes
214212.0,30.0,Female,6.0,22.0,7.0,20.0,Basic,Monthly,613.83,21.0,Yes
12836.0,28.0,Female,46.0,12.0,6.0,17.0,Premium,Monthly,885.0,7.0,Yes
183861.0,63.0,Male,1.0,3.0,0.0,24.0,Basic,Quarterly,173.0,2.0,Yes
413096.0,46.0,Male,3.0,22.0,1.0,1.0,Premium,Annual,662.75,29.0,No
423218.0,23.0,Female,40.0,30.0,1.0,17.0,Basic,Quarterly,720.11,3.0,No
383341.0,47.0,Male,53.0,19.0,4.0,9.0,Standard,Annual,741.4,1.0,No
273416.0,43.0,Male,11.0,13.0,1.0,7.0,Premium,Annual,714.5,13.0,No
261221.0,27.0,Female,38.0,4.0,0.0,2.0,Basic,Quarterly,576.72,4.0,No
342248.0,26.0,Male,11.0,22.0,0.0,5.0,Standard,Annual,797.3,13.0,No
147426.0,38.0,Female,21.0,13.0,4.0,30.0,Basic,Quarterly,317.0,5.0,Yes
48485.0,61.0,Female,52.0,25.0,0.0,3.0,Basic,Annual,813.0,19.0,Yes
278636.0,44.0,Male,6.0,1.0,4.0,7.0,Premium,Annual,656.02,11.0,No
313576.0,32.0,Female,15.0,23.0,3.0,2.0,Standard,Annual,697.95,6.0,No
188614.0,62.0,Male,29.0,7.0,8.0,10.0,Premium,Quarterly,362.0,11.0,Yes
3183.0,34.0,Male,4.0,19.0,0.0,2.0,Premium,Annual,505.0,22.0,No
15432.0,37.0,Male,20.0,28.0,4.0,23.0,Basic,Quarterly,429.0,10.0,Yes
362001.0,27.0,Male,13.0,25.0,0.0,15.0,Premium,Quarterly,956.19,10.0,No
310294.0,30.0,Female,43.0,1.0,0.0,17.0,Basic,Quarterly,939.8,10.0,No
181698.0,51.0,Male,35.0,20.0,0.0,11.0,Premium,Monthly,135.0,11.0,Yes
389571.0,45.0,Female,53.0,25.0,3.0,9.0,Premium,Annual,717.36,5.0,No
405327.0,32.0,Female,42.0,9.0,3.0,20.0,Premium,Annual,608.26,15.0,No
278363.0,44.0,Male,23.0,25.0,0.0,14.0,Standard,Annual,778.27,9.0,No
446547.0,44.0,Female,1.0,15.0,0.0,8.0,Standard,Quarterly,835.98,11.0,No
265294.0,25.0,Male,40.0,23.0,0.0,18.0,Premium,Quarterly,581.2,14.0,No
80296.0,23.0,Male,7.0,8.0,10.0,17.0,Premium,Annual,418.0,13.0,Yes
90209.0,53.0,Female,4.0,2.0,0.0,15.0,Standard,Quarterly,957.0,1.0,Yes
165737.0,43.0,Male,22.0,17.0,7.0,9.0,Premium,Quarterly,124.0,11.0,Yes
264942.0,47.0,Female,35.0,11.0,3.0,20.0,Standard,Quarterly,868.0,13.0,No
306224.0,35.0,Female,5.0,22.0,0.0,8.0,Premium,Annual,900.47,3.0,No
103401.0,48.0,Female,8.0,10.0,2.0,23.0,Standard,Monthly,725.0,11.0,Yes
181532.0,28.0,Female,39.0,19.0,3.0,22.0,Basic,Annual,236.0,22.0,Yes
165044.0,59.0,Male,17.0,5.0,1.0,4.0,Premium,Monthly,879.0,6.0,Yes
313740.0,30.0,Female,55.0,24.0,0.0,17.0,Premium,Quarterly,558.48,3.0,No
182176.0,18.0,Male,4.0,16.0,10.0,18.0,Standard,Quarterly,466.0,7.0,Yes
88732.0,30.0,Female,55.0,16.0,9.0,14.0,Premium,Annual,326.0,6.0,Yes
175667.0,58.0,Male,7.0,19.0,10.0,0.0,Standard,Quarterly,181.0,3.0,Yes
18165.0,21.0,Female,45.0,19.0,2.0,21.0,Premium,Quarterly,782.0,22.0,Yes
190926.0,39.0,Male,14.0,1.0,3.0,29.0,Standard,Monthly,979.0,3.0,Yes
192752.0,49.0,Female,1.0,4.0,5.0,4.0,Basic,Quarterly,518.0,21.0,Yes
407233.0,33.0,Female,54.0,23.0,2.0,3.0,Basic,Quarterly,699.61,11.0,No
170281.0,37.0,Female,45.0,29.0,3.0,2.0,Standard,Annual,850.0,28.0,Yes
153081.0,30.0,Male,6.0,27.0,6.0,2.0,Premium,Annual,353.0,26.0,Yes
191132.0,42.0,Female,29.0,27.0,1.0,13.0,Basic,Quarterly,435.0,21.0,Yes
176613.0,30.0,Female,27.0,18.0,5.0,25.0,Basic,Monthly,857.0,13.0,Yes
28541.0,49.0,Male,6.0,24.0,2.0,24.0,Standard,Annual,509.0,28.0,Yes
312113.0,29.0,Female,39.0,29.0,1.0,0.0,Basic,Annual,910.31,14.0,No
373808.0,50.0,Female,47.0,22.0,5.0,13.0,Basic,Quarterly,523.94,7.0,No
244500.0,43.0,Male,35.0,8.0,4.0,12.0,Standard,Monthly,581.41,26.0,Yes
295490.0,39.0,Female,8.0,28.0,3.0,2.0,Standard,Quarterly,929.5,5.0,No
172697.0,39.0,Female,13.0,1.0,8.0,13.0,Standard,Quarterly,772.0,28.0,Yes
421232.0,34.0,Male,10.0,18.0,1.0,9.0,Standard,Quarterly,929.58,4.0,No
348.0,60.0,Female,31.0,27.0,3.0,11.0,Basic,Annual,566.0,16.0,Yes
34297.0,64.0,Male,57.0,16.0,5.0,13.0,Basic,Monthly,184.0,21.0,Yes
212095.0,61.0,Female,18.0,19.0,9.0,30.0,Standard,Quarterly,887.16,23.0,Yes
105065.0,50.0,Female,35.0,24.0,8.0,10.0,Basic,Annual,831.0,1.0,Yes
124051.0,46.0,Female,22.0,7.0,8.0,15.0,Standard,Annual,323.0,16.0,Yes
160462.0,37.0,Female,50.0,29.0,8.0,5.0,Premium,Quarterly,503.0,12.0,Yes
9734.0,21.0,Male,9.0,25.0,8.0,0.0,Basic,Annual,993.0,16.0,Yes
105723.0,48.0,Female,47.0,30.0,7.0,6.0,Basic,Monthly,217.0,23.0,Yes
48025.0,22.0,Male,56.0,22.0,1.0,14.0,Standard,Quarterly,146.0,8.0,Yes
443136.0,27.0,Male,23.0,21.0,1.0,8.0,Standard,Quarterly,704.39,29.0,No
167814.0,63.0,Male,7.0,25.0,7.0,5.0,Premium,Quarterly,393.0,27.0,Yes
321703.0,30.0,Male,59.0,13.0,2.0,8.0,Standard,Annual,551.5,22.0,No
71677.0,28.0,Female,2.0,15.0,4.0,23.0,Basic,Annual,374.0,12.0,Yes
284057.0,34.0,Female,11.0,11.0,3.0,20.0,Premium,Annual,569.51,9.0,No
369879.0,33.0,Male,35.0,29.0,2.0,8.0,Basic,Annual,896.17,13.0,No
212936.0,63.0,Female,30.0,14.0,10.0,25.0,Basic,Quarterly,535.15,29.0,Yes
353841.0,37.0,Male,44.0,12.0,1.0,15.0,Premium,Quarterly,550.96,11.0,No
101399.0,62.0,Male,18.0,15.0,0.0,24.0,Basic,Monthly,116.0,16.0,Yes
38629.0,39.0,Male,60.0,23.0,5.0,23.0,Basic,Annual,445.0,17.0,Yes
62952.0,43.0,Female,11.0,20.0,6.0,9.0,Premium,Annual,100.0,17.0,Yes
34896.0,46.0,Female,48.0,13.0,7.0,26.0,Premium,Annual,172.0,3.0,Yes
189219.0,47.0,Female,16.0,2.0,2.0,29.0,Standard,Monthly,146.0,4.0,Yes
97638.0,61.0,Female,30.0,27.0,9.0,19.0,Standard,Monthly,247.0,9.0,Yes
41614.0,22.0,Female,42.0,24.0,5.0,0.0,Premium,Annual,296.0,30.0,Yes
226709.0,61.0,Female,30.0,10.0,1.0,1.0,Basic,Quarterly,214.28,7.0,Yes
371209.0,34.0,Female,43.0,30.0,2.0,14.0,Basic,Quarterly,792.78,12.0,No
122070.0,21.0,Female,10.0,8.0,6.0,3.0,Standard,Annual,719.0,25.0,Yes
414304.0,26.0,Female,45.0,22.0,0.0,3.0,Standard,Annual,707.17,6.0,No
214837.0,33.0,Female,51.0,1.0,6.0,14.0,Premium,Monthly,897.31,9.0,Yes
189299.0,18.0,Male,26.0,20.0,4.0,21.0,Premium,Quarterly,469.0,4.0,Yes
81136.0,21.0,Male,3.0,27.0,7.0,26.0,Premium,Annual,660.0,21.0,Yes
405610.0,45.0,Male,11.0,2.0,3.0,2.0,Standard,Annual,800.59,24.0,No
197150.0,42.0,Male,25.0,17.0,4.0,18.0,Standard,Monthly,148.0,1.0,Yes
298733.0,49.0,Female,26.0,3.0,2.0,11.0,Basic,Annual,716.82,7.0,No
137476.0,19.0,Female,10.0,3.0,9.0,2.0,Basic,Annual,165.0,12.0,Yes
275400.0,37.0,Male,48.0,24.0,3.0,12.0,Basic,Quarterly,858.29,12.0,No
393579.0,24.0,Female,19.0,22.0,1.0,7.0,Standard,Annual,630.82,14.0,No
78492.0,24.0,Female,34.0,8.0,6.0,1.0,Standard,Annual,411.0,22.0,Yes
230394.0,52.0,Female,42.0,2.0,5.0,29.0,Premium,Annual,270.02,7.0,Yes
198812.0,30.0,Male,44.0,27.0,5.0,25.0,Premium,Annual,636.0,17.0,Yes
129551.0,20.0,Male,38.0,7.0,10.0,28.0,Basic,Annual,667.0,9.0,Yes
70084.0,40.0,Male,59.0,21.0,8.0,1.0,Premium,Annual,126.0,12.0,Yes
60427.0,22.0,Female,32.0,1.0,5.0,19.0,Premium,Annual,816.0,23.0,Yes
219709.0,47.0,Male,26.0,16.0,2.0,22.0,Standard,Monthly,727.18,16.0,Yes
358148.0,45.0,Male,45.0,14.0,1.0,4.0,Premium,Quarterly,575.79,19.0,No
418482.0,48.0,Female,10.0,19.0,4.0,7.0,Basic,Annual,784.47,5.0,No
89183.0,63.0,Female,20.0,23.0,8.0,3.0,Standard,Quarterly,674.0,5.0,Yes
186772.0,49.0,Male,58.0,19.0,8.0,8.0,Basic,Annual,114.0,12.0,Yes
206036.0,63.0,Female,20.0,21.0,8.0,4.0,Premium,Annual,207.57,17.0,Yes
388289.0,50.0,Male,47.0,9.0,3.0,1.0,Basic,Quarterly,964.02,8.0,No
332904.0,19.0,Male,27.0,7.0,1.0,12.0,Premium,Annual,929.04,26.0,No
159563.0,19.0,Male,53.0,12.0,1.0,11.0,Standard,Monthly,468.0,13.0,Yes
224027.0,31.0,Female,19.0,17.0,0.0,12.0,Premium,Quarterly,678.85,22.0,Yes
2772.0,59.0,Male,6.0,12.0,5.0,3.0,Standard,Monthly,904.0,27.0,Yes
282933.0,24.0,Male,56.0,16.0,0.0,15.0,Basic,Quarterly,736.48,17.0,No
189160.0,21.0,Male,4.0,19.0,2.0,1.0,Premium,Annual,913.0,7.0,No
420960.0,36.0,Male,21.0,26.0,0.0,5.0,Standard,Annual,854.75,17.0,No
238419.0,50.0,Female,7.0,7.0,6.0,7.0,Premium,Annual,373.58,30.0,Yes
218770.0,30.0,Female,24.0,4.0,3.0,11.0,Premium,Annual,289.0,12.0,Yes
172677.0,64.0,Female,14.0,25.0,10.0,7.0,Premium,Quarterly,165.0,9.0,Yes
355369.0,49.0,Male,47.0,15.0,1.0,6.0,Basic,Quarterly,704.27,19.0,No
109972.0,35.0,Female,31.0,2.0,8.0,2.0,Basic,Monthly,791.0,3.0,Yes
222059.0,29.0,Female,39.0,11.0,5.0,7.0,Basic,Quarterly,948.3,15.0,Yes
82293.0,65.0,Male,12.0,18.0,2.0,4.0,Standard,Monthly,613.0,4.0,Yes
396177.0,22.0,Male,55.0,22.0,0.0,11.0,Basic,Quarterly,978.15,3.0,No
392670.0,49.0,Male,42.0,18.0,1.0,1.0,Standard,Annual,852.8,23.0,No
47521.0,29.0,Male,53.0,21.0,3.0,12.0,Basic,Quarterly,769.0,20.0,Yes
180155.0,42.0,Female,56.0,22.0,8.0,28.0,Basic,Monthly,404.0,15.0,Yes
260463.0,55.0,Female,13.0,19.0,6.0,16.0,Standard,Monthly,946.46,8.0,Yes
73712.0,34.0,Female,4.0,18.0,4.0,14.0,Standard,Quarterly,880.0,8.0,Yes
380638.0,24.0,Male,44.0,5.0,1.0,20.0,Basic,Annual,886.55,17.0,No
224609.0,49.0,Female,6.0,3.0,10.0,26.0,Standard,Quarterly,479.95,7.0,Yes
417356.0,36.0,Male,10.0,19.0,0.0,4.0,Basic,Quarterly,901.51,7.0,No
381526.0,40.0,Female,33.0,2.0,1.0,5.0,Standard,Quarterly,652.55,8.0,No
211526.0,27.0,Male,22.0,20.0,10.0,17.0,Premium,Monthly,254.34,9.0,Yes
176029.0,29.0,Male,27.0,25.0,10.0,19.0,Standard,Annual,970.0,3.0,Yes
154855.0,47.0,Female,45.0,26.0,5.0,16.0,Standard,Monthly,737.0,20.0,Yes
259980.0,64.0,Male,22.0,10.0,4.0,23.0,Standard,Annual,298.7,27.0,Yes
437321.0,26.0,Male,45.0,6.0,2.0,0.0,Standard,Annual,825.51,7.0,No
420660.0,48.0,Female,36.0,30.0,1.0,16.0,Basic,Quarterly,507.23,2.0,No
81270.0,65.0,Male,33.0,10.0,10.0,15.0,Basic,Quarterly,310.0,20.0,Yes
238249.0,41.0,Male,9.0,4.0,3.0,5.0,Premium,Annual,472.89,14.0,Yes
8126.0,47.0,Male,27.0,9.0,7.0,9.0,Basic,Quarterly,362.0,9.0,Yes
75797.0,40.0,Female,5.0,8.0,0.0,28.0,Standard,Quarterly,933.0,8.0,Yes
331281.0,19.0,Male,44.0,19.0,1.0,2.0,Standard,Annual,569.41,18.0,No
159522.0,48.0,Female,38.0,3.0,2.0,20.0,Basic,Annual,422.0,9.0,Yes
131543.0,41.0,Female,30.0,27.0,4.0,21.0,Basic,Annual,985.0,5.0,Yes
153509.0,41.0,Male,31.0,18.0,8.0,14.0,Basic,Monthly,334.0,15.0,Yes
10409.0,44.0,Male,12.0,15.0,9.0,21.0,Premium,Monthly,714.0,26.0,Yes
186107.0,51.0,Male,24.0,30.0,8.0,12.0,Standard,Monthly,549.0,7.0,Yes
318329.0,23.0,Male,36.0,30.0,1.0,19.0,Standard,Annual,701.82,6.0,No
370982.0,38.0,Male,22.0,27.0,0.0,20.0,Premium,Annual,535.21,26.0,No
92881.0,26.0,Female,15.0,27.0,6.0,9.0,Basic,Annual,790.0,24.0,Yes
386812.0,46.0,Female,60.0,11.0,1.0,19.0,Standard,Annual,513.36,13.0,No
64766.0,28.0,Female,19.0,24.0,1.0,24.0,Basic,Monthly,365.0,22.0,Yes
148699.0,29.0,Female,33.0,10.0,9.0,8.0,Basic,Monthly,940.0,4.0,Yes
102644.0,33.0,Female,35.0,23.0,4.0,22.0,Standard,Quarterly,576.0,9.0,Yes
275476.0,29.0,Male,52.0,5.0,0.0,2.0,Premium,Quarterly,925.91,29.0,No
187872.0,24.0,Female,31.0,24.0,9.0,0.0,Basic,Annual,770.0,11.0,Yes
176429.0,49.0,Female,47.0,18.0,7.0,8.0,Premium,Annual,597.0,21.0,Yes
66095.0,53.0,Female,47.0,19.0,2.0,2.0,Basic,Annual,445.0,15.0,Yes
239704.0,25.0,Male,45.0,18.0,1.0,24.0,Standard,Monthly,177.1,21.0,Yes
93317.0,53.0,Female,55.0,1.0,5.0,9.0,Basic,Quarterly,150.0,13.0,Yes
244944.0,64.0,Female,47.0,15.0,3.0,9.0,Basic,Quarterly,548.77,2.0,Yes
314788.0,20.0,Male,8.0,5.0,2.0,1.0,Basic,Quarterly,568.16,3.0,No
126278.0,56.0,Female,11.0,22.0,4.0,13.0,Basic,Monthly,146.0,24.0,Yes
434440.0,38.0,Male,44.0,14.0,0.0,11.0,Premium,Annual,535.82,26.0,No
305411.0,29.0,Male,33.0,9.0,2.0,8.0,Basic,Annual,538.02,8.0,No
121442.0,27.0,Female,7.0,2.0,6.0,29.0,Premium,Quarterly,401.0,4.0,Yes
118332.0,49.0,Male,47.0,13.0,1.0,6.0,Standard,Quarterly,321.0,6.0,Yes
105124.0,25.0,Male,46.0,25.0,1.0,3.0,Basic,Monthly,174.0,9.0,Yes
201247.0,59.0,Female,4.0,12.0,5.0,30.0,Standard,Quarterly,271.0,7.0,Yes
233153.0,18.0,Female,41.0,5.0,6.0,16.0,Basic,Annual,281.81,25.0,Yes
236805.0,65.0,Female,22.0,8.0,0.0,15.0,Standard,Monthly,269.31,26.0,Yes
286577.0,47.0,Male,36.0,2.0,4.0,18.0,Basic,Quarterly,905.94,3.0,No
181602.0,63.0,Female,15.0,17.0,4.0,13.0,Basic,Monthly,769.0,22.0,Yes
311252.0,48.0,Female,24.0,11.0,1.0,20.0,Premium,Annual,931.09,2.0,No
142813.0,51.0,Female,24.0,22.0,3.0,29.0,Premium,Monthly,991.0,19.0,Yes
14170.0,39.0,Female,39.0,10.0,10.0,6.0,Basic,Monthly,238.0,4.0,Yes
53575.0,42.0,Female,35.0,11.0,2.0,27.0,Standard,Monthly,396.0,26.0,Yes
318927.0,21.0,Male,46.0,29.0,0.0,18.0,Basic,Annual,765.18,16.0,No
285019.0,41.0,Male,10.0,6.0,2.0,9.0,Standard,Quarterly,876.44,8.0,No
67912.0,30.0,Female,54.0,4.0,9.0,16.0,Premium,Monthly,199.0,18.0,Yes
413815.0,50.0,Male,36.0,22.0,0.0,14.0,Premium,Quarterly,607.58,12.0,No
139363.0,62.0,Female,47.0,13.0,6.0,19.0,Premium,Annual,530.0,11.0,Yes
228361.0,35.0,Female,25.0,1.0,8.0,22.0,Standard,Quarterly,171.88,8.0,Yes
349596.0,34.0,Male,33.0,12.0,2.0,11.0,Premium,Annual,537.62,24.0,No
415813.0,25.0,Male,55.0,15.0,1.0,12.0,Standard,Quarterly,996.41,4.0,No
173731.0,30.0,Female,14.0,18.0,8.0,16.0,Premium,Monthly,839.0,28.0,Yes
323349.0,48.0,Female,23.0,30.0,4.0,6.0,Standard,Annual,658.37,3.0,No
273883.0,20.0,Female,23.0,17.0,2.0,18.0,Standard,Quarterly,796.19,3.0,No
166999.0,46.0,Male,29.0,3.0,4.0,0.0,Standard,Quarterly,264.0,11.0,Yes
337501.0,43.0,Female,28.0,28.0,0.0,9.0,Premium,Quarterly,604.86,7.0,No
376139.0,43.0,Male,3.0,20.0,3.0,10.0,Standard,Annual,789.96,12.0,No
239116.0,38.0,Female,35.0,8.0,3.0,28.0,Standard,Quarterly,844.84,3.0,Yes
134762.0,52.0,Female,10.0,6.0,3.0,3.0,Basic,Monthly,612.0,16.0,Yes
286927.0,25.0,Male,20.0,25.0,2.0,14.0,Premium,Quarterly,970.88,19.0,No
253503.0,54.0,Male,51.0,8.0,7.0,23.0,Standard,Quarterly,911.66,5.0,Yes
265278.0,44.0,Female,40.0,6.0,1.0,17.0,Premium,Annual,931.61,1.0,No
366488.0,29.0,Male,13.0,26.0,0.0,15.0,Standard,Quarterly,567.04,27.0,No
216351.0,37.0,Male,16.0,6.0,7.0,20.0,Standard,Monthly,419.69,15.0,Yes
63448.0,65.0,Female,21.0,5.0,9.0,14.0,Standard,Quarterly,888.0,30.0,Yes
218138.0,54.0,Male,31.0,4.0,1.0,22.0,Standard,Monthly,287.01,15.0,Yes
239700.0,36.0,Female,57.0,12.0,6.0,9.0,Standard,Annual,101.35,14.0,Yes
21202.0,63.0,Female,57.0,22.0,4.0,11.0,Premium,Monthly,411.0,22.0,Yes
229528.0,20.0,Male,47.0,6.0,7.0,24.0,Standard,Annual,748.82,6.0,Yes
351933.0,22.0,Female,34.0,22.0,2.0,2.0,Basic,Quarterly,537.7,9.0,No
68333.0,26.0,Male,60.0,27.0,2.0,25.0,Premium,Monthly,130.0,24.0,Yes
396829.0,45.0,Male,11.0,12.0,3.0,3.0,Standard,Quarterly,973.16,16.0,No
253866.0,65.0,Male,19.0,6.0,1.0,2.0,Premium,Annual,952.83,22.0,Yes
70443.0,26.0,Male,54.0,23.0,2.0,12.0,Standard,Annual,151.0,5.0,Yes
233901.0,58.0,Female,20.0,16.0,2.0,8.0,Standard,Annual,605.73,14.0,Yes
281635.0,19.0,Male,45.0,29.0,1.0,10.0,Premium,Quarterly,713.7,12.0,No
343348.0,27.0,Male,59.0,16.0,2.0,9.0,Standard,Annual,530.47,1.0,No
393498.0,23.0,Male,7.0,27.0,0.0,6.0,Basic,Quarterly,764.0,4.0,No
210154.0,38.0,Male,13.0,7.0,7.0,30.0,Premium,Quarterly,801.22,23.0,Yes
65928.0,61.0,Male,60.0,6.0,2.0,2.0,Basic,Monthly,385.0,8.0,Yes
403593.0,22.0,Male,52.0,15.0,1.0,2.0,Standard,Quarterly,771.5,1.0,No
194825.0,37.0,Female,25.0,7.0,0.0,9.0,Basic,Annual,110.0,2.0,Yes
302651.0,37.0,Male,7.0,17.0,0.0,18.0,Standard,Quarterly,699.68,6.0,No
404601.0,48.0,Male,45.0,14.0,4.0,5.0,Premium,Annual,513.78,6.0,No
185130.0,19.0,Female,11.0,10.0,3.0,10.0,Premium,Quarterly,114.0,9.0,Yes
66673.0,30.0,Male,17.0,25.0,0.0,14.0,Premium,Quarterly,397.0,7.0,Yes
169957.0,58.0,Male,10.0,23.0,1.0,6.0,Standard,Monthly,888.0,5.0,Yes
156763.0,65.0,Male,11.0,27.0,10.0,5.0,Standard,Monthly,738.0,14.0,Yes
54365.0,59.0,Female,1.0,18.0,9.0,0.0,Standard,Quarterly,881.0,22.0,Yes
120844.0,54.0,Female,50.0,21.0,6.0,16.0,Standard,Quarterly,784.0,2.0,Yes
258360.0,25.0,Female,17.0,22.0,5.0,25.0,Basic,Monthly,379.0,25.0,Yes
342830.0,45.0,Female,37.0,21.0,1.0,17.0,Premium,Annual,528.1,1.0,No
45376.0,50.0,Male,16.0,24.0,10.0,14.0,Standard,Quarterly,229.0,21.0,Yes
309049.0,38.0,Female,35.0,2.0,1.0,1.0,Standard,Annual,595.46,15.0,No
355814.0,46.0,Male,48.0,25.0,2.0,20.0,Basic,Quarterly,593.7,24.0,No
229708.0,23.0,Female,18.0,9.0,9.0,17.0,Premium,Quarterly,763.11,6.0,Yes
115936.0,27.0,Female,9.0,21.0,1.0,30.0,Standard,Monthly,875.0,13.0,Yes
378644.0,38.0,Female,18.0,13.0,1.0,2.0,Basic,Annual,657.83,8.0,No
7739.0,64.0,Female,35.0,24.0,4.0,8.0,Premium,Quarterly,976.0,29.0,Yes
52869.0,47.0,Female,20.0,9.0,0.0,13.0,Premium,Monthly,157.0,26.0,Yes
278671.0,43.0,Male,52.0,18.0,0.0,4.0,Premium,Quarterly,567.29,19.0,No
175431.0,30.0,Male,48.0,6.0,0.0,27.0,Standard,Annual,655.0,13.0,Yes
369595.0,41.0,Male,35.0,25.0,4.0,14.0,Basic,Quarterly,628.3,29.0,No
351186.0,22.0,Female,36.0,22.0,2.0,3.0,Basic,Quarterly,795.43,1.0,No
432527.0,37.0,Male,53.0,15.0,0.0,8.0,Basic,Annual,892.82,10.0,No
340908.0,31.0,Male,44.0,11.0,3.0,8.0,Basic,Annual,658.09,12.0,No
73407.0,56.0,Male,37.0,25.0,1.0,19.0,Basic,Quarterly,748.0,2.0,Yes
192426.0,30.0,Male,16.0,12.0,6.0,9.0,Premium,Quarterly,609.0,26.0,Yes
236563.0,55.0,Male,26.0,8.0,2.0,11.0,Standard,Quarterly,665.5,12.0,Yes
219756.0,28.0,Female,23.0,9.0,8.0,10.0,Basic,Monthly,662.83,18.0,Yes
181235.0,52.0,Female,59.0,11.0,2.0,18.0,Standard,Annual,205.0,16.0,Yes
364610.0,49.0,Female,60.0,2.0,0.0,18.0,Premium,Quarterly,862.16,8.0,No
361144.0,49.0,Female,33.0,3.0,3.0,20.0,Premium,Annual,617.72,13.0,No
261002.0,47.0,Male,47.0,7.0,1.0,3.0,Standard,Annual,580.05,20.0,No
128028.0,21.0,Male,2.0,29.0,1.0,0.0,Standard,Annual,470.0,25.0,Yes
261206.0,34.0,Male,41.0,21.0,1.0,19.0,Premium,Annual,830.22,7.0,No
75756.0,61.0,Female,55.0,2.0,9.0,19.0,Standard,Annual,504.0,11.0,Yes
446314.0,32.0,Female,25.0,7.0,1.0,6.0,Premium,Annual,780.68,13.0,No
78124.0,36.0,Male,10.0,4.0,9.0,27.0,Premium,Quarterly,469.0,22.0,Yes
365110.0,23.0,Female,31.0,2.0,2.0,7.0,Basic,Quarterly,837.9,8.0,No
397582.0,25.0,Male,12.0,19.0,1.0,8.0,Premium,Annual,718.11,24.0,No
218526.0,57.0,Male,44.0,6.0,6.0,30.0,Standard,Annual,362.5,20.0,Yes
188957.0,53.0,Male,11.0,8.0,10.0,26.0,Premium,Annual,218.0,14.0,Yes
440938.0,32.0,Female,50.0,11.0,1.0,10.0,Premium,Quarterly,611.87,12.0,No
264683.0,27.0,Female,42.0,30.0,2.0,17.0,Premium,Annual,945.37,11.0,No
293838.0,25.0,Male,30.0,24.0,0.0,10.0,Basic,Annual,541.82,19.0,No
411025.0,42.0,Female,32.0,10.0,4.0,15.0,Standard,Annual,685.75,10.0,No
393552.0,45.0,Male,28.0,17.0,0.0,0.0,Basic,Quarterly,560.8,7.0,No
185244.0,42.0,Female,19.0,29.0,1.0,18.0,Premium,Quarterly,687.0,5.0,No
343908.0,46.0,Female,13.0,17.0,4.0,16.0,Premium,Quarterly,598.27,1.0,No
15332.0,55.0,Male,45.0,6.0,4.0,24.0,Basic,Monthly,364.0,16.0,Yes
368828.0,20.0,Female,20.0,22.0,1.0,10.0,Premium,Annual,914.03,14.0,No
332989.0,41.0,Male,8.0,24.0,4.0,20.0,Basic,Quarterly,631.11,26.0,No
8776.0,63.0,Male,1.0,4.0,7.0,15.0,Basic,Monthly,439.0,9.0,Yes
357317.0,49.0,Male,31.0,3.0,4.0,19.0,Standard,Annual,799.04,10.0,No
335148.0,38.0,Female,37.0,17.0,3.0,20.0,Standard,Annual,577.9,14.0,No
254068.0,65.0,Female,15.0,3.0,2.0,17.0,Basic,Quarterly,391.64,14.0,Yes
229579.0,24.0,Female,31.0,17.0,3.0,10.0,Basic,Quarterly,250.35,11.0,Yes
254026.0,44.0,Female,35.0,26.0,10.0,12.0,Premium,Quarterly,801.07,18.0,Yes
362820.0,38.0,Female,20.0,29.0,3.0,17.0,Basic,Quarterly,901.02,4.0,No
151743.0,53.0,Male,36.0,8.0,9.0,19.0,Basic,Quarterly,132.0,18.0,Yes
1452.0,64.0,Female,51.0,24.0,2.0,14.0,Standard,Quarterly,646.0,21.0,Yes
328098.0,49.0,Female,32.0,22.0,3.0,1.0,Basic,Annual,709.53,3.0,No
152668.0,27.0,Female,33.0,14.0,5.0,19.0,Standard,Monthly,115.0,18.0,Yes
299328.0,47.0,Male,14.0,17.0,2.0,8.0,Basic,Annual,992.14,21.0,No
95870.0,63.0,Female,41.0,17.0,9.0,30.0,Basic,Monthly,288.0,3.0,Yes
294527.0,43.0,Male,56.0,25.0,0.0,7.0,Standard,Quarterly,615.8,13.0,No
202353.0,43.0,Female,10.0,3.0,5.0,27.0,Basic,Monthly,925.0,21.0,Yes
134015.0,59.0,Female,48.0,19.0,2.0,14.0,Premium,Annual,439.0,3.0,Yes
306736.0,29.0,Male,26.0,4.0,1.0,11.0,Standard,Quarterly,611.79,26.0,No
8455.0,40.0,Female,12.0,21.0,8.0,12.0,Basic,Quarterly,591.0,9.0,Yes
76349.0,26.0,Female,49.0,13.0,2.0,10.0,Standard,Quarterly,141.0,28.0,Yes
241337.0,27.0,Female,31.0,9.0,7.0,7.0,Basic,Quarterly,842.06,19.0,Yes
381127.0,24.0,Male,58.0,30.0,2.0,3.0,Basic,Annual,851.62,7.0,No
102580.0,24.0,Male,15.0,17.0,9.0,0.0,Standard,Monthly,853.0,25.0,Yes
355283.0,24.0,Male,45.0,28.0,1.0,14.0,Premium,Annual,500.83,18.0,No
144499.0,41.0,Male,26.0,19.0,1.0,21.0,Standard,Quarterly,114.0,4.0,Yes
348110.0,46.0,Male,24.0,11.0,1.0,4.0,Standard,Quarterly,881.06,3.0,No
364211.0,42.0,Male,6.0,3.0,3.0,18.0,Basic,Quarterly,994.13,27.0,No
434179.0,30.0,Female,6.0,23.0,0.0,20.0,Standard,Quarterly,741.53,8.0,No
118068.0,31.0,Female,47.0,29.0,1.0,7.0,Basic,Monthly,448.0,7.0,Yes
419352.0,25.0,Male,2.0,30.0,1.0,12.0,Premium,Quarterly,991.41,8.0,No
85897.0,60.0,Male,25.0,13.0,1.0,4.0,Standard,Monthly,666.0,13.0,Yes
89502.0,49.0,Male,33.0,23.0,5.0,29.0,Standard,Annual,697.0,30.0,Yes
282789.0,20.0,Male,37.0,9.0,2.0,17.0,Premium,Annual,674.03,16.0,No
339511.0,24.0,Male,37.0,28.0,1.0,13.0,Standard,Quarterly,748.89,21.0,No
351988.0,29.0,Male,3.0,24.0,2.0,10.0,Standard,Annual,774.49,3.0,No
233174.0,56.0,Female,2.0,26.0,6.0,14.0,Premium,Annual,483.18,7.0,Yes
129802.0,65.0,Female,23.0,9.0,7.0,17.0,Basic,Quarterly,823.0,6.0,Yes
247796.0,58.0,Male,18.0,24.0,3.0,30.0,Premium,Annual,623.28,25.0,Yes
11323.0,43.0,Male,27.0,15.0,2.0,1.0,Premium,Annual,190.0,15.0,Yes
1475.0,48.0,Male,3.0,3.0,6.0,7.0,Standard,Annual,143.0,14.0,Yes
447417.0,48.0,Male,7.0,24.0,0.0,17.0,Premium,Quarterly,675.18,25.0,No
38249.0,24.0,Female,23.0,23.0,0.0,21.0,Premium,Annual,139.0,26.0,Yes
445971.0,38.0,Male,2.0,18.0,3.0,2.0,Standard,Quarterly,694.11,29.0,No
140709.0,56.0,Male,53.0,16.0,9.0,10.0,Premium,Quarterly,423.0,23.0,Yes
147370.0,49.0,Male,27.0,9.0,2.0,22.0,Basic,Quarterly,881.0,9.0,Yes
161742.0,41.0,Male,39.0,6.0,5.0,23.0,Premium,Quarterly,346.0,21.0,Yes
355404.0,43.0,Female,29.0,30.0,1.0,17.0,Premium,Quarterly,784.62,9.0,No
130159.0,23.0,Male,1.0,29.0,5.0,25.0,Standard,Monthly,111.0,10.0,Yes
219249.0,43.0,Female,39.0,1.0,0.0,19.0,Standard,Quarterly,884.8,29.0,Yes
349772.0,48.0,Male,55.0,21.0,2.0,10.0,Standard,Quarterly,954.28,6.0,No
18839.0,35.0,Female,49.0,21.0,8.0,6.0,Basic,Quarterly,636.0,6.0,Yes
272020.0,48.0,Female,30.0,11.0,4.0,5.0,Standard,Quarterly,936.9,8.0,No
336438.0,28.0,Female,10.0,18.0,2.0,1.0,Basic,Quarterly,863.76,4.0,No
61862.0,61.0,Female,7.0,1.0,4.0,19.0,Basic,Quarterly,825.0,27.0,Yes
356716.0,30.0,Male,14.0,12.0,2.0,17.0,Premium,Annual,848.55,2.0,No
124770.0,30.0,Male,16.0,8.0,2.0,18.0,Basic,Annual,261.0,9.0,Yes
194677.0,32.0,Male,56.0,12.0,3.0,5.0,Premium,Monthly,166.0,10.0,Yes
398146.0,19.0,Female,52.0,24.0,0.0,17.0,Standard,Annual,901.62,1.0,No
37151.0,37.0,Male,28.0,6.0,10.0,18.0,Basic,Annual,965.0,15.0,Yes
343846.0,23.0,Male,34.0,12.0,1.0,7.0,Basic,Quarterly,736.65,11.0,No
126523.0,28.0,Male,45.0,19.0,9.0,7.0,Basic,Monthly,744.0,4.0,Yes
82502.0,19.0,Male,31.0,8.0,2.0,22.0,Standard,Annual,776.0,13.0,Yes
244060.0,18.0,Male,60.0,6.0,0.0,19.0,Premium,Monthly,950.33,5.0,Yes
182941.0,36.0,Male,11.0,23.0,1.0,29.0,Basic,Quarterly,965.0,5.0,Yes
94538.0,33.0,Male,2.0,26.0,8.0,3.0,Standard,Monthly,601.0,9.0,Yes
414055.0,49.0,Female,27.0,18.0,3.0,17.0,Standard,Quarterly,983.65,9.0,No
144337.0,35.0,Female,17.0,16.0,0.0,29.0,Premium,Monthly,358.0,22.0,Yes
191119.0,28.0,Male,37.0,2.0,7.0,17.0,Premium,Quarterly,126.0,21.0,Yes
294278.0,49.0,Male,55.0,1.0,1.0,20.0,Premium,Annual,830.43,14.0,No
298736.0,49.0,Female,56.0,13.0,1.0,8.0,Premium,Quarterly,978.76,9.0,No
415916.0,32.0,Male,42.0,29.0,3.0,15.0,Basic,Quarterly,701.16,13.0,No
284042.0,38.0,Male,50.0,28.0,3.0,10.0,Basic,Quarterly,981.0,2.0,No
2183.0,26.0,Male,31.0,23.0,5.0,25.0,Standard,Monthly,118.0,5.0,Yes
96148.0,40.0,Female,8.0,5.0,4.0,12.0,Premium,Quarterly,419.0,3.0,Yes
41422.0,60.0,Female,9.0,1.0,0.0,11.0,Standard,Monthly,764.0,25.0,Yes
369067.0,37.0,Male,3.0,25.0,2.0,11.0,Standard,Quarterly,572.1,15.0,No
189774.0,62.0,Female,40.0,28.0,5.0,22.0,Basic,Annual,431.0,26.0,Yes
440816.0,49.0,Female,47.0,1.0,4.0,7.0,Premium,Annual,652.58,8.0,No
291528.0,50.0,Male,45.0,2.0,0.0,14.0,Standard,Quarterly,532.03,11.0,No
312108.0,34.0,Male,16.0,21.0,1.0,18.0,Standard,Annual,598.48,30.0,No
350403.0,19.0,Female,9.0,10.0,1.0,9.0,Standard,Annual,578.36,5.0,No
892.0,64.0,Female,2.0,28.0,7.0,28.0,Standard,Quarterly,321.0,6.0,Yes
137360.0,48.0,Female,37.0,2.0,5.0,29.0,Standard,Quarterly,363.0,5.0,Yes
23028.0,61.0,Male,27.0,11.0,2.0,26.0,Basic,Quarterly,566.0,27.0,Yes
97628.0,63.0,Female,31.0,26.0,5.0,25.0,Standard,Quarterly,471.0,28.0,Yes
335337.0,31.0,Female,41.0,5.0,2.0,17.0,Premium,Annual,999.77,15.0,No
150843.0,35.0,Male,16.0,25.0,5.0,6.0,Basic,Monthly,932.0,17.0,Yes
236810.0,40.0,Female,21.0,24.0,1.0,3.0,Basic,Monthly,172.43,8.0,Yes
266342.0,32.0,Male,56.0,1.0,1.0,11.0,Basic,Quarterly,507.86,15.0,No
200737.0,33.0,Female,34.0,27.0,1.0,22.0,Basic,Quarterly,645.0,3.0,Yes
145345.0,44.0,Male,11.0,8.0,8.0,24.0,Basic,Monthly,524.0,2.0,Yes
93696.0,21.0,Male,36.0,8.0,7.0,10.0,Standard,Quarterly,805.0,3.0,Yes
19593.0,20.0,Male,43.0,12.0,1.0,28.0,Premium,Quarterly,651.0,22.0,Yes
158687.0,24.0,Male,1.0,30.0,9.0,6.0,Basic,Quarterly,842.0,7.0,Yes
294342.0,45.0,Female,51.0,9.0,2.0,6.0,Basic,Quarterly,581.41,13.0,No
220872.0,36.0,Female,40.0,23.0,9.0,30.0,Basic,Quarterly,218.95,5.0,Yes
130513.0,43.0,Male,56.0,24.0,7.0,28.0,Premium,Quarterly,565.0,11.0,Yes
199087.0,32.0,Male,33.0,28.0,9.0,8.0,Basic,Annual,611.0,3.0,Yes
171735.0,24.0,Female,55.0,25.0,8.0,16.0,Standard,Monthly,412.0,30.0,Yes
74795.0,34.0,Male,5.0,12.0,3.0,10.0,Premium,Monthly,695.0,12.0,Yes
96589.0,24.0,Female,4.0,10.0,2.0,1.0,Standard,Quarterly,617.0,19.0,Yes
129836.0,22.0,Male,3.0,9.0,10.0,15.0,Basic,Quarterly,276.0,5.0,Yes
89433.0,55.0,Male,28.0,2.0,3.0,7.0,Standard,Quarterly,466.0,15.0,Yes
138309.0,55.0,Female,24.0,29.0,4.0,21.0,Basic,Annual,292.0,30.0,Yes
436003.0,47.0,Male,10.0,20.0,3.0,4.0,Premium,Annual,770.02,7.0,No
194464.0,54.0,Female,15.0,14.0,7.0,3.0,Premium,Monthly,809.0,6.0,Yes
336942.0,29.0,Female,46.0,26.0,0.0,3.0,Standard,Annual,543.83,13.0,No
156753.0,39.0,Male,9.0,22.0,2.0,3.0,Basic,Annual,888.0,10.0,No
54678.0,44.0,Male,8.0,29.0,4.0,0.0,Premium,Monthly,574.0,29.0,Yes
71861.0,40.0,Male,5.0,6.0,10.0,8.0,Premium,Annual,534.0,21.0,Yes
423095.0,44.0,Female,30.0,7.0,0.0,1.0,Basic,Annual,546.52,5.0,No
163439.0,33.0,Female,58.0,14.0,4.0,27.0,Basic,Annual,710.0,2.0,Yes
309254.0,50.0,Male,21.0,15.0,3.0,8.0,Basic,Quarterly,821.42,15.0,No
48216.0,19.0,Female,39.0,12.0,3.0,26.0,Standard,Annual,668.0,22.0,Yes
168397.0,23.0,Male,11.0,3.0,8.0,29.0,Premium,Monthly,336.0,15.0,Yes
346246.0,25.0,Female,39.0,18.0,1.0,2.0,Basic,Quarterly,839.09,7.0,No
223185.0,61.0,Male,32.0,22.0,9.0,14.0,Basic,Monthly,631.2,30.0,Yes
203484.0,31.0,Female,47.0,13.0,2.0,19.0,Standard,Monthly,574.0,15.0,Yes
3880.0,63.0,Male,48.0,7.0,7.0,30.0,Premium,Annual,805.0,7.0,Yes
308442.0,48.0,Male,55.0,9.0,4.0,8.0,Premium,Annual,656.3,22.0,No
440471.0,46.0,Male,10.0,2.0,3.0,20.0,Standard,Quarterly,879.29,15.0,No
10144.0,23.0,Male,27.0,14.0,1.0,6.0,Basic,Annual,905.0,13.0,No
306168.0,41.0,Male,60.0,24.0,2.0,0.0,Basic,Annual,626.54,29.0,No
175453.0,64.0,Female,46.0,9.0,9.0,25.0,Basic,Monthly,263.0,9.0,Yes
409601.0,42.0,Male,14.0,16.0,0.0,8.0,Basic,Quarterly,645.96,29.0,No
113696.0,51.0,Female,20.0,2.0,10.0,10.0,Premium,Monthly,707.0,14.0,Yes
277942.0,33.0,Female,46.0,29.0,0.0,11.0,Basic,Quarterly,606.54,9.0,No
355527.0,26.0,Female,24.0,12.0,0.0,0.0,Standard,Annual,861.65,12.0,No
31845.0,64.0,Female,59.0,29.0,6.0,8.0,Basic,Quarterly,780.0,22.0,Yes
200126.0,52.0,Male,50.0,16.0,9.0,8.0,Premium,Quarterly,216.0,17.0,Yes
447047.0,44.0,Female,49.0,3.0,2.0,8.0,Premium,Quarterly,746.96,4.0,No
391720.0,24.0,Male,57.0,21.0,0.0,20.0,Premium,Quarterly,907.31,2.0,No
203399.0,23.0,Male,43.0,9.0,8.0,15.0,Standard,Monthly,617.0,27.0,Yes
293736.0,43.0,Male,3.0,9.0,3.0,17.0,Standard,Annual,618.32,20.0,No
363931.0,19.0,Male,47.0,5.0,1.0,18.0,Standard,Quarterly,874.06,9.0,No
348092.0,31.0,Female,31.0,25.0,3.0,20.0,Basic,Quarterly,615.68,1.0,No
238023.0,65.0,Male,27.0,15.0,9.0,2.0,Standard,Annual,157.75,20.0,Yes
177922.0,52.0,Male,45.0,6.0,1.0,22.0,Standard,Annual,842.0,8.0,Yes
125505.0,53.0,Female,9.0,27.0,5.0,14.0,Standard,Monthly,764.0,21.0,Yes
146797.0,42.0,Male,11.0,21.0,2.0,17.0,Standard,Monthly,646.0,10.0,Yes
194840.0,58.0,Male,25.0,21.0,7.0,22.0,Premium,Annual,512.0,2.0,Yes
276087.0,42.0,Female,54.0,11.0,2.0,4.0,Basic,Annual,576.25,14.0,No
389519.0,36.0,Female,11.0,20.0,1.0,4.0,Basic,Quarterly,678.24,7.0,No
22744.0,43.0,Female,43.0,13.0,3.0,13.0,Standard,Quarterly,528.0,27.0,Yes
10881.0,50.0,Male,49.0,27.0,0.0,28.0,Basic,Monthly,490.0,18.0,Yes
137396.0,25.0,Female,11.0,30.0,0.0,15.0,Premium,Monthly,689.0,23.0,Yes
34222.0,32.0,Female,35.0,1.0,9.0,4.0,Standard,Monthly,458.0,10.0,Yes
127212.0,41.0,Male,5.0,1.0,10.0,10.0,Standard,Quarterly,374.0,2.0,Yes
188036.0,29.0,Female,32.0,28.0,6.0,23.0,Premium,Quarterly,269.0,19.0,Yes
328514.0,41.0,Male,12.0,16.0,3.0,18.0,Standard,Annual,672.44,11.0,No
307030.0,22.0,Female,22.0,21.0,2.0,7.0,Premium,Quarterly,687.74,5.0,No
445210.0,49.0,Female,14.0,29.0,0.0,3.0,Basic,Quarterly,550.17,12.0,No
432703.0,29.0,Male,51.0,26.0,2.0,12.0,Premium,Annual,512.52,9.0,No
359020.0,42.0,Male,47.0,4.0,0.0,11.0,Basic,Quarterly,638.14,14.0,No
30733.0,60.0,Male,26.0,12.0,6.0,0.0,Standard,Monthly,974.0,6.0,Yes
301470.0,43.0,Male,45.0,7.0,3.0,10.0,Basic,Quarterly,819.5,16.0,No
312545.0,50.0,Male,40.0,22.0,1.0,5.0,Standard,Quarterly,503.01,27.0,No
418674.0,24.0,Male,2.0,6.0,2.0,15.0,Premium,Annual,996.06,8.0,No
28992.0,46.0,Male,53.0,1.0,6.0,12.0,Basic,Quarterly,863.0,27.0,Yes
406095.0,49.0,Male,27.0,13.0,0.0,4.0,Standard,Quarterly,927.29,1.0,No
140629.0,48.0,Male,26.0,23.0,4.0,16.0,Basic,Quarterly,168.0,30.0,Yes
254102.0,26.0,Male,9.0,5.0,9.0,24.0,Basic,Monthly,843.22,15.0,Yes
395475.0,33.0,Male,13.0,14.0,3.0,16.0,Standard,Annual,782.93,29.0,No
341709.0,46.0,Male,19.0,10.0,1.0,5.0,Standard,Annual,562.83,24.0,No
113860.0,53.0,Male,51.0,16.0,4.0,12.0,Basic,Monthly,833.0,18.0,Yes
223704.0,34.0,Male,6.0,19.0,10.0,11.0,Standard,Monthly,347.73,8.0,Yes
172975.0,61.0,Male,36.0,4.0,1.0,0.0,Basic,Annual,797.0,17.0,Yes
355494.0,21.0,Female,11.0,20.0,0.0,17.0,Basic,Annual,945.18,14.0,No
159807.0,55.0,Female,1.0,11.0,2.0,15.0,Premium,Quarterly,680.0,29.0,Yes
363317.0,38.0,Female,42.0,12.0,0.0,6.0,Standard,Quarterly,739.22,14.0,No
445006.0,20.0,Male,47.0,21.0,2.0,18.0,Basic,Annual,858.17,1.0,No
2323.0,34.0,Female,4.0,17.0,1.0,25.0,Premium,Quarterly,725.0,1.0,Yes
9063.0,33.0,Female,52.0,13.0,6.0,14.0,Basic,Monthly,975.0,28.0,Yes
22712.0,62.0,Female,23.0,11.0,4.0,5.0,Standard,Monthly,587.0,13.0,Yes
435407.0,30.0,Male,14.0,24.0,3.0,20.0,Basic,Annual,554.39,3.0,No
277711.0,35.0,Female,56.0,20.0,1.0,9.0,Standard,Quarterly,631.05,5.0,No
339719.0,19.0,Male,59.0,22.0,1.0,18.0,Basic,Quarterly,830.33,9.0,No
8215.0,36.0,Male,12.0,1.0,7.0,8.0,Basic,Quarterly,944.0,28.0,Yes
81727.0,43.0,Female,30.0,4.0,5.0,10.0,Standard,Annual,635.0,30.0,Yes
79209.0,61.0,Female,50.0,1.0,3.0,15.0,Standard,Monthly,428.0,23.0,Yes
420237.0,39.0,Male,19.0,29.0,2.0,1.0,Standard,Annual,615.49,27.0,No
228548.0,29.0,Female,58.0,24.0,4.0,23.0,Premium,Annual,673.01,26.0,Yes
117502.0,27.0,Male,7.0,17.0,6.0,13.0,Standard,Monthly,930.0,9.0,Yes
281726.0,50.0,Male,44.0,24.0,0.0,15.0,Standard,Quarterly,657.05,5.0,No
177435.0,40.0,Female,56.0,25.0,8.0,1.0,Basic,Quarterly,929.0,9.0,Yes
300832.0,23.0,Female,16.0,26.0,0.0,17.0,Premium,Annual,914.76,12.0,No
166060.0,60.0,Female,53.0,12.0,8.0,5.0,Standard,Annual,794.0,12.0,Yes
346018.0,30.0,Male,41.0,2.0,1.0,1.0,Premium,Quarterly,940.14,12.0,No
25044.0,37.0,Male,53.0,14.0,4.0,26.0,Standard,Quarterly,105.0,27.0,Yes
117289.0,33.0,Female,36.0,14.0,5.0,3.0,Premium,Annual,758.0,16.0,Yes
47285.0,26.0,Female,50.0,22.0,3.0,22.0,Premium,Annual,454.0,10.0,Yes
266338.0,29.0,Male,52.0,24.0,0.0,11.0,Premium,Quarterly,708.58,15.0,No
324300.0,41.0,Male,24.0,12.0,0.0,19.0,Basic,Annual,574.6,25.0,No
343509.0,21.0,Male,9.0,28.0,0.0,2.0,Basic,Quarterly,611.13,17.0,No
87594.0,46.0,Male,43.0,2.0,6.0,17.0,Basic,Quarterly,998.0,18.0,Yes
390694.0,43.0,Male,53.0,29.0,1.0,20.0,Standard,Quarterly,772.26,25.0,No
60483.0,61.0,Male,16.0,14.0,4.0,11.0,Premium,Quarterly,440.0,23.0,Yes
356474.0,46.0,Female,57.0,14.0,1.0,2.0,Basic,Quarterly,959.16,12.0,No
23198.0,41.0,Female,2.0,14.0,3.0,23.0,Standard,Quarterly,175.0,14.0,Yes
118596.0,43.0,Male,32.0,4.0,6.0,7.0,Premium,Monthly,402.0,16.0,Yes
24231.0,49.0,Female,39.0,4.0,3.0,15.0,Standard,Monthly,843.0,7.0,Yes
389308.0,43.0,Male,51.0,4.0,0.0,0.0,Basic,Annual,758.38,25.0,No
270250.0,37.0,Female,28.0,1.0,3.0,15.0,Basic,Annual,873.78,14.0,No
240019.0,65.0,Male,39.0,4.0,6.0,30.0,Premium,Quarterly,287.18,4.0,Yes
267964.0,28.0,Female,45.0,16.0,2.0,4.0,Premium,Annual,917.08,7.0,No
207812.0,65.0,Female,46.0,1.0,0.0,29.0,Standard,Quarterly,238.98,12.0,Yes
192723.0,24.0,Female,19.0,21.0,9.0,6.0,Premium,Monthly,791.0,6.0,Yes
346135.0,41.0,Male,42.0,13.0,1.0,13.0,Premium,Annual,785.65,9.0,No
126357.0,56.0,Male,18.0,2.0,10.0,16.0,Premium,Quarterly,837.0,17.0,Yes
338311.0,34.0,Female,36.0,26.0,0.0,19.0,Premium,Quarterly,523.75,4.0,No
104483.0,37.0,Male,19.0,4.0,6.0,19.0,Premium,Annual,637.0,26.0,Yes
401803.0,41.0,Male,46.0,21.0,2.0,2.0,Standard,Annual,825.29,28.0,No
50685.0,58.0,Female,40.0,26.0,5.0,16.0,Standard,Monthly,996.0,8.0,Yes
18256.0,56.0,Male,40.0,25.0,8.0,22.0,Premium,Annual,200.0,12.0,Yes
103188.0,51.0,Female,7.0,7.0,6.0,17.0,Basic,Annual,375.0,21.0,Yes
248477.0,41.0,Male,11.0,29.0,5.0,10.0,Premium,Monthly,399.0,28.0,Yes
396055.0,45.0,Male,46.0,22.0,3.0,20.0,Standard,Quarterly,934.49,27.0,No
223053.0,52.0,Female,56.0,3.0,5.0,3.0,Premium,Monthly,505.95,25.0,Yes
328477.0,40.0,Male,29.0,28.0,2.0,12.0,Basic,Annual,613.04,17.0,No
296583.0,47.0,Male,36.0,30.0,3.0,3.0,Basic,Annual,739.67,25.0,No
100888.0,63.0,Male,12.0,25.0,9.0,17.0,Premium,Annual,304.0,7.0,Yes
73139.0,30.0,Male,29.0,29.0,2.0,17.0,Basic,Quarterly,264.0,18.0,Yes
436562.0,28.0,Female,3.0,24.0,0.0,18.0,Standard,Annual,903.04,6.0,No
352164.0,47.0,Male,52.0,6.0,4.0,5.0,Standard,Quarterly,795.12,16.0,No
330860.0,42.0,Male,48.0,19.0,3.0,1.0,Basic,Quarterly,626.39,29.0,No
25575.0,62.0,Male,27.0,30.0,10.0,20.0,Standard,Monthly,624.0,19.0,Yes
177337.0,51.0,Male,12.0,2.0,8.0,24.0,Standard,Quarterly,758.0,13.0,Yes
441491.0,42.0,Male,53.0,6.0,4.0,3.0,Premium,Quarterly,544.85,4.0,No
445114.0,20.0,Male,47.0,7.0,0.0,12.0,Basic,Annual,969.23,25.0,No
203743.0,56.0,Female,32.0,5.0,5.0,14.0,Premium,Annual,703.0,24.0,Yes
15739.0,38.0,Male,42.0,17.0,3.0,29.0,Standard,Monthly,383.0,5.0,Yes
105367.0,58.0,Female,20.0,14.0,1.0,23.0,Basic,Annual,774.0,1.0,Yes
89747.0,57.0,Male,22.0,2.0,6.0,16.0,Standard,Annual,609.0,7.0,Yes
152364.0,25.0,Male,16.0,12.0,3.0,12.0,Basic,Monthly,329.0,24.0,Yes
151621.0,25.0,Female,4.0,19.0,6.0,3.0,Premium,Monthly,396.0,24.0,Yes
3609.0,27.0,Female,39.0,6.0,9.0,3.0,Premium,Monthly,938.0,7.0,Yes
230312.0,41.0,Female,33.0,7.0,2.0,17.0,Standard,Monthly,336.5,25.0,Yes
333708.0,37.0,Male,17.0,15.0,2.0,0.0,Basic,Annual,768.96,26.0,No
171913.0,62.0,Female,39.0,11.0,4.0,6.0,Basic,Monthly,333.0,1.0,Yes
396383.0,43.0,Female,8.0,25.0,3.0,12.0,Basic,Quarterly,831.98,8.0,No
303065.0,44.0,Male,24.0,14.0,1.0,20.0,Standard,Quarterly,706.11,2.0,No
418697.0,32.0,Female,48.0,17.0,1.0,7.0,Basic,Annual,808.75,14.0,No
191271.0,57.0,Female,13.0,4.0,7.0,27.0,Premium,Monthly,118.0,11.0,Yes
145168.0,21.0,Female,29.0,21.0,10.0,28.0,Standard,Quarterly,938.0,5.0,Yes
13818.0,48.0,Female,48.0,10.0,0.0,13.0,Standard,Monthly,164.0,12.0,Yes
134491.0,58.0,Male,26.0,4.0,2.0,9.0,Basic,Monthly,138.0,25.0,Yes
115397.0,32.0,Female,47.0,1.0,7.0,26.0,Basic,Annual,783.0,8.0,Yes
71964.0,63.0,Female,23.0,14.0,1.0,22.0,Basic,Monthly,811.0,24.0,Yes
435227.0,25.0,Male,20.0,26.0,0.0,0.0,Basic,Annual,996.24,30.0,No
236586.0,63.0,Male,18.0,8.0,2.0,4.0,Premium,Annual,482.88,10.0,Yes
20762.0,43.0,Female,51.0,16.0,5.0,14.0,Standard,Annual,731.0,12.0,Yes
389311.0,20.0,Female,21.0,21.0,0.0,6.0,Standard,Annual,874.06,10.0,No
432401.0,45.0,Female,11.0,21.0,2.0,13.0,Basic,Annual,719.47,5.0,No
341432.0,45.0,Female,29.0,7.0,1.0,17.0,Standard,Annual,882.09,2.0,No
265177.0,24.0,Female,60.0,14.0,2.0,1.0,Standard,Annual,702.0,3.0,No
95862.0,33.0,Male,3.0,4.0,5.0,23.0,Basic,Monthly,509.0,17.0,Yes
320611.0,47.0,Male,54.0,26.0,1.0,13.0,Premium,Annual,559.65,24.0,No
172265.0,42.0,Female,6.0,9.0,8.0,3.0,Standard,Monthly,395.0,30.0,Yes
200639.0,46.0,Female,12.0,2.0,2.0,9.0,Premium,Quarterly,135.0,27.0,Yes
265384.0,41.0,Female,33.0,6.0,3.0,4.0,Standard,Quarterly,720.68,3.0,No
207878.0,20.0,Male,40.0,27.0,8.0,16.0,Standard,Quarterly,302.26,1.0,Yes
424756.0,18.0,Male,58.0,2.0,0.0,18.0,Standard,Quarterly,955.17,30.0,No
122580.0,18.0,Female,24.0,21.0,5.0,9.0,Standard,Quarterly,203.0,27.0,Yes
188425.0,40.0,Male,2.0,4.0,8.0,23.0,Standard,Monthly,388.0,13.0,Yes
282228.0,23.0,Male,20.0,29.0,2.0,1.0,Basic,Quarterly,619.55,19.0,No
375479.0,39.0,Female,17.0,17.0,2.0,18.0,Basic,Annual,812.16,6.0,No
78742.0,36.0,Male,13.0,1.0,4.0,14.0,Premium,Monthly,601.0,29.0,Yes
312434.0,41.0,Female,55.0,3.0,0.0,12.0,Standard,Quarterly,540.19,5.0,No
270419.0,19.0,Male,56.0,13.0,1.0,4.0,Basic,Quarterly,739.36,30.0,No
285282.0,19.0,Male,52.0,21.0,0.0,15.0,Basic,Quarterly,710.38,18.0,No
102583.0,33.0,Female,56.0,26.0,7.0,29.0,Basic,Monthly,933.0,25.0,Yes
9705.0,26.0,Female,38.0,18.0,8.0,1.0,Basic,Quarterly,899.0,14.0,Yes
387393.0,26.0,Male,31.0,13.0,0.0,5.0,Standard,Quarterly,665.25,25.0,No
135018.0,45.0,Female,11.0,27.0,9.0,26.0,Premium,Quarterly,123.0,16.0,Yes
236658.0,46.0,Male,47.0,25.0,6.0,29.0,Standard,Annual,767.91,23.0,Yes
440358.0,23.0,Male,34.0,18.0,1.0,1.0,Premium,Annual,589.77,18.0,No
433967.0,50.0,Male,58.0,12.0,2.0,4.0,Standard,Annual,633.33,13.0,No
433038.0,29.0,Male,43.0,25.0,0.0,16.0,Premium,Annual,568.55,18.0,No
374380.0,32.0,Male,30.0,6.0,3.0,13.0,Standard,Quarterly,915.69,17.0,No
316898.0,43.0,Male,56.0,20.0,2.0,4.0,Standard,Annual,735.99,6.0,No
7450.0,32.0,Female,23.0,22.0,10.0,19.0,Standard,Monthly,645.0,9.0,Yes
227098.0,44.0,Female,39.0,19.0,7.0,25.0,Premium,Quarterly,739.63,30.0,Yes
387414.0,40.0,Female,49.0,16.0,3.0,15.0,Premium,Quarterly,880.03,6.0,No
441239.0,39.0,Male,57.0,14.0,2.0,8.0,Premium,Quarterly,880.17,20.0,No
327474.0,42.0,Male,11.0,2.0,4.0,18.0,Premium,Quarterly,792.59,26.0,No
352527.0,21.0,Male,3.0,20.0,1.0,10.0,Premium,Quarterly,704.72,16.0,No
98541.0,45.0,Male,27.0,16.0,0.0,26.0,Premium,Annual,260.0,14.0,Yes
396134.0,36.0,Male,12.0,13.0,3.0,20.0,Standard,Annual,659.3,4.0,No
83359.0,21.0,Male,30.0,14.0,5.0,25.0,Basic,Monthly,278.0,17.0,Yes
106166.0,28.0,Female,6.0,18.0,3.0,19.0,Standard,Annual,193.0,3.0,Yes
138766.0,28.0,Female,45.0,11.0,8.0,8.0,Premium,Quarterly,549.0,7.0,Yes
279502.0,41.0,Male,15.0,21.0,1.0,14.0,Standard,Quarterly,948.31,28.0,No
48062.0,40.0,Female,58.0,13.0,7.0,5.0,Premium,Annual,200.0,8.0,Yes
446501.0,42.0,Male,36.0,27.0,0.0,19.0,Standard,Annual,564.47,5.0,No
168524.0,61.0,Male,47.0,25.0,0.0,3.0,Basic,Monthly,963.0,5.0,Yes
160012.0,63.0,Female,39.0,20.0,6.0,4.0,Standard,Monthly,998.0,22.0,Yes
111917.0,20.0,Female,36.0,21.0,5.0,18.0,Standard,Annual,889.0,10.0,Yes
248193.0,51.0,Female,7.0,10.0,3.0,10.0,Standard,Quarterly,342.88,21.0,Yes
49037.0,48.0,Male,36.0,9.0,3.0,14.0,Basic,Monthly,803.0,2.0,Yes
425087.0,29.0,Male,33.0,8.0,2.0,5.0,Premium,Annual,601.36,9.0,No
160076.0,59.0,Male,42.0,14.0,10.0,14.0,Premium,Annual,359.0,21.0,Yes
447204.0,28.0,Male,10.0,9.0,1.0,3.0,Basic,Annual,824.69,1.0,No
108311.0,21.0,Female,60.0,2.0,3.0,22.0,Premium,Monthly,618.0,7.0,Yes
25037.0,35.0,Male,33.0,7.0,4.0,18.0,Basic,Monthly,156.0,21.0,Yes
308773.0,44.0,Male,3.0,19.0,2.0,3.0,Standard,Annual,536.44,23.0,No
445914.0,46.0,Male,8.0,24.0,2.0,4.0,Standard,Annual,627.36,26.0,No
103862.0,20.0,Male,16.0,19.0,8.0,26.0,Standard,Monthly,981.0,13.0,Yes
405640.0,40.0,Female,27.0,19.0,3.0,4.0,Premium,Annual,652.09,12.0,No
171810.0,37.0,Male,15.0,26.0,5.0,7.0,Premium,Monthly,889.0,8.0,Yes
317930.0,27.0,Female,7.0,2.0,0.0,13.0,Premium,Quarterly,871.58,4.0,No
88395.0,51.0,Female,18.0,30.0,10.0,10.0,Basic,Quarterly,809.0,14.0,Yes
196060.0,61.0,Female,23.0,24.0,5.0,5.0,Premium,Quarterly,939.0,16.0,Yes
241866.0,47.0,Female,50.0,17.0,9.0,13.0,Basic,Annual,549.53,16.0,Yes
7304.0,54.0,Female,42.0,15.0,6.0,20.0,Premium,Quarterly,175.0,30.0,Yes
204796.0,31.0,Male,9.0,21.0,5.0,2.0,Standard,Quarterly,612.37,3.0,Yes
234429.0,33.0,Female,1.0,19.0,6.0,13.0,Basic,Annual,512.69,2.0,Yes
294437.0,45.0,Male,32.0,16.0,0.0,11.0,Basic,Annual,686.55,14.0,No
87073.0,33.0,Female,55.0,7.0,9.0,20.0,Basic,Quarterly,128.0,14.0,Yes
370732.0,39.0,Female,11.0,10.0,1.0,6.0,Premium,Annual,913.83,6.0,No
364716.0,46.0,Male,44.0,19.0,0.0,2.0,Standard,Annual,829.16,6.0,No
231737.0,55.0,Female,5.0,22.0,8.0,22.0,Premium,Annual,716.98,15.0,Yes
81550.0,60.0,Female,57.0,27.0,2.0,16.0,Premium,Quarterly,293.0,11.0,Yes
152416.0,39.0,Female,48.0,3.0,5.0,14.0,Premium,Monthly,480.0,2.0,Yes
229868.0,20.0,Female,25.0,23.0,9.0,3.0,Basic,Quarterly,337.32,11.0,Yes
162698.0,61.0,Female,38.0,23.0,8.0,14.0,Premium,Annual,811.0,14.0,Yes
353583.0,50.0,Male,54.0,20.0,2.0,2.0,Basic,Quarterly,610.34,10.0,No
86215.0,57.0,Female,7.0,25.0,10.0,22.0,Standard,Annual,666.0,18.0,Yes
4299.0,22.0,Female,9.0,14.0,2.0,19.0,Basic,Annual,723.0,26.0,Yes
300860.0,31.0,Male,6.0,21.0,3.0,16.0,Premium,Quarterly,810.23,2.0,No
78190.0,42.0,Female,49.0,29.0,4.0,19.0,Premium,Monthly,870.0,15.0,Yes
344094.0,45.0,Female,3.0,14.0,1.0,14.0,Premium,Quarterly,997.77,3.0,No
92175.0,64.0,Female,18.0,24.0,0.0,2.0,Basic,Annual,553.0,2.0,Yes
231665.0,61.0,Female,49.0,24.0,10.0,28.0,Premium,Annual,418.34,15.0,Yes
160263.0,20.0,Male,14.0,27.0,9.0,28.0,Basic,Quarterly,231.0,27.0,Yes
48904.0,54.0,Male,36.0,25.0,1.0,8.0,Standard,Quarterly,344.0,26.0,Yes
34758.0,32.0,Female,19.0,22.0,1.0,15.0,Basic,Annual,478.0,12.0,Yes
182818.0,42.0,Female,13.0,26.0,3.0,11.0,Standard,Monthly,858.0,4.0,Yes
379339.0,33.0,Female,12.0,27.0,3.0,5.0,Standard,Annual,826.5,2.0,No
304033.0,33.0,Male,25.0,20.0,1.0,12.0,Standard,Quarterly,854.18,9.0,No
179639.0,19.0,Male,21.0,14.0,3.0,2.0,Standard,Quarterly,627.0,20.0,Yes
27423.0,37.0,Male,8.0,9.0,9.0,2.0,Standard,Quarterly,811.0,29.0,Yes
399629.0,37.0,Female,26.0,13.0,3.0,1.0,Standard,Annual,803.1,1.0,No
316040.0,40.0,Female,60.0,26.0,1.0,9.0,Basic,Annual,846.09,13.0,No
192835.0,61.0,Male,14.0,29.0,9.0,29.0,Premium,Monthly,487.0,19.0,Yes
121261.0,48.0,Female,38.0,23.0,2.0,20.0,Standard,Monthly,247.0,5.0,Yes
265202.0,24.0,Male,58.0,11.0,1.0,18.0,Standard,Quarterly,904.51,24.0,No
62018.0,35.0,Female,21.0,19.0,2.0,10.0,Standard,Monthly,478.0,24.0,Yes
225485.0,19.0,Female,22.0,3.0,3.0,18.0,Basic,Monthly,349.72,28.0,Yes
344921.0,50.0,Female,43.0,6.0,0.0,14.0,Premium,Quarterly,626.25,8.0,No
418015.0,26.0,Female,36.0,10.0,1.0,13.0,Standard,Quarterly,581.84,2.0,No
236461.0,56.0,Male,22.0,15.0,8.0,2.0,Standard,Annual,307.37,3.0,Yes
442157.0,48.0,Male,30.0,19.0,0.0,15.0,Standard,Annual,708.53,24.0,No
276619.0,31.0,Male,30.0,30.0,0.0,1.0,Standard,Annual,849.99,9.0,No
224691.0,19.0,Male,31.0,21.0,3.0,19.0,Standard,Quarterly,957.48,7.0,Yes
313196.0,48.0,Male,34.0,15.0,4.0,13.0,Premium,Annual,510.8,10.0,No
262639.0,28.0,Male,35.0,28.0,0.0,1.0,Standard,Annual,914.25,24.0,No
194591.0,51.0,Male,33.0,2.0,3.0,14.0,Standard,Monthly,142.0,16.0,Yes
345028.0,43.0,Male,1.0,14.0,1.0,12.0,Premium,Quarterly,567.4,2.0,No
114350.0,34.0,Male,51.0,5.0,5.0,11.0,Standard,Quarterly,351.0,11.0,Yes
114768.0,36.0,Female,18.0,21.0,0.0,13.0,Premium,Monthly,516.0,11.0,Yes
287372.0,20.0,Male,56.0,17.0,0.0,8.0,Standard,Quarterly,706.34,9.0,No
292693.0,38.0,Male,60.0,30.0,3.0,8.0,Premium,Annual,967.4,19.0,No
440692.0,34.0,Male,5.0,10.0,0.0,9.0,Premium,Quarterly,618.46,15.0,No
80216.0,60.0,Female,36.0,15.0,6.0,3.0,Basic,Annual,849.0,22.0,Yes
172108.0,28.0,Male,10.0,28.0,0.0,5.0,Premium,Annual,605.0,6.0,No
208605.0,45.0,Male,38.0,11.0,6.0,10.0,Premium,Monthly,165.0,23.0,Yes
156484.0,46.0,Female,45.0,24.0,4.0,10.0,Basic,Annual,807.0,5.0,No
338251.0,43.0,Female,55.0,12.0,0.0,16.0,Standard,Annual,775.59,6.0,No
81844.0,28.0,Female,2.0,19.0,0.0,17.0,Basic,Quarterly,943.0,23.0,Yes
208664.0,55.0,Male,57.0,22.0,4.0,7.0,Standard,Monthly,232.55,6.0,Yes
300750.0,41.0,Male,38.0,7.0,1.0,11.0,Premium,Quarterly,767.49,1.0,No
261386.0,35.0,Male,33.0,25.0,2.0,4.0,Premium,Annual,689.09,16.0,No
436228.0,31.0,Male,5.0,8.0,3.0,7.0,Standard,Annual,964.76,10.0,No
47870.0,41.0,Female,16.0,27.0,9.0,27.0,Basic,Monthly,114.0,29.0,Yes
424173.0,22.0,Male,47.0,25.0,0.0,12.0,Premium,Quarterly,741.93,1.0,No
307834.0,24.0,Male,15.0,25.0,2.0,18.0,Standard,Quarterly,514.47,8.0,No
72790.0,47.0,Female,4.0,23.0,0.0,14.0,Basic,Monthly,901.0,19.0,Yes
153027.0,54.0,Female,27.0,5.0,5.0,23.0,Standard,Quarterly,540.0,7.0,Yes
212715.0,32.0,Male,39.0,17.0,6.0,25.0,Premium,Monthly,788.52,8.0,Yes
333641.0,42.0,Male,38.0,10.0,4.0,14.0,Basic,Annual,516.62,23.0,No
51266.0,20.0,Male,16.0,3.0,3.0,15.0,Premium,Quarterly,814.0,1.0,Yes
360336.0,35.0,Female,45.0,8.0,1.0,9.0,Premium,Quarterly,871.91,3.0,No
274304.0,40.0,Male,24.0,19.0,0.0,9.0,Premium,Annual,540.3,2.0,No
124525.0,33.0,Female,15.0,8.0,10.0,18.0,Basic,Monthly,689.0,5.0,Yes
444427.0,49.0,Female,39.0,11.0,3.0,11.0,Basic,Quarterly,924.87,3.0,No
280876.0,21.0,Male,18.0,25.0,2.0,1.0,Basic,Quarterly,968.46,8.0,No
323214.0,46.0,Male,9.0,20.0,2.0,4.0,Standard,Annual,533.11,15.0,No
14694.0,26.0,Male,10.0,16.0,6.0,6.0,Standard,Monthly,445.0,3.0,Yes
343429.0,41.0,Female,56.0,20.0,4.0,16.0,Premium,Quarterly,680.46,14.0,No
367085.0,39.0,Male,27.0,15.0,1.0,3.0,Premium,Quarterly,831.97,26.0,No
7556.0,32.0,Female,25.0,20.0,9.0,0.0,Standard,Quarterly,936.0,18.0,Yes
329047.0,42.0,Male,53.0,12.0,2.0,11.0,Premium,Quarterly,708.52,10.0,No
384857.0,34.0,Female,19.0,13.0,3.0,2.0,Basic,Quarterly,688.61,4.0,No
367653.0,46.0,Male,17.0,28.0,2.0,9.0,Standard,Annual,503.97,11.0,No
237046.0,27.0,Male,26.0,14.0,9.0,8.0,Premium,Annual,692.98,26.0,Yes
372774.0,26.0,Male,19.0,21.0,0.0,16.0,Basic,Quarterly,519.49,22.0,No
85378.0,24.0,Male,34.0,6.0,6.0,28.0,Premium,Monthly,312.0,2.0,Yes
443755.0,40.0,Male,45.0,10.0,3.0,3.0,Premium,Annual,690.2,18.0,No
203243.0,53.0,Male,18.0,25.0,8.0,12.0,Basic,Quarterly,934.0,19.0,Yes
146919.0,27.0,Male,25.0,22.0,8.0,7.0,Standard,Annual,155.0,11.0,Yes
251763.0,48.0,Male,56.0,23.0,2.0,6.0,Standard,Monthly,891.43,21.0,Yes
2922.0,64.0,Female,60.0,10.0,8.0,3.0,Standard,Quarterly,263.0,6.0,Yes
433130.0,33.0,Male,46.0,30.0,1.0,4.0,Premium,Quarterly,703.67,16.0,No
324348.0,49.0,Female,54.0,12.0,2.0,0.0,Basic,Quarterly,808.83,6.0,No
24486.0,48.0,Female,56.0,17.0,6.0,23.0,Premium,Quarterly,449.0,15.0,Yes
206885.0,61.0,Female,20.0,23.0,8.0,22.0,Premium,Monthly,952.56,25.0,Yes
289142.0,47.0,Female,35.0,3.0,1.0,15.0,Basic,Annual,633.85,8.0,No
366080.0,37.0,Male,30.0,14.0,0.0,18.0,Standard,Quarterly,893.2,23.0,No
432362.0,32.0,Male,9.0,27.0,1.0,20.0,Premium,Quarterly,901.91,9.0,No
228247.0,33.0,Female,34.0,6.0,9.0,25.0,Standard,Annual,433.76,7.0,Yes
355104.0,31.0,Male,41.0,2.0,0.0,1.0,Basic,Annual,566.2,8.0,No
389686.0,41.0,Male,40.0,23.0,3.0,11.0,Premium,Quarterly,679.0,11.0,No
236724.0,56.0,Male,52.0,26.0,1.0,23.0,Basic,Monthly,568.0,19.0,Yes
89761.0,21.0,Female,23.0,15.0,7.0,11.0,Standard,Monthly,445.0,1.0,Yes
185497.0,59.0,Female,19.0,28.0,0.0,24.0,Standard,Monthly,106.0,23.0,Yes
351463.0,48.0,Male,36.0,18.0,3.0,11.0,Basic,Quarterly,603.09,8.0,No
438690.0,43.0,Female,41.0,4.0,4.0,7.0,Basic,Annual,814.51,15.0,No
58065.0,28.0,Male,33.0,21.0,7.0,28.0,Premium,Quarterly,208.0,5.0,Yes
406166.0,41.0,Male,6.0,25.0,1.0,16.0,Basic,Annual,716.13,22.0,No
94870.0,55.0,Male,29.0,11.0,3.0,14.0,Basic,Annual,940.0,11.0,Yes
396411.0,23.0,Female,59.0,24.0,0.0,11.0,Premium,Quarterly,625.44,11.0,No
435794.0,31.0,Male,52.0,20.0,3.0,18.0,Standard,Quarterly,888.89,25.0,No
50556.0,55.0,Male,51.0,25.0,10.0,7.0,Premium,Annual,671.0,20.0,Yes
44137.0,52.0,Male,1.0,6.0,10.0,4.0,Standard,Annual,178.0,30.0,Yes
132255.0,20.0,Male,30.0,29.0,7.0,16.0,Standard,Annual,107.0,6.0,Yes
444618.0,47.0,Female,10.0,26.0,4.0,12.0,Premium,Annual,691.63,10.0,No
12913.0,29.0,Female,32.0,25.0,2.0,14.0,Basic,Annual,823.0,1.0,No
403492.0,22.0,Female,11.0,23.0,0.0,10.0,Standard,Annual,873.37,4.0,No
295957.0,48.0,Female,17.0,12.0,2.0,15.0,Premium,Annual,998.77,1.0,No
11259.0,48.0,Female,39.0,18.0,4.0,25.0,Standard,Quarterly,992.0,1.0,Yes
169306.0,19.0,Female,31.0,5.0,10.0,18.0,Premium,Quarterly,636.0,25.0,Yes
342622.0,49.0,Female,27.0,5.0,1.0,7.0,Standard,Quarterly,952.33,4.0,No
422650.0,43.0,Male,3.0,3.0,4.0,18.0,Premium,Annual,654.01,30.0,No
96211.0,45.0,Female,45.0,7.0,5.0,11.0,Premium,Annual,916.0,28.0,Yes
289307.0,50.0,Male,31.0,19.0,3.0,5.0,Premium,Quarterly,625.84,10.0,No
405642.0,27.0,Male,41.0,5.0,1.0,18.0,Premium,Annual,715.42,17.0,No
185968.0,24.0,Female,57.0,29.0,9.0,27.0,Standard,Annual,545.0,8.0,Yes
441724.0,33.0,Male,50.0,2.0,3.0,2.0,Basic,Annual,570.67,16.0,No
269407.0,18.0,Female,6.0,24.0,0.0,15.0,Basic,Quarterly,992.02,9.0,No
356672.0,43.0,Male,46.0,16.0,0.0,13.0,Premium,Annual,977.62,25.0,No
63589.0,65.0,Female,18.0,5.0,3.0,9.0,Basic,Monthly,797.0,4.0,Yes
145732.0,62.0,Male,14.0,22.0,1.0,22.0,Basic,Monthly,879.0,2.0,Yes
30071.0,43.0,Male,10.0,4.0,8.0,26.0,Basic,Monthly,240.0,27.0,Yes
190245.0,59.0,Female,20.0,30.0,9.0,16.0,Basic,Monthly,874.0,27.0,Yes
283453.0,39.0,Female,56.0,30.0,3.0,9.0,Basic,Quarterly,862.13,10.0,No
64674.0,60.0,Male,19.0,11.0,6.0,25.0,Basic,Monthly,596.0,7.0,Yes
403540.0,36.0,Male,25.0,29.0,0.0,9.0,Basic,Annual,814.37,15.0,No
432644.0,33.0,Female,13.0,15.0,0.0,4.0,Premium,Annual,724.35,13.0,No
250420.0,19.0,Male,58.0,26.0,6.0,2.0,Premium,Annual,279.21,30.0,Yes
274303.0,43.0,Male,52.0,16.0,4.0,20.0,Standard,Annual,876.66,27.0,No
311832.0,50.0,Male,9.0,9.0,3.0,6.0,Standard,Quarterly,666.3,14.0,No
299826.0,21.0,Female,23.0,20.0,2.0,16.0,Basic,Quarterly,770.27,15.0,No
63115.0,51.0,Female,22.0,27.0,9.0,29.0,Basic,Quarterly,309.0,19.0,Yes
274765.0,28.0,Female,9.0,3.0,1.0,16.0,Basic,Annual,946.98,7.0,No
390776.0,41.0,Male,8.0,25.0,1.0,18.0,Standard,Quarterly,774.78,29.0,No
199496.0,50.0,Male,8.0,20.0,9.0,16.0,Standard,Quarterly,408.0,29.0,Yes
372962.0,25.0,Male,43.0,29.0,2.0,6.0,Premium,Annual,971.89,12.0,No
197412.0,43.0,Female,44.0,9.0,8.0,14.0,Basic,Annual,870.0,11.0,Yes
13993.0,37.0,Male,8.0,2.0,6.0,11.0,Standard,Monthly,131.0,11.0,Yes
259918.0,43.0,Female,56.0,6.0,3.0,23.0,Standard,Monthly,754.81,6.0,Yes
71071.0,60.0,Female,38.0,15.0,3.0,5.0,Premium,Quarterly,917.0,26.0,Yes
264448.0,30.0,Female,27.0,28.0,0.0,8.0,Standard,Quarterly,941.85,5.0,No
178624.0,38.0,Female,43.0,4.0,10.0,12.0,Basic,Monthly,575.0,10.0,Yes
207356.0,25.0,Male,45.0,3.0,2.0,6.0,Basic,Annual,176.26,13.0,Yes
64281.0,25.0,Male,45.0,6.0,7.0,9.0,Premium,Annual,483.0,25.0,Yes
414709.0,50.0,Male,42.0,24.0,0.0,15.0,Standard,Quarterly,549.22,21.0,No
330687.0,35.0,Female,57.0,28.0,2.0,20.0,Premium,Annual,558.4,15.0,No
201947.0,54.0,Female,56.0,15.0,0.0,15.0,Premium,Annual,706.0,25.0,Yes
118408.0,35.0,Male,39.0,8.0,0.0,29.0,Standard,Annual,436.0,7.0,Yes
421562.0,44.0,Female,44.0,11.0,4.0,10.0,Premium,Quarterly,993.92,5.0,No
420058.0,33.0,Male,60.0,3.0,0.0,4.0,Premium,Annual,710.09,24.0,No
178145.0,27.0,Male,22.0,29.0,9.0,3.0,Premium,Quarterly,351.0,21.0,Yes
311864.0,34.0,Male,29.0,8.0,2.0,1.0,Premium,Quarterly,717.82,6.0,No
249844.0,19.0,Male,1.0,12.0,2.0,15.0,Basic,Monthly,500.23,27.0,Yes
421306.0,44.0,Male,16.0,12.0,4.0,20.0,Premium,Annual,550.57,23.0,No
19399.0,63.0,Male,44.0,20.0,10.0,18.0,Basic,Monthly,541.0,11.0,Yes
407155.0,30.0,Female,13.0,19.0,2.0,7.0,Premium,Annual,993.1,15.0,No
332692.0,46.0,Male,17.0,12.0,3.0,7.0,Basic,Quarterly,628.38,23.0,No
189366.0,48.0,Female,49.0,20.0,10.0,23.0,Standard,Annual,203.0,14.0,Yes
278367.0,29.0,Male,49.0,11.0,0.0,5.0,Standard,Quarterly,704.14,27.0,No
29680.0,43.0,Female,46.0,22.0,1.0,4.0,Standard,Quarterly,414.0,5.0,Yes
399394.0,20.0,Male,8.0,2.0,2.0,20.0,Basic,Quarterly,519.15,18.0,No
210844.0,27.0,Male,49.0,14.0,4.0,8.0,Standard,Quarterly,684.8,30.0,Yes
89757.0,54.0,Male,42.0,5.0,10.0,17.0,Standard,Quarterly,717.0,6.0,Yes
193368.0,24.0,Female,51.0,17.0,8.0,29.0,Standard,Annual,842.0,30.0,Yes
70936.0,46.0,Male,26.0,30.0,9.0,23.0,Standard,Monthly,336.0,12.0,Yes
394890.0,29.0,Male,26.0,21.0,2.0,6.0,Premium,Quarterly,565.2,18.0,No
78553.0,53.0,Male,18.0,9.0,3.0,9.0,Basic,Quarterly,306.0,27.0,Yes
154943.0,35.0,Female,34.0,15.0,4.0,22.0,Basic,Quarterly,921.0,15.0,Yes
113773.0,22.0,Female,58.0,15.0,0.0,20.0,Basic,Monthly,665.0,22.0,Yes
190896.0,27.0,Male,36.0,28.0,0.0,11.0,Basic,Monthly,680.0,30.0,Yes
335203.0,36.0,Male,49.0,22.0,3.0,16.0,Standard,Quarterly,692.51,15.0,No
273606.0,47.0,Female,30.0,29.0,1.0,1.0,Standard,Quarterly,735.9,3.0,No
388472.0,39.0,Female,37.0,28.0,0.0,9.0,Standard,Annual,945.81,13.0,No
239534.0,38.0,Female,30.0,4.0,9.0,21.0,Basic,Annual,748.06,28.0,Yes
105170.0,64.0,Male,5.0,16.0,4.0,12.0,Basic,Monthly,860.0,20.0,Yes
83529.0,51.0,Female,32.0,6.0,4.0,13.0,Premium,Quarterly,660.0,4.0,Yes
15454.0,51.0,Male,41.0,30.0,0.0,18.0,Standard,Monthly,797.0,22.0,Yes
25757.0,50.0,Male,60.0,17.0,7.0,16.0,Standard,Quarterly,601.0,22.0,Yes
252824.0,18.0,Female,25.0,21.0,8.0,30.0,Premium,Quarterly,263.24,12.0,Yes
346984.0,48.0,Male,2.0,8.0,4.0,18.0,Premium,Annual,985.14,26.0,No
177210.0,38.0,Male,5.0,3.0,1.0,20.0,Premium,Monthly,288.0,18.0,Yes
340641.0,36.0,Male,34.0,13.0,0.0,6.0,Premium,Quarterly,611.31,22.0,No
276360.0,41.0,Male,4.0,7.0,3.0,12.0,Standard,Quarterly,686.42,10.0,No
212535.0,30.0,Male,2.0,30.0,6.0,6.0,Basic,Monthly,704.81,18.0,Yes
10204.0,56.0,Female,19.0,9.0,3.0,30.0,Basic,Monthly,860.0,5.0,Yes
169177.0,26.0,Male,2.0,4.0,7.0,0.0,Premium,Quarterly,586.0,12.0,Yes
10684.0,42.0,Female,28.0,15.0,9.0,3.0,Premium,Monthly,690.0,13.0,Yes
120147.0,29.0,Female,40.0,28.0,0.0,10.0,Standard,Monthly,759.0,18.0,Yes
113978.0,34.0,Female,5.0,4.0,1.0,23.0,Basic,Annual,618.0,8.0,Yes
29287.0,34.0,Male,33.0,17.0,0.0,17.0,Standard,Annual,769.0,29.0,No
111069.0,42.0,Female,52.0,14.0,3.0,29.0,Standard,Quarterly,617.0,17.0,Yes
215610.0,40.0,Female,30.0,13.0,6.0,20.0,Basic,Quarterly,995.87,17.0,Yes
100469.0,26.0,Female,57.0,13.0,2.0,27.0,Basic,Monthly,321.0,18.0,Yes
56883.0,39.0,Female,11.0,27.0,7.0,7.0,Premium,Monthly,727.0,10.0,Yes
37048.0,54.0,Female,57.0,21.0,5.0,29.0,Standard,Quarterly,520.0,4.0,Yes
380665.0,50.0,Male,13.0,13.0,2.0,1.0,Basic,Annual,514.49,28.0,No
128805.0,33.0,Female,12.0,2.0,6.0,22.0,Standard,Annual,248.0,28.0,Yes
37672.0,28.0,Female,14.0,29.0,7.0,22.0,Premium,Quarterly,913.0,18.0,Yes
398293.0,39.0,Female,55.0,11.0,3.0,14.0,Basic,Quarterly,533.26,10.0,No
229901.0,39.0,Female,19.0,27.0,4.0,20.0,Premium,Monthly,823.59,6.0,Yes
215846.0,43.0,Male,51.0,27.0,9.0,14.0,Basic,Quarterly,445.24,4.0,Yes
65522.0,27.0,Female,2.0,14.0,10.0,3.0,Standard,Annual,131.0,23.0,Yes
382800.0,48.0,Male,42.0,1.0,3.0,14.0,Standard,Quarterly,738.51,15.0,No
283648.0,47.0,Female,19.0,13.0,1.0,15.0,Premium,Quarterly,564.5,11.0,No
286243.0,39.0,Male,27.0,14.0,0.0,14.0,Basic,Annual,645.04,5.0,No
49980.0,21.0,Male,50.0,17.0,8.0,20.0,Premium,Monthly,353.0,2.0,Yes
43756.0,23.0,Female,27.0,11.0,1.0,21.0,Basic,Quarterly,186.0,29.0,Yes
417386.0,21.0,Female,12.0,25.0,0.0,4.0,Premium,Quarterly,867.92,14.0,No
324110.0,25.0,Male,3.0,8.0,2.0,6.0,Premium,Quarterly,521.89,23.0,No
170268.0,27.0,Female,1.0,13.0,4.0,14.0,Premium,Quarterly,555.0,25.0,Yes
447243.0,28.0,Female,43.0,26.0,2.0,18.0,Premium,Annual,811.25,7.0,No
291336.0,48.0,Female,25.0,27.0,3.0,0.0,Premium,Annual,897.48,14.0,No
239683.0,59.0,Female,31.0,11.0,1.0,6.0,Standard,Annual,165.07,22.0,Yes
151390.0,25.0,Male,5.0,26.0,3.0,30.0,Basic,Quarterly,965.0,12.0,Yes
153149.0,56.0,Female,20.0,26.0,7.0,28.0,Premium,Quarterly,255.0,6.0,Yes
310430.0,20.0,Female,44.0,4.0,0.0,16.0,Basic,Quarterly,896.36,2.0,No
355625.0,19.0,Female,8.0,26.0,1.0,14.0,Standard,Annual,947.58,12.0,No
29883.0,45.0,Male,58.0,18.0,0.0,7.0,Premium,Quarterly,553.0,16.0,No
374886.0,29.0,Female,20.0,13.0,2.0,20.0,Premium,Annual,548.81,7.0,No
173080.0,19.0,Female,2.0,22.0,4.0,29.0,Standard,Quarterly,862.0,27.0,Yes
285287.0,40.0,Male,23.0,19.0,1.0,18.0,Basic,Annual,728.67,3.0,No
224812.0,64.0,Female,34.0,16.0,3.0,15.0,Premium,Monthly,326.88,25.0,Yes
3764.0,20.0,Male,9.0,8.0,2.0,18.0,Premium,Quarterly,341.0,26.0,Yes
119644.0,26.0,Female,47.0,1.0,7.0,2.0,Premium,Monthly,149.0,1.0,Yes
81005.0,25.0,Female,59.0,11.0,10.0,27.0,Standard,Annual,714.0,6.0,Yes
66670.0,58.0,Female,29.0,26.0,10.0,0.0,Basic,Monthly,214.0,24.0,Yes
185263.0,21.0,Male,11.0,14.0,6.0,24.0,Basic,Quarterly,161.0,19.0,Yes
276913.0,22.0,Male,39.0,25.0,1.0,7.0,Basic,Annual,558.46,22.0,No
341714.0,46.0,Female,24.0,25.0,0.0,3.0,Standard,Quarterly,652.57,11.0,No
390785.0,20.0,Male,40.0,20.0,0.0,6.0,Premium,Quarterly,816.22,18.0,No
331424.0,22.0,Male,50.0,17.0,2.0,14.0,Basic,Annual,750.71,6.0,No
104300.0,25.0,Female,15.0,3.0,4.0,14.0,Basic,Monthly,408.0,4.0,Yes
177055.0,62.0,Male,11.0,10.0,0.0,14.0,Premium,Monthly,352.0,23.0,Yes
429355.0,30.0,Male,28.0,24.0,3.0,13.0,Premium,Annual,573.95,2.0,No
77875.0,26.0,Male,49.0,28.0,9.0,5.0,Standard,Quarterly,990.0,2.0,Yes
446781.0,29.0,Female,2.0,11.0,0.0,19.0,Standard,Annual,922.71,10.0,No
233534.0,50.0,Female,26.0,2.0,0.0,25.0,Basic,Quarterly,109.82,15.0,Yes
36271.0,30.0,Male,55.0,5.0,1.0,3.0,Basic,Monthly,609.0,7.0,Yes
344759.0,33.0,Male,43.0,27.0,1.0,9.0,Premium,Annual,777.71,24.0,No
159305.0,37.0,Male,14.0,14.0,2.0,20.0,Standard,Annual,470.0,15.0,Yes
366861.0,28.0,Female,27.0,17.0,0.0,20.0,Basic,Quarterly,752.84,5.0,No
96921.0,36.0,Female,44.0,14.0,7.0,6.0,Standard,Quarterly,704.0,10.0,Yes
388995.0,45.0,Male,34.0,17.0,2.0,10.0,Premium,Quarterly,617.49,9.0,No
446609.0,39.0,Male,60.0,2.0,3.0,5.0,Basic,Annual,814.88,24.0,No
394535.0,38.0,Male,57.0,23.0,0.0,7.0,Premium,Annual,723.05,8.0,No
378739.0,21.0,Male,56.0,21.0,0.0,19.0,Premium,Quarterly,720.22,27.0,No
70386.0,38.0,Male,29.0,24.0,4.0,28.0,Standard,Quarterly,837.0,8.0,Yes
418742.0,29.0,Female,13.0,28.0,1.0,3.0,Premium,Annual,699.03,3.0,No
7198.0,57.0,Male,44.0,29.0,5.0,18.0,Standard,Annual,633.0,15.0,Yes
427678.0,50.0,Male,15.0,20.0,3.0,14.0,Standard,Annual,573.78,29.0,No
257267.0,44.0,Female,16.0,7.0,0.0,16.0,Basic,Monthly,248.92,19.0,Yes
381119.0,47.0,Male,37.0,26.0,0.0,20.0,Standard,Quarterly,530.21,21.0,No
184214.0,31.0,Female,22.0,23.0,4.0,11.0,Standard,Annual,701.0,15.0,Yes
187341.0,20.0,Male,24.0,23.0,7.0,10.0,Premium,Annual,529.0,1.0,Yes
301775.0,41.0,Male,34.0,5.0,2.0,7.0,Premium,Annual,621.06,26.0,No
70168.0,58.0,Male,13.0,2.0,5.0,30.0,Standard,Quarterly,207.0,2.0,Yes
116422.0,57.0,Female,47.0,10.0,9.0,15.0,Basic,Quarterly,650.0,11.0,Yes
157931.0,27.0,Male,15.0,22.0,5.0,10.0,Basic,Annual,458.0,10.0,Yes
299408.0,48.0,Female,36.0,5.0,2.0,2.0,Premium,Quarterly,712.11,12.0,No
63150.0,60.0,Male,6.0,26.0,9.0,15.0,Basic,Quarterly,535.0,30.0,Yes
174601.0,28.0,Male,6.0,23.0,2.0,6.0,Standard,Annual,896.0,4.0,No
419044.0,32.0,Male,22.0,23.0,1.0,1.0,Standard,Annual,767.71,27.0,No
149365.0,62.0,Female,41.0,29.0,7.0,30.0,Basic,Annual,905.0,24.0,Yes
135010.0,28.0,Male,24.0,25.0,6.0,5.0,Premium,Annual,434.0,11.0,Yes
215068.0,19.0,Male,7.0,18.0,0.0,24.0,Premium,Annual,179.12,29.0,Yes
161568.0,36.0,Female,4.0,17.0,1.0,16.0,Premium,Monthly,681.0,24.0,Yes
50059.0,25.0,Female,34.0,26.0,2.0,24.0,Premium,Monthly,774.0,9.0,Yes
117610.0,54.0,Male,7.0,13.0,3.0,29.0,Standard,Monthly,678.0,30.0,Yes
400268.0,29.0,Male,46.0,14.0,0.0,7.0,Premium,Quarterly,620.21,30.0,No
65961.0,18.0,Male,51.0,24.0,8.0,16.0,Standard,Annual,833.0,21.0,Yes
116562.0,64.0,Female,12.0,27.0,9.0,3.0,Premium,Annual,364.0,10.0,Yes
369260.0,26.0,Male,54.0,12.0,0.0,3.0,Premium,Annual,894.42,16.0,No
421870.0,48.0,Male,22.0,19.0,3.0,9.0,Standard,Annual,503.03,23.0,No
354700.0,32.0,Male,13.0,19.0,0.0,1.0,Basic,Quarterly,878.91,29.0,No
257393.0,46.0,Female,16.0,12.0,8.0,25.0,Standard,Annual,390.32,12.0,Yes
109268.0,39.0,Male,41.0,11.0,1.0,7.0,Standard,Monthly,354.0,4.0,Yes
216744.0,63.0,Male,55.0,5.0,4.0,8.0,Standard,Annual,598.59,26.0,Yes
80043.0,38.0,Female,7.0,23.0,5.0,23.0,Standard,Monthly,667.0,24.0,Yes
149043.0,59.0,Female,15.0,13.0,6.0,29.0,Basic,Monthly,447.0,3.0,Yes
372749.0,48.0,Male,59.0,20.0,1.0,7.0,Standard,Annual,574.18,5.0,No
54611.0,29.0,Male,27.0,2.0,3.0,5.0,Premium,Quarterly,914.0,15.0,Yes
232417.0,26.0,Male,6.0,22.0,3.0,11.0,Basic,Annual,264.71,23.0,Yes
15663.0,39.0,Female,2.0,11.0,2.0,26.0,Basic,Annual,609.0,13.0,Yes
385982.0,36.0,Male,57.0,20.0,2.0,9.0,Standard,Quarterly,928.06,22.0,No
204823.0,62.0,Female,43.0,27.0,2.0,21.0,Premium,Annual,987.76,25.0,Yes
294694.0,49.0,Male,13.0,27.0,1.0,17.0,Basic,Annual,812.11,11.0,No
91756.0,62.0,Male,59.0,14.0,10.0,26.0,Standard,Quarterly,918.0,12.0,Yes
350370.0,18.0,Male,57.0,26.0,1.0,5.0,Premium,Quarterly,689.57,15.0,No
156015.0,63.0,Male,51.0,14.0,8.0,28.0,Basic,Quarterly,551.0,27.0,Yes
34965.0,33.0,Male,51.0,29.0,8.0,22.0,Basic,Annual,798.0,9.0,Yes
351006.0,36.0,Male,24.0,20.0,2.0,1.0,Standard,Quarterly,916.55,9.0,No
206638.0,39.0,Male,50.0,4.0,1.0,7.0,Basic,Quarterly,449.08,4.0,Yes
390396.0,27.0,Male,11.0,19.0,0.0,15.0,Premium,Quarterly,565.68,5.0,No
81489.0,33.0,Female,19.0,20.0,4.0,25.0,Standard,Monthly,623.0,30.0,Yes
207935.0,49.0,Male,5.0,2.0,9.0,22.0,Standard,Monthly,581.0,14.0,Yes
30615.0,35.0,Female,12.0,14.0,8.0,27.0,Standard,Monthly,213.0,21.0,Yes
74291.0,43.0,Male,15.0,22.0,0.0,24.0,Basic,Monthly,956.0,2.0,Yes
307590.0,22.0,Female,17.0,18.0,2.0,15.0,Premium,Annual,896.24,1.0,No
18092.0,24.0,Female,29.0,18.0,8.0,30.0,Basic,Annual,842.0,4.0,Yes
254585.0,18.0,Female,22.0,9.0,7.0,8.0,Standard,Monthly,208.09,18.0,Yes
375374.0,41.0,Male,56.0,26.0,1.0,1.0,Standard,Annual,758.39,10.0,No
86238.0,32.0,Female,21.0,19.0,2.0,30.0,Standard,Monthly,893.0,30.0,Yes
430500.0,31.0,Male,59.0,12.0,2.0,19.0,Premium,Annual,653.64,17.0,No
9007.0,54.0,Female,6.0,12.0,7.0,6.0,Basic,Annual,429.0,10.0,Yes
425647.0,27.0,Male,37.0,6.0,1.0,17.0,Standard,Annual,572.41,3.0,No
412469.0,44.0,Female,55.0,21.0,3.0,15.0,Standard,Quarterly,828.38,1.0,No
438872.0,36.0,Male,26.0,4.0,1.0,3.0,Basic,Annual,592.23,27.0,No
249528.0,24.0,Female,24.0,28.0,1.0,28.0,Standard,Annual,455.29,26.0,Yes
384377.0,38.0,Female,55.0,13.0,1.0,2.0,Basic,Annual,552.28,15.0,No
204856.0,59.0,Male,20.0,9.0,3.0,25.0,Basic,Quarterly,994.81,27.0,Yes
268808.0,39.0,Male,33.0,12.0,2.0,5.0,Premium,Annual,590.2,9.0,No
320330.0,32.0,Male,39.0,2.0,1.0,1.0,Standard,Quarterly,614.53,9.0,No
437330.0,44.0,Female,56.0,12.0,2.0,3.0,Standard,Annual,679.52,8.0,No
82078.0,56.0,Male,37.0,17.0,2.0,19.0,Standard,Quarterly,216.0,20.0,Yes
285819.0,27.0,Male,16.0,12.0,2.0,14.0,Basic,Quarterly,663.45,4.0,No
189181.0,31.0,Female,11.0,10.0,6.0,20.0,Standard,Annual,295.0,22.0,Yes
80855.0,35.0,Female,8.0,25.0,5.0,19.0,Premium,Annual,920.0,13.0,Yes
445461.0,45.0,Male,28.0,6.0,2.0,20.0,Premium,Annual,632.04,18.0,No
183065.0,55.0,Male,55.0,23.0,4.0,5.0,Premium,Annual,404.0,21.0,Yes
149909.0,34.0,Female,49.0,13.0,4.0,3.0,Basic,Quarterly,772.0,29.0,Yes
334402.0,48.0,Male,32.0,28.0,2.0,0.0,Basic,Annual,892.14,28.0,No
188814.0,26.0,Female,47.0,12.0,8.0,21.0,Standard,Monthly,508.0,14.0,Yes
130007.0,30.0,Male,33.0,12.0,9.0,26.0,Premium,Quarterly,761.0,26.0,Yes
233454.0,42.0,Female,38.0,3.0,4.0,18.0,Basic,Monthly,262.02,3.0,Yes
320492.0,23.0,Male,25.0,14.0,0.0,14.0,Basic,Quarterly,937.23,6.0,No
110111.0,57.0,Female,15.0,22.0,3.0,29.0,Standard,Quarterly,956.0,18.0,Yes
366338.0,39.0,Female,25.0,2.0,3.0,15.0,Basic,Annual,951.04,2.0,No
22101.0,45.0,Female,40.0,26.0,10.0,17.0,Premium,Annual,733.0,23.0,Yes
384624.0,21.0,Male,32.0,19.0,1.0,7.0,Premium,Annual,598.22,30.0,No
95298.0,30.0,Female,23.0,26.0,5.0,26.0,Premium,Annual,840.0,20.0,Yes
88854.0,54.0,Female,30.0,18.0,4.0,8.0,Standard,Annual,633.0,4.0,Yes
91543.0,61.0,Female,35.0,21.0,1.0,27.0,Standard,Quarterly,570.0,14.0,Yes
92658.0,60.0,Female,19.0,16.0,6.0,18.0,Basic,Annual,932.0,19.0,Yes
396615.0,19.0,Male,30.0,5.0,1.0,6.0,Standard,Annual,888.76,25.0,No
156538.0,36.0,Male,52.0,22.0,4.0,22.0,Basic,Quarterly,584.0,5.0,Yes
336559.0,19.0,Male,7.0,28.0,0.0,20.0,Standard,Annual,941.82,22.0,No
220082.0,58.0,Male,31.0,30.0,10.0,24.0,Premium,Annual,812.47,5.0,Yes
436102.0,46.0,Female,5.0,8.0,1.0,8.0,Standard,Quarterly,573.11,12.0,No
234878.0,19.0,Female,60.0,19.0,10.0,7.0,Standard,Annual,171.74,21.0,Yes
114629.0,37.0,Female,58.0,11.0,5.0,30.0,Premium,Quarterly,844.0,21.0,Yes
120604.0,57.0,Female,2.0,14.0,6.0,10.0,Standard,Monthly,779.0,23.0,Yes
266918.0,30.0,Male,4.0,10.0,3.0,8.0,Standard,Annual,999.26,17.0,No
79272.0,27.0,Female,4.0,6.0,6.0,20.0,Premium,Quarterly,191.0,19.0,Yes
400164.0,50.0,Male,23.0,15.0,0.0,7.0,Standard,Quarterly,795.51,25.0,No
191748.0,63.0,Female,44.0,16.0,6.0,13.0,Standard,Annual,929.0,18.0,Yes
170592.0,41.0,Female,10.0,17.0,4.0,2.0,Basic,Annual,617.0,6.0,No
298745.0,32.0,Male,11.0,25.0,0.0,9.0,Standard,Quarterly,717.89,23.0,No
89908.0,55.0,Female,51.0,10.0,8.0,14.0,Basic,Annual,961.0,30.0,Yes
255014.0,30.0,Female,58.0,30.0,7.0,3.0,Premium,Annual,624.66,28.0,Yes
244398.0,31.0,Male,15.0,13.0,1.0,25.0,Premium,Annual,631.04,29.0,Yes
203349.0,52.0,Female,17.0,13.0,10.0,7.0,Standard,Annual,795.0,6.0,Yes
57854.0,43.0,Female,59.0,7.0,7.0,5.0,Standard,Monthly,432.0,19.0,Yes
294366.0,40.0,Female,16.0,20.0,3.0,20.0,Premium,Quarterly,926.69,3.0,No
259326.0,33.0,Male,16.0,23.0,6.0,24.0,Basic,Quarterly,712.21,4.0,Yes
132438.0,27.0,Female,18.0,5.0,0.0,18.0,Premium,Quarterly,877.0,20.0,Yes
405044.0,33.0,Male,6.0,14.0,1.0,8.0,Premium,Annual,807.89,19.0,No
366724.0,47.0,Male,27.0,7.0,2.0,6.0,Basic,Quarterly,621.58,23.0,No
262517.0,20.0,Female,55.0,12.0,2.0,12.0,Basic,Quarterly,583.28,6.0,No
365616.0,22.0,Male,48.0,30.0,2.0,1.0,Premium,Quarterly,852.16,2.0,No
228910.0,35.0,Female,34.0,4.0,9.0,27.0,Standard,Annual,116.32,10.0,Yes
444138.0,20.0,Male,6.0,28.0,1.0,16.0,Basic,Annual,961.06,19.0,No
342206.0,50.0,Female,60.0,26.0,4.0,4.0,Premium,Quarterly,839.19,6.0,No
354686.0,40.0,Male,30.0,27.0,3.0,11.0,Premium,Annual,592.94,28.0,No
434544.0,41.0,Female,21.0,29.0,0.0,12.0,Basic,Quarterly,858.52,14.0,No
12650.0,56.0,Male,13.0,15.0,6.0,11.0,Premium,Quarterly,355.0,26.0,Yes
336528.0,28.0,Female,10.0,7.0,2.0,19.0,Basic,Annual,826.19,15.0,No
285191.0,32.0,Male,55.0,20.0,3.0,12.0,Basic,Quarterly,843.99,11.0,No
357259.0,29.0,Male,5.0,24.0,0.0,10.0,Standard,Quarterly,982.31,28.0,No
394675.0,47.0,Female,23.0,10.0,0.0,13.0,Basic,Quarterly,649.13,1.0,No
106231.0,22.0,Male,1.0,15.0,9.0,15.0,Basic,Quarterly,723.0,21.0,Yes
69724.0,44.0,Male,19.0,27.0,9.0,16.0,Standard,Monthly,149.0,15.0,Yes
67956.0,57.0,Female,14.0,29.0,10.0,25.0,Basic,Quarterly,472.0,19.0,Yes
318965.0,25.0,Female,34.0,30.0,1.0,6.0,Basic,Quarterly,634.59,3.0,No
9626.0,38.0,Female,38.0,27.0,6.0,20.0,Basic,Quarterly,483.0,14.0,Yes
34140.0,25.0,Female,37.0,1.0,9.0,13.0,Basic,Annual,721.0,1.0,Yes
134510.0,48.0,Female,45.0,18.0,0.0,28.0,Premium,Monthly,697.0,13.0,Yes
51565.0,52.0,Female,1.0,21.0,2.0,16.0,Standard,Quarterly,423.0,29.0,Yes
366137.0,35.0,Male,36.0,22.0,2.0,0.0,Premium,Annual,827.83,14.0,No
187576.0,54.0,Male,48.0,29.0,5.0,22.0,Premium,Monthly,344.0,20.0,Yes
33681.0,42.0,Female,17.0,15.0,4.0,29.0,Basic,Annual,218.0,13.0,Yes
143490.0,20.0,Male,22.0,15.0,2.0,28.0,Standard,Quarterly,339.0,3.0,Yes
241071.0,35.0,Female,27.0,24.0,3.0,29.0,Premium,Annual,131.34,3.0,Yes
97486.0,44.0,Male,4.0,26.0,6.0,3.0,Standard,Monthly,407.0,27.0,Yes
42373.0,57.0,Male,52.0,19.0,5.0,11.0,Standard,Quarterly,753.0,21.0,Yes
169587.0,35.0,Male,49.0,5.0,5.0,14.0,Basic,Monthly,848.0,12.0,Yes
373325.0,35.0,Male,26.0,22.0,0.0,18.0,Standard,Annual,945.9,26.0,No
11368.0,31.0,Female,43.0,2.0,9.0,5.0,Standard,Quarterly,143.0,27.0,Yes
411320.0,48.0,Male,26.0,4.0,1.0,20.0,Premium,Annual,599.09,19.0,No
199699.0,52.0,Male,22.0,24.0,7.0,20.0,Premium,Annual,520.0,28.0,Yes
410250.0,29.0,Male,14.0,13.0,2.0,8.0,Premium,Quarterly,777.9,25.0,No
300537.0,30.0,Female,57.0,13.0,2.0,3.0,Premium,Quarterly,575.87,12.0,No
202729.0,21.0,Male,14.0,22.0,3.0,17.0,Standard,Monthly,647.0,24.0,Yes
93957.0,65.0,Female,49.0,12.0,0.0,4.0,Premium,Monthly,627.0,27.0,Yes
141395.0,22.0,Female,21.0,13.0,6.0,22.0,Standard,Quarterly,831.0,27.0,Yes
214137.0,33.0,Male,46.0,16.0,3.0,8.0,Basic,Quarterly,375.04,21.0,Yes
264932.0,47.0,Male,58.0,25.0,1.0,1.0,Premium,Annual,877.34,29.0,No
177690.0,22.0,Male,41.0,3.0,0.0,29.0,Premium,Annual,585.0,1.0,Yes
306428.0,32.0,Female,5.0,9.0,3.0,18.0,Standard,Quarterly,564.05,13.0,No
88205.0,63.0,Male,25.0,11.0,1.0,2.0,Standard,Quarterly,563.0,14.0,Yes
244744.0,23.0,Male,24.0,23.0,5.0,20.0,Basic,Quarterly,576.46,23.0,Yes
63749.0,18.0,Female,4.0,1.0,4.0,22.0,Basic,Annual,311.0,28.0,Yes
423314.0,47.0,Male,56.0,10.0,2.0,5.0,Premium,Annual,892.8,24.0,No
89957.0,23.0,Female,36.0,26.0,3.0,6.0,Premium,Quarterly,164.0,28.0,Yes
323425.0,43.0,Male,31.0,7.0,3.0,9.0,Basic,Annual,838.55,8.0,No
120819.0,37.0,Male,3.0,24.0,0.0,18.0,Standard,Quarterly,470.0,1.0,Yes
322980.0,43.0,Female,25.0,10.0,2.0,11.0,Basic,Annual,877.74,2.0,No
274461.0,25.0,Male,40.0,6.0,2.0,4.0,Premium,Quarterly,903.08,17.0,No
51581.0,18.0,Female,26.0,28.0,6.0,27.0,Basic,Monthly,956.0,13.0,Yes
313248.0,21.0,Male,15.0,27.0,1.0,1.0,Basic,Quarterly,540.51,28.0,No
145888.0,25.0,Male,36.0,30.0,7.0,26.0,Premium,Annual,269.0,19.0,Yes
19841.0,54.0,Female,12.0,23.0,8.0,5.0,Premium,Annual,972.0,16.0,Yes
1030.0,65.0,Male,14.0,12.0,9.0,30.0,Premium,Monthly,158.0,18.0,Yes
438609.0,20.0,Male,36.0,2.0,2.0,13.0,Basic,Annual,785.57,8.0,No
244736.0,40.0,Male,11.0,7.0,10.0,3.0,Standard,Annual,674.94,30.0,Yes
286857.0,42.0,Male,44.0,23.0,4.0,12.0,Standard,Quarterly,651.83,28.0,No
320758.0,37.0,Female,29.0,13.0,0.0,12.0,Basic,Quarterly,639.89,11.0,No
21180.0,39.0,Female,30.0,1.0,1.0,3.0,Standard,Monthly,698.0,7.0,Yes
83854.0,54.0,Female,37.0,29.0,4.0,18.0,Standard,Annual,434.0,3.0,Yes
257788.0,43.0,Female,42.0,25.0,2.0,22.0,Standard,Quarterly,961.07,6.0,Yes
417743.0,19.0,Male,8.0,17.0,0.0,8.0,Basic,Quarterly,688.42,13.0,No
329871.0,40.0,Male,38.0,3.0,0.0,16.0,Basic,Annual,952.49,7.0,No
212616.0,53.0,Male,7.0,7.0,3.0,20.0,Premium,Monthly,187.16,1.0,Yes
238303.0,38.0,Male,13.0,28.0,4.0,16.0,Premium,Annual,300.52,22.0,Yes
285223.0,34.0,Male,53.0,14.0,2.0,12.0,Premium,Quarterly,582.58,25.0,No
112797.0,48.0,Female,3.0,25.0,6.0,1.0,Premium,Quarterly,615.0,16.0,Yes
161315.0,62.0,Female,56.0,29.0,8.0,29.0,Premium,Monthly,180.0,6.0,Yes
142373.0,50.0,Female,51.0,4.0,9.0,23.0,Standard,Annual,531.0,2.0,Yes
122961.0,18.0,Female,47.0,12.0,3.0,17.0,Standard,Monthly,386.0,1.0,Yes
428610.0,47.0,Male,33.0,11.0,2.0,11.0,Basic,Annual,780.75,14.0,No
376722.0,28.0,Male,11.0,19.0,0.0,1.0,Basic,Annual,780.44,22.0,No
240682.0,30.0,Male,17.0,12.0,10.0,9.0,Basic,Annual,457.34,16.0,Yes
348632.0,45.0,Female,6.0,5.0,3.0,12.0,Standard,Annual,720.26,14.0,No
297404.0,40.0,Male,12.0,10.0,1.0,9.0,Basic,Quarterly,588.57,7.0,No
434230.0,43.0,Male,33.0,17.0,1.0,7.0,Standard,Annual,788.73,4.0,No
2831.0,31.0,Female,50.0,14.0,2.0,9.0,Premium,Quarterly,647.0,26.0,Yes
17485.0,25.0,Male,5.0,17.0,2.0,30.0,Premium,Annual,958.0,2.0,Yes
328772.0,40.0,Male,45.0,26.0,3.0,18.0,Basic,Annual,565.43,19.0,No
171495.0,33.0,Female,14.0,1.0,0.0,18.0,Standard,Monthly,793.0,9.0,Yes
1039.0,57.0,Female,37.0,16.0,5.0,24.0,Standard,Monthly,213.0,14.0,Yes
410447.0,49.0,Male,43.0,24.0,2.0,1.0,Premium,Quarterly,518.05,16.0,No
255902.0,49.0,Male,39.0,19.0,9.0,4.0,Standard,Monthly,199.17,24.0,Yes
226406.0,34.0,Female,32.0,5.0,6.0,25.0,Basic,Quarterly,580.86,8.0,Yes
107384.0,51.0,Male,31.0,11.0,8.0,18.0,Premium,Quarterly,926.0,3.0,Yes
377301.0,43.0,Male,44.0,1.0,2.0,3.0,Premium,Annual,693.64,28.0,No
83235.0,59.0,Male,29.0,10.0,8.0,14.0,Standard,Annual,823.0,9.0,Yes
406976.0,36.0,Male,46.0,18.0,3.0,18.0,Basic,Quarterly,738.55,30.0,No
312789.0,23.0,Male,50.0,20.0,1.0,4.0,Standard,Quarterly,895.84,9.0,No
54531.0,54.0,Female,2.0,9.0,4.0,12.0,Standard,Annual,855.0,3.0,Yes
404627.0,36.0,Male,21.0,24.0,3.0,7.0,Standard,Annual,759.42,5.0,No
42255.0,56.0,Female,1.0,18.0,3.0,23.0,Standard,Quarterly,905.0,15.0,Yes
284570.0,39.0,Male,13.0,29.0,3.0,4.0,Premium,Quarterly,970.34,8.0,No
57785.0,53.0,Female,46.0,18.0,6.0,2.0,Basic,Annual,481.0,2.0,Yes
415425.0,38.0,Male,34.0,12.0,3.0,20.0,Basic,Quarterly,596.27,19.0,No
120724.0,63.0,Male,17.0,21.0,8.0,5.0,Premium,Quarterly,614.0,15.0,Yes
318768.0,39.0,Female,52.0,9.0,2.0,4.0,Standard,Quarterly,697.59,10.0,No
362690.0,30.0,Female,42.0,22.0,1.0,17.0,Premium,Quarterly,863.98,13.0,No
430104.0,24.0,Female,7.0,19.0,0.0,5.0,Basic,Quarterly,751.66,13.0,No
284225.0,42.0,Male,56.0,10.0,1.0,1.0,Standard,Annual,562.39,3.0,No
59192.0,62.0,Male,1.0,20.0,1.0,24.0,Premium,Monthly,162.0,29.0,Yes
7711.0,21.0,Male,54.0,22.0,9.0,11.0,Basic,Quarterly,169.0,17.0,Yes
284418.0,43.0,Male,42.0,26.0,4.0,17.0,Basic,Quarterly,593.17,14.0,No
6167.0,21.0,Male,47.0,5.0,3.0,5.0,Standard,Monthly,746.0,14.0,Yes
260690.0,42.0,Female,21.0,1.0,2.0,6.0,Standard,Annual,131.29,17.0,Yes
155630.0,56.0,Male,46.0,6.0,5.0,27.0,Basic,Monthly,324.0,11.0,Yes
264819.0,35.0,Male,51.0,24.0,0.0,10.0,Premium,Quarterly,996.81,21.0,No
270813.0,42.0,Female,37.0,11.0,0.0,17.0,Basic,Quarterly,581.53,15.0,No
184802.0,44.0,Male,60.0,26.0,2.0,13.0,Standard,Quarterly,698.0,9.0,No
69481.0,39.0,Female,21.0,11.0,2.0,10.0,Basic,Quarterly,346.0,18.0,Yes
395767.0,30.0,Male,52.0,1.0,0.0,15.0,Standard,Quarterly,692.86,4.0,No
49778.0,57.0,Female,4.0,12.0,5.0,25.0,Standard,Monthly,619.0,19.0,Yes
197898.0,62.0,Male,9.0,23.0,3.0,25.0,Basic,Monthly,497.0,27.0,Yes
175720.0,43.0,Female,53.0,10.0,8.0,28.0,Standard,Monthly,903.0,26.0,Yes
135470.0,39.0,Male,4.0,23.0,10.0,21.0,Standard,Monthly,680.0,30.0,Yes
226719.0,55.0,Female,49.0,1.0,2.0,21.0,Premium,Quarterly,529.39,6.0,Yes
442596.0,41.0,Male,34.0,8.0,2.0,14.0,Basic,Annual,851.88,7.0,No
420936.0,18.0,Male,34.0,30.0,1.0,9.0,Basic,Annual,724.63,13.0,No
73319.0,25.0,Male,49.0,26.0,1.0,28.0,Standard,Monthly,166.0,19.0,Yes
172661.0,29.0,Female,6.0,3.0,2.0,30.0,Basic,Monthly,197.0,21.0,Yes
39493.0,63.0,Male,49.0,30.0,3.0,21.0,Basic,Monthly,565.0,23.0,Yes
316188.0,22.0,Female,35.0,18.0,1.0,8.0,Basic,Annual,517.62,2.0,No
103015.0,60.0,Male,12.0,17.0,5.0,17.0,Premium,Quarterly,823.0,24.0,Yes
321304.0,40.0,Male,35.0,4.0,1.0,17.0,Premium,Quarterly,528.78,17.0,No
300003.0,43.0,Male,16.0,15.0,0.0,19.0,Standard,Annual,702.19,11.0,No
198380.0,54.0,Male,42.0,8.0,0.0,8.0,Standard,Monthly,885.0,4.0,Yes
387521.0,25.0,Male,20.0,12.0,2.0,18.0,Standard,Annual,922.53,29.0,No
418617.0,50.0,Male,33.0,16.0,4.0,18.0,Standard,Annual,607.18,25.0,No
53502.0,50.0,Male,32.0,7.0,3.0,11.0,Premium,Monthly,994.0,25.0,Yes
424932.0,45.0,Male,26.0,21.0,4.0,14.0,Basic,Quarterly,650.96,9.0,No
188855.0,59.0,Male,24.0,18.0,2.0,15.0,Premium,Annual,586.0,29.0,Yes
219580.0,35.0,Female,44.0,26.0,1.0,0.0,Basic,Annual,293.15,11.0,Yes
259756.0,46.0,Female,43.0,20.0,4.0,12.0,Basic,Annual,437.44,29.0,Yes
141156.0,63.0,Female,49.0,18.0,6.0,17.0,Premium,Monthly,489.0,15.0,Yes
441262.0,48.0,Male,58.0,24.0,4.0,11.0,Premium,Quarterly,706.2,30.0,No
230162.0,34.0,Male,41.0,8.0,3.0,8.0,Standard,Monthly,882.57,19.0,Yes
324935.0,27.0,Female,43.0,7.0,2.0,19.0,Standard,Annual,662.47,13.0,No
153872.0,51.0,Male,7.0,21.0,4.0,17.0,Premium,Quarterly,397.0,3.0,Yes
116649.0,46.0,Female,16.0,2.0,6.0,22.0,Premium,Monthly,363.0,21.0,Yes
412283.0,26.0,Male,4.0,17.0,0.0,19.0,Premium,Quarterly,557.68,28.0,No
189888.0,36.0,Female,33.0,13.0,8.0,13.0,Premium,Monthly,940.0,14.0,Yes
21423.0,18.0,Male,49.0,26.0,6.0,20.0,Basic,Monthly,516.0,13.0,Yes
92478.0,39.0,Female,52.0,11.0,10.0,17.0,Premium,Quarterly,740.0,2.0,Yes
146075.0,45.0,Female,50.0,19.0,7.0,25.0,Premium,Annual,960.0,29.0,Yes
30713.0,53.0,Male,22.0,10.0,2.0,24.0,Standard,Quarterly,648.0,18.0,Yes
148235.0,22.0,Male,29.0,13.0,1.0,11.0,Standard,Quarterly,371.0,25.0,Yes
169390.0,18.0,Female,43.0,25.0,3.0,22.0,Premium,Monthly,282.0,26.0,Yes
37074.0,65.0,Female,24.0,23.0,9.0,9.0,Standard,Monthly,585.0,29.0,Yes
19197.0,55.0,Female,42.0,3.0,4.0,4.0,Premium,Monthly,823.0,9.0,Yes
324169.0,25.0,Female,34.0,8.0,0.0,19.0,Premium,Quarterly,976.64,3.0,No
9269.0,59.0,Male,13.0,10.0,8.0,0.0,Basic,Annual,261.0,16.0,Yes
278541.0,19.0,Male,2.0,7.0,1.0,19.0,Standard,Annual,834.51,15.0,No
264111.0,41.0,Male,2.0,10.0,4.0,6.0,Premium,Quarterly,751.62,5.0,No
166458.0,59.0,Female,59.0,5.0,3.0,14.0,Standard,Quarterly,565.0,30.0,Yes
241472.0,63.0,Male,23.0,9.0,4.0,9.0,Standard,Monthly,256.14,6.0,Yes
396494.0,46.0,Female,31.0,9.0,2.0,1.0,Premium,Annual,612.9,2.0,No
189279.0,53.0,Female,29.0,21.0,2.0,10.0,Premium,Monthly,429.0,3.0,Yes
304367.0,32.0,Male,43.0,30.0,2.0,16.0,Basic,Annual,922.8,13.0,No
358656.0,21.0,Male,27.0,16.0,0.0,5.0,Standard,Annual,698.08,15.0,No
88380.0,49.0,Male,42.0,18.0,6.0,26.0,Basic,Quarterly,487.0,30.0,Yes
185383.0,52.0,Male,42.0,16.0,1.0,9.0,Standard,Monthly,935.0,9.0,Yes
360598.0,48.0,Male,31.0,3.0,3.0,10.0,Basic,Quarterly,605.19,8.0,No
117710.0,25.0,Male,55.0,6.0,7.0,28.0,Basic,Monthly,616.0,1.0,Yes
70959.0,51.0,Male,20.0,11.0,8.0,9.0,Standard,Monthly,576.0,2.0,Yes
137618.0,64.0,Male,44.0,9.0,6.0,28.0,Premium,Annual,739.0,5.0,Yes
355292.0,49.0,Male,13.0,14.0,0.0,11.0,Basic,Quarterly,735.43,17.0,No
384291.0,43.0,Male,29.0,28.0,3.0,8.0,Standard,Annual,662.01,1.0,No
419216.0,42.0,Male,56.0,12.0,1.0,15.0,Premium,Annual,828.63,3.0,No
196257.0,40.0,Female,60.0,7.0,1.0,15.0,Basic,Monthly,147.0,25.0,Yes
23287.0,38.0,Female,46.0,9.0,4.0,16.0,Standard,Monthly,894.0,14.0,Yes
422404.0,47.0,Male,19.0,13.0,4.0,3.0,Basic,Annual,942.21,10.0,No
71773.0,65.0,Female,1.0,21.0,0.0,0.0,Standard,Annual,798.0,2.0,Yes
370189.0,26.0,Male,59.0,15.0,2.0,14.0,Basic,Quarterly,705.4,1.0,No
253481.0,49.0,Female,38.0,4.0,7.0,7.0,Basic,Quarterly,149.17,1.0,Yes
347192.0,23.0,Male,51.0,27.0,0.0,15.0,Standard,Quarterly,721.32,8.0,No
284629.0,23.0,Male,54.0,19.0,1.0,9.0,Premium,Quarterly,720.4,1.0,No
106741.0,59.0,Male,50.0,30.0,9.0,2.0,Premium,Monthly,205.0,9.0,Yes
388647.0,31.0,Male,31.0,27.0,1.0,14.0,Premium,Annual,977.95,26.0,No
334631.0,35.0,Male,27.0,22.0,0.0,12.0,Premium,Quarterly,764.93,13.0,No
123564.0,43.0,Female,11.0,15.0,5.0,3.0,Premium,Annual,681.0,23.0,Yes
200765.0,30.0,Male,38.0,28.0,5.0,10.0,Basic,Annual,737.0,24.0,Yes
447229.0,34.0,Male,36.0,8.0,0.0,15.0,Standard,Annual,820.03,5.0,No
305177.0,36.0,Male,49.0,22.0,1.0,16.0,Standard,Quarterly,655.28,19.0,No
162553.0,32.0,Male,27.0,12.0,4.0,0.0,Premium,Annual,555.0,18.0,Yes
15588.0,64.0,Female,36.0,21.0,7.0,11.0,Standard,Monthly,883.0,5.0,Yes
382495.0,37.0,Male,39.0,1.0,0.0,9.0,Basic,Annual,671.85,11.0,No
247624.0,22.0,Male,41.0,20.0,7.0,19.0,Standard,Annual,428.33,11.0,Yes
331017.0,37.0,Male,11.0,14.0,2.0,8.0,Premium,Quarterly,944.19,24.0,No
271850.0,47.0,Male,35.0,9.0,2.0,2.0,Premium,Quarterly,759.75,18.0,No
133144.0,30.0,Female,50.0,12.0,2.0,13.0,Premium,Annual,260.0,16.0,Yes
233487.0,65.0,Male,22.0,2.0,1.0,18.0,Premium,Monthly,752.1,28.0,Yes
228941.0,60.0,Male,58.0,21.0,6.0,9.0,Premium,Annual,585.74,9.0,Yes
217859.0,51.0,Female,27.0,6.0,8.0,10.0,Standard,Quarterly,423.21,13.0,Yes
194775.0,36.0,Female,43.0,3.0,9.0,20.0,Premium,Monthly,636.0,14.0,Yes
306548.0,47.0,Male,14.0,13.0,1.0,4.0,Premium,Quarterly,934.6,21.0,No
76642.0,21.0,Female,55.0,1.0,7.0,22.0,Standard,Quarterly,283.0,25.0,Yes
414036.0,39.0,Male,53.0,30.0,1.0,20.0,Basic,Annual,551.75,5.0,No
397773.0,19.0,Male,42.0,11.0,0.0,10.0,Standard,Quarterly,739.54,13.0,No
432959.0,33.0,Female,42.0,18.0,0.0,11.0,Standard,Quarterly,884.06,3.0,No
206422.0,22.0,Female,58.0,17.0,0.0,29.0,Standard,Monthly,652.06,12.0,Yes
234481.0,38.0,Female,7.0,4.0,9.0,25.0,Standard,Quarterly,105.99,28.0,Yes
272339.0,46.0,Male,8.0,3.0,0.0,8.0,Premium,Quarterly,603.67,18.0,No
346608.0,44.0,Male,38.0,16.0,1.0,20.0,Premium,Quarterly,726.03,19.0,No
237795.0,20.0,Female,6.0,17.0,3.0,24.0,Standard,Quarterly,238.79,20.0,Yes
80978.0,40.0,Male,52.0,19.0,7.0,30.0,Premium,Monthly,258.0,8.0,Yes
32595.0,43.0,Male,37.0,19.0,6.0,4.0,Standard,Annual,387.0,2.0,Yes
335575.0,48.0,Female,31.0,22.0,0.0,16.0,Standard,Annual,719.19,5.0,No
225823.0,34.0,Male,11.0,15.0,6.0,7.0,Premium,Monthly,825.22,22.0,Yes
130339.0,56.0,Male,43.0,29.0,3.0,24.0,Standard,Quarterly,253.0,6.0,Yes
446714.0,33.0,Male,15.0,15.0,0.0,9.0,Basic,Annual,648.32,14.0,No
428024.0,27.0,Male,26.0,12.0,0.0,9.0,Premium,Annual,665.89,27.0,No
420408.0,27.0,Female,59.0,7.0,1.0,9.0,Standard,Annual,985.84,5.0,No
110560.0,37.0,Female,18.0,19.0,7.0,10.0,Standard,Quarterly,287.0,21.0,Yes
121784.0,29.0,Female,36.0,14.0,1.0,9.0,Basic,Monthly,922.0,7.0,Yes
409761.0,32.0,Female,57.0,23.0,3.0,18.0,Basic,Quarterly,553.7,3.0,No
157803.0,18.0,Female,29.0,29.0,6.0,17.0,Standard,Annual,694.0,27.0,Yes
417569.0,21.0,Male,48.0,12.0,0.0,1.0,Basic,Annual,508.5,26.0,No
386462.0,41.0,Male,16.0,18.0,1.0,10.0,Premium,Annual,735.34,30.0,No
14691.0,32.0,Female,2.0,7.0,6.0,25.0,Basic,Annual,255.0,24.0,Yes
98974.0,55.0,Male,50.0,19.0,7.0,30.0,Basic,Quarterly,798.0,26.0,Yes
415264.0,43.0,Female,39.0,13.0,3.0,6.0,Standard,Annual,524.97,1.0,No
13024.0,31.0,Male,33.0,22.0,4.0,21.0,Premium,Monthly,883.0,30.0,Yes
312193.0,21.0,Male,50.0,7.0,2.0,4.0,Standard,Annual,762.31,10.0,No
361785.0,24.0,Male,7.0,22.0,0.0,13.0,Premium,Annual,798.97,25.0,No
387260.0,28.0,Female,26.0,1.0,2.0,8.0,Basic,Quarterly,898.63,13.0,No
14156.0,45.0,Male,44.0,6.0,3.0,21.0,Basic,Annual,104.0,1.0,Yes
218384.0,58.0,Female,14.0,18.0,6.0,23.0,Standard,Monthly,419.27,14.0,Yes
138120.0,63.0,Female,7.0,9.0,1.0,13.0,Premium,Quarterly,921.0,18.0,Yes
50327.0,39.0,Male,8.0,14.0,0.0,11.0,Basic,Quarterly,427.0,18.0,Yes
97146.0,23.0,Female,43.0,27.0,6.0,18.0,Basic,Quarterly,465.0,13.0,Yes
387254.0,29.0,Male,24.0,25.0,2.0,14.0,Basic,Quarterly,699.0,10.0,No
72042.0,60.0,Female,32.0,4.0,10.0,17.0,Standard,Monthly,892.0,10.0,Yes
214224.0,24.0,Male,52.0,17.0,3.0,4.0,Basic,Quarterly,585.56,10.0,Yes
232469.0,61.0,Female,50.0,12.0,9.0,13.0,Standard,Annual,523.14,29.0,Yes
206404.0,60.0,Male,47.0,18.0,10.0,20.0,Standard,Annual,259.08,15.0,Yes
337331.0,39.0,Male,35.0,16.0,0.0,13.0,Standard,Annual,989.95,22.0,No
159758.0,39.0,Male,46.0,10.0,3.0,27.0,Basic,Annual,910.0,19.0,Yes
228654.0,44.0,Female,54.0,17.0,2.0,1.0,Basic,Quarterly,704.78,24.0,Yes
280458.0,21.0,Male,44.0,20.0,2.0,19.0,Premium,Annual,503.53,6.0,No
171466.0,36.0,Female,29.0,10.0,10.0,8.0,Basic,Annual,868.0,29.0,Yes
131129.0,37.0,Female,38.0,8.0,2.0,3.0,Premium,Monthly,142.0,17.0,Yes
246934.0,52.0,Female,39.0,22.0,2.0,22.0,Premium,Monthly,150.77,22.0,Yes
364670.0,49.0,Male,30.0,8.0,2.0,0.0,Premium,Quarterly,705.04,10.0,No
440853.0,38.0,Female,53.0,6.0,1.0,8.0,Premium,Quarterly,763.58,1.0,No
326510.0,44.0,Male,17.0,14.0,4.0,2.0,Premium,Annual,823.13,12.0,No
36685.0,58.0,Female,56.0,16.0,2.0,15.0,Basic,Quarterly,948.0,11.0,Yes
151665.0,31.0,Male,43.0,18.0,10.0,7.0,Premium,Annual,658.0,11.0,Yes
271055.0,45.0,Male,36.0,10.0,4.0,10.0,Basic,Annual,762.88,13.0,No
63942.0,27.0,Male,22.0,6.0,2.0,28.0,Standard,Annual,397.0,8.0,Yes
199057.0,22.0,Male,30.0,27.0,8.0,27.0,Premium,Annual,445.0,5.0,Yes
408466.0,34.0,Male,48.0,15.0,3.0,9.0,Basic,Annual,935.47,20.0,No
158819.0,59.0,Male,1.0,24.0,10.0,16.0,Basic,Annual,183.0,16.0,Yes
31312.0,57.0,Male,12.0,22.0,2.0,21.0,Basic,Annual,873.0,9.0,Yes
423834.0,42.0,Male,37.0,12.0,3.0,20.0,Premium,Quarterly,610.04,24.0,No
70071.0,53.0,Male,11.0,21.0,5.0,16.0,Standard,Monthly,806.0,16.0,Yes
240922.0,22.0,Male,1.0,5.0,1.0,24.0,Standard,Monthly,623.01,1.0,Yes
432080.0,47.0,Female,58.0,9.0,0.0,10.0,Premium,Annual,524.11,8.0,No
311176.0,22.0,Male,17.0,11.0,1.0,15.0,Standard,Annual,958.99,2.0,No
127251.0,49.0,Female,11.0,11.0,9.0,3.0,Basic,Monthly,673.0,30.0,Yes
407862.0,39.0,Female,28.0,7.0,1.0,1.0,Premium,Annual,607.84,13.0,No
91707.0,59.0,Male,33.0,18.0,0.0,0.0,Premium,Annual,925.0,6.0,Yes
352075.0,39.0,Female,25.0,14.0,3.0,3.0,Premium,Quarterly,751.33,7.0,No
49909.0,41.0,Male,9.0,16.0,7.0,3.0,Standard,Quarterly,647.0,12.0,Yes
231165.0,32.0,Male,14.0,24.0,4.0,26.0,Premium,Annual,265.03,30.0,Yes
415744.0,25.0,Male,6.0,25.0,2.0,15.0,Standard,Annual,924.06,30.0,No
301256.0,20.0,Male,11.0,3.0,0.0,1.0,Basic,Annual,514.2,20.0,No
214283.0,45.0,Female,44.0,16.0,10.0,22.0,Premium,Annual,256.19,3.0,Yes
188557.0,55.0,Male,45.0,8.0,9.0,14.0,Basic,Quarterly,754.0,16.0,Yes
413078.0,50.0,Male,10.0,18.0,1.0,18.0,Premium,Quarterly,612.16,5.0,No
109673.0,20.0,Male,4.0,5.0,0.0,16.0,Basic,Quarterly,302.0,10.0,Yes
444204.0,46.0,Female,60.0,15.0,4.0,10.0,Premium,Annual,789.04,9.0,No
85338.0,28.0,Female,54.0,23.0,3.0,15.0,Premium,Annual,791.0,13.0,Yes
286719.0,40.0,Male,46.0,25.0,4.0,6.0,Standard,Annual,769.74,3.0,No
222267.0,40.0,Male,51.0,30.0,7.0,28.0,Premium,Annual,718.05,8.0,Yes
341301.0,26.0,Female,46.0,8.0,0.0,8.0,Standard,Annual,822.17,6.0,No
261544.0,30.0,Male,10.0,7.0,1.0,5.0,Standard,Annual,872.13,30.0,No
335113.0,36.0,Male,16.0,24.0,0.0,8.0,Premium,Quarterly,796.62,20.0,No
272982.0,50.0,Male,54.0,16.0,0.0,0.0,Basic,Annual,674.78,3.0,No
282397.0,34.0,Male,5.0,12.0,3.0,11.0,Standard,Annual,794.11,4.0,No
141421.0,58.0,Male,1.0,22.0,9.0,1.0,Premium,Quarterly,968.0,24.0,Yes
313981.0,34.0,Female,37.0,13.0,2.0,14.0,Premium,Annual,579.13,9.0,No
322722.0,47.0,Male,29.0,19.0,0.0,13.0,Premium,Quarterly,505.56,29.0,No
366642.0,48.0,Female,55.0,29.0,4.0,1.0,Premium,Annual,810.77,8.0,No
296551.0,43.0,Male,26.0,23.0,0.0,7.0,Basic,Quarterly,953.74,26.0,No
157773.0,55.0,Female,6.0,14.0,9.0,21.0,Basic,Annual,185.0,30.0,Yes
52280.0,23.0,Female,45.0,20.0,8.0,25.0,Basic,Monthly,480.0,10.0,Yes
36972.0,59.0,Male,41.0,30.0,3.0,12.0,Basic,Monthly,774.0,27.0,Yes
431439.0,28.0,Male,8.0,11.0,1.0,9.0,Basic,Annual,654.93,9.0,No
141937.0,22.0,Female,24.0,11.0,4.0,29.0,Basic,Quarterly,824.0,10.0,Yes
260078.0,34.0,Female,12.0,28.0,0.0,30.0,Basic,Monthly,885.6,15.0,Yes
35255.0,57.0,Female,23.0,21.0,10.0,10.0,Premium,Monthly,256.0,25.0,Yes
75374.0,53.0,Male,26.0,20.0,9.0,23.0,Basic,Annual,451.0,21.0,Yes
445398.0,19.0,Female,48.0,29.0,1.0,15.0,Standard,Quarterly,868.17,3.0,No
336081.0,29.0,Male,17.0,30.0,2.0,15.0,Premium,Quarterly,865.41,16.0,No
111668.0,53.0,Male,40.0,17.0,6.0,6.0,Basic,Quarterly,356.0,3.0,Yes
225267.0,51.0,Female,55.0,29.0,7.0,15.0,Premium,Monthly,931.01,25.0,Yes
105115.0,24.0,Male,59.0,18.0,2.0,23.0,Standard,Quarterly,949.0,21.0,Yes
239899.0,50.0,Female,59.0,4.0,0.0,27.0,Standard,Quarterly,100.5,21.0,Yes
196527.0,43.0,Female,13.0,23.0,2.0,11.0,Premium,Annual,422.0,12.0,Yes
117895.0,36.0,Male,9.0,26.0,2.0,15.0,Standard,Annual,328.0,6.0,Yes
61958.0,65.0,Female,10.0,26.0,5.0,26.0,Basic,Monthly,687.0,10.0,Yes
268471.0,48.0,Male,19.0,21.0,4.0,15.0,Premium,Annual,533.37,29.0,No
366359.0,25.0,Male,53.0,19.0,0.0,15.0,Standard,Quarterly,673.33,15.0,No
429694.0,36.0,Female,10.0,15.0,3.0,0.0,Standard,Annual,522.05,15.0,No
423973.0,38.0,Male,3.0,6.0,0.0,13.0,Premium,Annual,850.81,6.0,No
171453.0,50.0,Female,14.0,8.0,6.0,24.0,Premium,Quarterly,433.0,25.0,Yes
244152.0,40.0,Male,28.0,29.0,9.0,7.0,Basic,Monthly,800.5,18.0,Yes
251860.0,27.0,Male,11.0,29.0,6.0,16.0,Premium,Monthly,567.74,9.0,Yes
371675.0,38.0,Female,6.0,2.0,3.0,9.0,Basic,Quarterly,686.15,10.0,No
96181.0,30.0,Female,59.0,13.0,5.0,14.0,Premium,Monthly,339.0,17.0,Yes
437815.0,33.0,Male,26.0,30.0,1.0,8.0,Basic,Annual,581.28,5.0,No
95129.0,32.0,Male,16.0,22.0,2.0,11.0,Standard,Quarterly,391.0,20.0,Yes
404271.0,45.0,Male,45.0,19.0,3.0,2.0,Basic,Annual,639.92,27.0,No
400479.0,42.0,Male,48.0,3.0,2.0,16.0,Premium,Quarterly,596.1,13.0,No
243258.0,60.0,Female,36.0,2.0,2.0,1.0,Basic,Quarterly,170.45,21.0,Yes
132701.0,36.0,Male,25.0,26.0,5.0,2.0,Premium,Annual,260.0,4.0,Yes
378577.0,25.0,Male,31.0,11.0,1.0,4.0,Basic,Quarterly,642.46,22.0,No
202192.0,38.0,Female,26.0,25.0,6.0,23.0,Premium,Annual,470.0,28.0,Yes
106803.0,40.0,Male,3.0,14.0,4.0,5.0,Basic,Monthly,728.0,25.0,Yes
403934.0,29.0,Female,58.0,11.0,0.0,5.0,Premium,Quarterly,753.94,15.0,No
322570.0,28.0,Female,37.0,7.0,2.0,1.0,Basic,Quarterly,588.7,15.0,No
277493.0,46.0,Male,1.0,10.0,2.0,2.0,Premium,Quarterly,948.78,2.0,No
432504.0,25.0,Male,38.0,25.0,1.0,19.0,Standard,Annual,919.05,3.0,No
105203.0,29.0,Male,32.0,25.0,7.0,21.0,Premium,Annual,352.0,7.0,Yes
312826.0,34.0,Female,38.0,25.0,3.0,3.0,Basic,Quarterly,853.79,11.0,No
192997.0,55.0,Female,16.0,6.0,10.0,25.0,Premium,Quarterly,272.0,6.0,Yes
76461.0,54.0,Female,36.0,5.0,5.0,11.0,Basic,Monthly,551.0,21.0,Yes
396104.0,44.0,Male,55.0,29.0,2.0,15.0,Premium,Annual,591.58,25.0,No
212426.0,60.0,Male,37.0,29.0,9.0,2.0,Premium,Annual,483.91,29.0,Yes
362429.0,50.0,Male,39.0,24.0,2.0,9.0,Basic,Quarterly,705.74,23.0,No
307772.0,43.0,Female,21.0,27.0,2.0,9.0,Premium,Quarterly,868.06,3.0,No
176485.0,65.0,Female,15.0,22.0,9.0,22.0,Standard,Monthly,537.0,23.0,Yes
167697.0,55.0,Female,36.0,25.0,8.0,21.0,Basic,Monthly,577.0,20.0,Yes
228651.0,21.0,Female,53.0,19.0,9.0,17.0,Standard,Monthly,480.06,20.0,Yes
185894.0,49.0,Male,59.0,30.0,1.0,27.0,Standard,Quarterly,799.0,12.0,Yes
22979.0,51.0,Female,34.0,9.0,0.0,19.0,Basic,Monthly,610.0,12.0,Yes
164750.0,22.0,Male,5.0,25.0,4.0,5.0,Premium,Annual,756.0,7.0,Yes
381196.0,50.0,Male,3.0,4.0,4.0,13.0,Standard,Quarterly,797.76,26.0,No
335995.0,32.0,Male,8.0,22.0,3.0,12.0,Standard,Annual,689.9,4.0,No
306384.0,30.0,Female,55.0,3.0,1.0,16.0,Standard,Quarterly,687.47,7.0,No
295949.0,30.0,Male,1.0,3.0,2.0,0.0,Standard,Annual,689.61,1.0,No
195236.0,56.0,Female,5.0,10.0,8.0,14.0,Standard,Monthly,550.0,24.0,Yes
210172.0,34.0,Male,34.0,26.0,9.0,13.0,Basic,Monthly,639.46,15.0,Yes
279779.0,34.0,Male,29.0,1.0,3.0,20.0,Basic,Quarterly,509.41,20.0,No
192099.0,37.0,Female,16.0,10.0,5.0,18.0,Standard,Annual,423.0,27.0,Yes
120015.0,24.0,Female,48.0,11.0,7.0,13.0,Basic,Quarterly,638.0,26.0,Yes
104745.0,41.0,Female,60.0,9.0,9.0,28.0,Standard,Monthly,691.0,9.0,Yes
361546.0,49.0,Female,52.0,12.0,2.0,11.0,Basic,Quarterly,947.02,4.0,No
403560.0,49.0,Female,10.0,24.0,0.0,12.0,Premium,Quarterly,608.3,4.0,No
396550.0,43.0,Female,45.0,16.0,0.0,8.0,Basic,Quarterly,771.22,11.0,No
267874.0,43.0,Female,58.0,25.0,4.0,14.0,Standard,Annual,501.35,1.0,No
287725.0,36.0,Male,1.0,27.0,1.0,13.0,Standard,Quarterly,711.77,25.0,No
251499.0,38.0,Male,27.0,2.0,4.0,8.0,Premium,Quarterly,123.02,29.0,Yes
159317.0,29.0,Female,32.0,29.0,3.0,25.0,Standard,Monthly,989.0,16.0,Yes
215274.0,54.0,Female,32.0,30.0,7.0,13.0,Standard,Annual,918.01,29.0,Yes
4738.0,51.0,Male,43.0,2.0,8.0,20.0,Standard,Monthly,587.0,2.0,Yes
305065.0,34.0,Male,20.0,23.0,1.0,17.0,Basic,Annual,570.01,3.0,No
448295.0,45.0,Female,7.0,4.0,2.0,11.0,Premium,Quarterly,848.29,3.0,No
14484.0,45.0,Female,24.0,10.0,8.0,14.0,Standard,Monthly,981.0,26.0,Yes
265854.0,36.0,Female,6.0,23.0,3.0,8.0,Basic,Quarterly,676.04,13.0,No
197388.0,58.0,Male,36.0,25.0,7.0,26.0,Basic,Annual,693.0,1.0,Yes
61391.0,45.0,Female,57.0,14.0,5.0,17.0,Premium,Annual,124.0,7.0,Yes
356960.0,34.0,Female,51.0,13.0,2.0,17.0,Standard,Quarterly,817.11,4.0,No
90721.0,40.0,Male,2.0,10.0,4.0,18.0,Basic,Quarterly,625.0,1.0,Yes
362662.0,32.0,Male,27.0,30.0,1.0,17.0,Standard,Quarterly,866.57,20.0,No
347641.0,37.0,Female,8.0,17.0,0.0,19.0,Premium,Quarterly,594.21,15.0,No
420345.0,50.0,Male,31.0,4.0,1.0,11.0,Basic,Annual,992.93,22.0,No
238198.0,49.0,Female,28.0,4.0,1.0,28.0,Basic,Monthly,198.1,15.0,Yes
269984.0,35.0,Female,22.0,11.0,2.0,4.0,Basic,Quarterly,581.22,1.0,No
390153.0,28.0,Female,15.0,13.0,1.0,1.0,Premium,Quarterly,749.72,12.0,No
408175.0,50.0,Male,11.0,16.0,2.0,3.0,Premium,Quarterly,906.83,23.0,No
270466.0,48.0,Male,48.0,12.0,2.0,14.0,Basic,Annual,847.12,12.0,No
318266.0,42.0,Male,26.0,24.0,0.0,7.0,Premium,Quarterly,922.65,1.0,No
45178.0,47.0,Female,11.0,18.0,5.0,6.0,Basic,Monthly,196.0,9.0,Yes
361858.0,39.0,Female,55.0,10.0,3.0,8.0,Basic,Annual,592.93,14.0,No
327405.0,31.0,Male,1.0,6.0,2.0,13.0,Premium,Annual,791.33,17.0,No
102425.0,43.0,Male,3.0,26.0,3.0,4.0,Basic,Annual,271.0,19.0,Yes
365074.0,47.0,Male,17.0,29.0,2.0,19.0,Basic,Annual,516.37,17.0,No
288121.0,39.0,Male,44.0,19.0,0.0,10.0,Premium,Annual,754.89,15.0,No
344053.0,33.0,Female,4.0,5.0,0.0,10.0,Standard,Annual,721.72,2.0,No
221296.0,34.0,Female,28.0,12.0,0.0,27.0,Premium,Monthly,122.66,22.0,Yes
177964.0,33.0,Male,58.0,21.0,7.0,27.0,Premium,Monthly,685.0,27.0,Yes
154716.0,62.0,Male,56.0,20.0,0.0,14.0,Premium,Quarterly,800.0,4.0,Yes
273238.0,39.0,Male,1.0,30.0,3.0,15.0,Premium,Annual,572.64,12.0,No
165721.0,52.0,Male,19.0,16.0,5.0,2.0,Basic,Monthly,154.0,21.0,Yes
332496.0,44.0,Female,51.0,10.0,2.0,12.0,Premium,Quarterly,973.63,5.0,No
32615.0,38.0,Female,18.0,16.0,3.0,24.0,Premium,Monthly,332.0,23.0,Yes
431763.0,22.0,Male,10.0,18.0,1.0,7.0,Basic,Quarterly,903.98,22.0,No
247628.0,48.0,Female,38.0,8.0,7.0,6.0,Standard,Annual,224.49,7.0,Yes
96292.0,32.0,Male,18.0,9.0,1.0,5.0,Premium,Quarterly,868.0,25.0,Yes
258379.0,29.0,Female,4.0,30.0,4.0,18.0,Basic,Monthly,383.05,2.0,Yes
359707.0,39.0,Female,6.0,14.0,1.0,15.0,Basic,Annual,879.05,9.0,No
259572.0,35.0,Female,43.0,26.0,8.0,1.0,Premium,Quarterly,129.86,30.0,Yes
210622.0,50.0,Female,23.0,27.0,5.0,14.0,Basic,Monthly,151.27,6.0,Yes
60000.0,41.0,Male,3.0,28.0,3.0,19.0,Basic,Monthly,482.0,14.0,Yes
69119.0,34.0,Male,49.0,27.0,1.0,28.0,Standard,Quarterly,645.0,27.0,Yes
298443.0,28.0,Female,45.0,30.0,1.0,6.0,Standard,Annual,541.57,1.0,No
398820.0,40.0,Male,33.0,16.0,4.0,7.0,Premium,Annual,825.61,23.0,No
112652.0,61.0,Male,23.0,1.0,8.0,29.0,Premium,Quarterly,367.0,4.0,Yes
258049.0,59.0,Male,12.0,25.0,7.0,22.0,Standard,Quarterly,571.8,2.0,Yes
293409.0,33.0,Male,9.0,10.0,3.0,19.0,Standard,Annual,927.22,30.0,No
272767.0,42.0,Female,38.0,11.0,4.0,7.0,Premium,Annual,631.11,9.0,No
87380.0,29.0,Female,45.0,5.0,8.0,2.0,Standard,Quarterly,869.0,5.0,Yes
36876.0,33.0,Female,29.0,22.0,10.0,29.0,Premium,Monthly,337.0,19.0,Yes
220349.0,28.0,Male,22.0,13.0,10.0,12.0,Premium,Annual,810.23,27.0,Yes
41652.0,46.0,Male,49.0,9.0,4.0,25.0,Premium,Monthly,489.0,30.0,Yes
322002.0,48.0,Female,51.0,26.0,0.0,12.0,Basic,Annual,752.24,12.0,No
247861.0,53.0,Male,59.0,16.0,9.0,22.0,Basic,Monthly,497.24,11.0,Yes
296451.0,49.0,Female,3.0,22.0,4.0,19.0,Premium,Annual,540.76,5.0,No
393983.0,39.0,Male,14.0,27.0,0.0,7.0,Standard,Annual,912.22,17.0,No
212614.0,30.0,Male,23.0,20.0,7.0,12.0,Standard,Monthly,307.99,2.0,Yes
69262.0,23.0,Female,46.0,8.0,7.0,9.0,Premium,Monthly,791.0,23.0,Yes
350099.0,36.0,Male,37.0,25.0,2.0,14.0,Basic,Quarterly,617.59,25.0,No
410527.0,23.0,Male,42.0,29.0,1.0,13.0,Premium,Annual,638.16,2.0,No
195511.0,32.0,Female,2.0,3.0,0.0,5.0,Premium,Quarterly,117.0,8.0,Yes
444436.0,40.0,Female,47.0,24.0,4.0,16.0,Premium,Quarterly,735.69,3.0,No
413037.0,22.0,Female,58.0,3.0,1.0,1.0,Standard,Annual,985.74,12.0,No
198005.0,30.0,Female,43.0,18.0,5.0,27.0,Basic,Monthly,980.0,25.0,Yes
56568.0,29.0,Female,7.0,26.0,8.0,22.0,Standard,Quarterly,732.0,21.0,Yes
377139.0,29.0,Male,56.0,28.0,1.0,19.0,Standard,Annual,733.94,17.0,No
3172.0,59.0,Female,16.0,27.0,3.0,24.0,Standard,Quarterly,147.0,22.0,Yes
256906.0,53.0,Male,55.0,14.0,4.0,29.0,Standard,Quarterly,307.92,5.0,Yes
102577.0,54.0,Male,21.0,29.0,3.0,25.0,Basic,Monthly,674.0,7.0,Yes
47548.0,26.0,Female,22.0,4.0,8.0,23.0,Standard,Monthly,324.0,14.0,Yes
424294.0,38.0,Male,3.0,4.0,1.0,9.0,Standard,Quarterly,530.06,10.0,No
311722.0,44.0,Female,33.0,3.0,4.0,5.0,Basic,Annual,776.56,7.0,No
105668.0,50.0,Male,42.0,15.0,10.0,3.0,Premium,Quarterly,774.0,19.0,Yes
71974.0,33.0,Female,45.0,30.0,0.0,27.0,Standard,Annual,740.0,16.0,Yes
332608.0,30.0,Female,31.0,23.0,1.0,20.0,Standard,Annual,605.68,6.0,No
422368.0,22.0,Male,46.0,11.0,1.0,11.0,Basic,Annual,500.78,16.0,No
177067.0,57.0,Female,35.0,15.0,7.0,4.0,Standard,Quarterly,923.0,1.0,Yes
55393.0,56.0,Male,44.0,28.0,0.0,27.0,Standard,Quarterly,911.0,18.0,Yes
326549.0,49.0,Male,48.0,25.0,4.0,0.0,Premium,Annual,877.68,8.0,No
28723.0,18.0,Male,58.0,10.0,8.0,20.0,Premium,Quarterly,278.0,11.0,Yes
205859.0,25.0,Female,22.0,9.0,8.0,9.0,Basic,Quarterly,824.34,25.0,Yes
366340.0,29.0,Female,47.0,30.0,0.0,6.0,Standard,Quarterly,529.72,7.0,No
282293.0,42.0,Male,35.0,28.0,1.0,16.0,Basic,Quarterly,825.91,7.0,No
315177.0,42.0,Male,28.0,23.0,2.0,11.0,Basic,Quarterly,772.5,29.0,No
48051.0,18.0,Male,58.0,8.0,9.0,12.0,Premium,Quarterly,456.0,14.0,Yes
337230.0,47.0,Male,29.0,6.0,4.0,20.0,Premium,Quarterly,827.69,30.0,No
151406.0,19.0,Male,5.0,23.0,1.0,9.0,Premium,Monthly,194.0,30.0,Yes
49956.0,54.0,Male,57.0,18.0,9.0,15.0,Premium,Quarterly,482.0,9.0,Yes
337804.0,34.0,Female,21.0,12.0,1.0,2.0,Premium,Quarterly,687.58,2.0,No
135529.0,38.0,Male,54.0,21.0,6.0,5.0,Standard,Quarterly,116.0,9.0,Yes
268501.0,29.0,Male,60.0,30.0,1.0,15.0,Standard,Annual,597.44,28.0,No
137731.0,43.0,Female,47.0,14.0,7.0,26.0,Premium,Monthly,517.0,17.0,Yes
202791.0,22.0,Female,38.0,10.0,3.0,6.0,Standard,Quarterly,710.0,20.0,Yes
405993.0,30.0,Male,54.0,10.0,1.0,6.0,Standard,Quarterly,794.34,9.0,No
278765.0,35.0,Male,5.0,20.0,0.0,15.0,Standard,Quarterly,953.05,16.0,No
180019.0,62.0,Female,2.0,30.0,5.0,5.0,Premium,Quarterly,197.0,12.0,Yes
429390.0,50.0,Female,31.0,24.0,5.0,18.0,Basic,Annual,560.08,13.0,No
86496.0,59.0,Male,60.0,15.0,3.0,29.0,Standard,Monthly,102.0,26.0,Yes
123367.0,27.0,Male,14.0,18.0,5.0,18.0,Basic,Annual,444.0,15.0,Yes
95592.0,41.0,Male,58.0,20.0,1.0,25.0,Standard,Monthly,146.0,5.0,Yes
389081.0,36.0,Male,54.0,25.0,1.0,11.0,Standard,Annual,521.91,27.0,No
183927.0,22.0,Female,32.0,30.0,6.0,25.0,Basic,Quarterly,136.0,25.0,Yes
104664.0,50.0,Female,8.0,9.0,1.0,19.0,Standard,Monthly,380.0,12.0,Yes
329437.0,50.0,Male,25.0,25.0,0.0,5.0,Basic,Annual,808.88,27.0,No
231821.0,45.0,Female,55.0,10.0,2.0,28.0,Standard,Monthly,290.15,18.0,Yes
251142.0,54.0,Female,20.0,7.0,6.0,18.0,Premium,Quarterly,482.72,19.0,Yes
80175.0,23.0,Female,8.0,25.0,2.0,26.0,Basic,Quarterly,897.0,17.0,Yes
234333.0,39.0,Male,10.0,7.0,7.0,12.0,Basic,Monthly,391.48,25.0,Yes
43510.0,38.0,Female,45.0,26.0,4.0,25.0,Basic,Quarterly,724.0,20.0,Yes
304276.0,21.0,Female,27.0,9.0,0.0,12.0,Standard,Quarterly,866.24,9.0,No
237218.0,22.0,Female,7.0,24.0,8.0,10.0,Basic,Quarterly,228.61,3.0,Yes
202854.0,26.0,Male,30.0,6.0,8.0,2.0,Basic,Annual,914.0,24.0,Yes
244120.0,45.0,Male,21.0,10.0,6.0,0.0,Basic,Quarterly,335.77,14.0,Yes
57274.0,35.0,Female,6.0,20.0,5.0,21.0,Basic,Quarterly,718.0,2.0,Yes
20449.0,42.0,Female,27.0,28.0,4.0,4.0,Standard,Annual,408.0,9.0,Yes
188564.0,40.0,Male,56.0,26.0,3.0,28.0,Basic,Quarterly,579.0,13.0,Yes
102854.0,59.0,Female,4.0,24.0,5.0,7.0,Basic,Monthly,225.0,2.0,Yes
28938.0,46.0,Male,25.0,20.0,6.0,17.0,Premium,Quarterly,105.0,5.0,Yes
243295.0,41.0,Female,20.0,1.0,0.0,9.0,Premium,Monthly,129.02,30.0,Yes
40815.0,38.0,Female,12.0,13.0,1.0,14.0,Standard,Monthly,606.0,13.0,Yes
35904.0,36.0,Male,49.0,13.0,5.0,28.0,Basic,Annual,293.0,25.0,Yes
207349.0,61.0,Male,12.0,19.0,7.0,19.0,Standard,Monthly,119.83,27.0,Yes
130695.0,26.0,Male,29.0,21.0,9.0,27.0,Basic,Quarterly,367.0,13.0,Yes
247426.0,39.0,Male,45.0,30.0,3.0,15.0,Standard,Monthly,212.39,9.0,Yes
128868.0,38.0,Male,38.0,21.0,6.0,15.0,Standard,Monthly,239.0,23.0,Yes
55378.0,26.0,Male,6.0,24.0,1.0,9.0,Basic,Monthly,830.0,25.0,Yes
350346.0,43.0,Female,14.0,22.0,4.0,8.0,Standard,Quarterly,549.24,14.0,No
263858.0,33.0,Female,32.0,16.0,2.0,0.0,Premium,Quarterly,709.05,15.0,No
305241.0,36.0,Male,24.0,28.0,1.0,3.0,Basic,Quarterly,639.02,23.0,No
94487.0,28.0,Female,31.0,18.0,1.0,22.0,Standard,Annual,862.0,21.0,Yes
105359.0,41.0,Female,15.0,8.0,8.0,9.0,Premium,Monthly,935.0,25.0,Yes
435031.0,50.0,Male,35.0,29.0,2.0,0.0,Standard,Quarterly,875.37,26.0,No
113228.0,22.0,Female,19.0,11.0,7.0,26.0,Premium,Quarterly,321.0,24.0,Yes
168305.0,21.0,Female,5.0,6.0,3.0,6.0,Standard,Quarterly,562.0,15.0,Yes
369855.0,28.0,Male,49.0,27.0,1.0,2.0,Standard,Quarterly,834.76,6.0,No
56426.0,60.0,Female,56.0,15.0,2.0,18.0,Premium,Monthly,924.0,29.0,Yes
246410.0,61.0,Male,49.0,12.0,7.0,14.0,Basic,Quarterly,419.22,4.0,Yes
279965.0,43.0,Male,42.0,22.0,1.0,11.0,Basic,Quarterly,585.69,25.0,No
92563.0,32.0,Female,58.0,21.0,2.0,18.0,Premium,Monthly,477.0,27.0,Yes
34230.0,50.0,Female,19.0,19.0,7.0,29.0,Basic,Annual,507.0,1.0,Yes
185767.0,43.0,Female,46.0,12.0,0.0,23.0,Basic,Annual,172.0,5.0,Yes
49418.0,30.0,Female,7.0,30.0,5.0,9.0,Standard,Monthly,147.0,7.0,Yes
282416.0,48.0,Female,31.0,30.0,2.0,14.0,Basic,Quarterly,709.94,9.0,No
286135.0,24.0,Male,49.0,26.0,2.0,7.0,Premium,Quarterly,677.15,4.0,No
120894.0,20.0,Male,22.0,24.0,4.0,5.0,Standard,Annual,315.0,11.0,Yes
51244.0,59.0,Female,38.0,10.0,3.0,29.0,Standard,Quarterly,734.0,20.0,Yes
28951.0,45.0,Female,54.0,9.0,7.0,15.0,Basic,Quarterly,952.0,30.0,Yes
431085.0,39.0,Female,41.0,14.0,3.0,3.0,Basic,Quarterly,895.17,11.0,No
337847.0,31.0,Male,54.0,7.0,2.0,10.0,Basic,Quarterly,726.89,3.0,No
68529.0,52.0,Male,8.0,26.0,4.0,20.0,Basic,Monthly,947.0,4.0,Yes
329892.0,24.0,Male,28.0,2.0,0.0,7.0,Basic,Quarterly,932.46,9.0,No
194428.0,44.0,Female,49.0,7.0,9.0,30.0,Standard,Monthly,530.0,18.0,Yes
118510.0,21.0,Male,53.0,18.0,6.0,23.0,Premium,Quarterly,739.0,23.0,Yes
265615.0,42.0,Male,23.0,21.0,3.0,12.0,Premium,Annual,961.13,8.0,No
149431.0,58.0,Female,1.0,14.0,7.0,2.0,Premium,Quarterly,378.0,18.0,Yes
190477.0,19.0,Male,2.0,6.0,0.0,15.0,Premium,Quarterly,221.0,2.0,Yes
350021.0,37.0,Female,59.0,27.0,2.0,11.0,Basic,Quarterly,698.04,4.0,No
439708.0,24.0,Male,50.0,4.0,0.0,0.0,Basic,Annual,816.65,12.0,No
173865.0,50.0,Male,35.0,21.0,0.0,1.0,Basic,Monthly,210.0,5.0,Yes
74892.0,18.0,Male,55.0,21.0,9.0,10.0,Standard,Monthly,155.0,24.0,Yes
14971.0,21.0,Female,49.0,29.0,10.0,23.0,Premium,Monthly,762.0,20.0,Yes
275323.0,43.0,Male,38.0,27.0,0.0,6.0,Premium,Annual,645.63,9.0,No
119248.0,23.0,Male,21.0,1.0,9.0,4.0,Basic,Monthly,770.0,8.0,Yes
243567.0,43.0,Female,29.0,18.0,3.0,21.0,Standard,Quarterly,709.79,17.0,Yes
284729.0,43.0,Male,48.0,23.0,3.0,12.0,Basic,Quarterly,593.39,15.0,No
368018.0,48.0,Male,21.0,18.0,3.0,4.0,Basic,Quarterly,738.01,20.0,No
63933.0,27.0,Female,8.0,1.0,2.0,3.0,Standard,Quarterly,898.0,27.0,Yes
211868.0,24.0,Male,60.0,24.0,5.0,16.0,Standard,Quarterly,977.58,14.0,Yes
37681.0,52.0,Male,28.0,24.0,4.0,3.0,Standard,Annual,814.0,26.0,Yes
52608.0,41.0,Male,31.0,17.0,10.0,30.0,Basic,Monthly,438.0,18.0,Yes
311417.0,32.0,Male,37.0,23.0,3.0,12.0,Standard,Annual,900.62,11.0,No
123763.0,58.0,Male,24.0,23.0,3.0,4.0,Premium,Monthly,852.0,2.0,Yes
172271.0,33.0,Female,21.0,25.0,4.0,11.0,Premium,Monthly,658.0,5.0,Yes
327083.0,50.0,Female,37.0,19.0,2.0,9.0,Basic,Quarterly,893.08,15.0,No
220890.0,29.0,Female,17.0,27.0,8.0,4.0,Standard,Quarterly,868.42,11.0,Yes
230374.0,18.0,Female,41.0,6.0,8.0,29.0,Basic,Annual,960.54,18.0,Yes
376448.0,26.0,Male,49.0,4.0,0.0,6.0,Premium,Annual,774.7,15.0,No
256346.0,30.0,Female,37.0,9.0,3.0,8.0,Standard,Monthly,418.04,2.0,Yes
265260.0,34.0,Male,29.0,20.0,2.0,13.0,Premium,Quarterly,938.57,14.0,No
333360.0,43.0,Male,6.0,19.0,4.0,19.0,Premium,Quarterly,671.16,8.0,No
222765.0,41.0,Female,5.0,6.0,2.0,16.0,Standard,Monthly,837.3,27.0,Yes
63392.0,52.0,Male,3.0,18.0,7.0,10.0,Standard,Monthly,603.0,27.0,Yes
255671.0,35.0,Female,43.0,23.0,5.0,19.0,Basic,Quarterly,230.73,17.0,Yes
329244.0,46.0,Male,47.0,12.0,2.0,11.0,Premium,Quarterly,629.88,17.0,No
20099.0,61.0,Female,16.0,21.0,9.0,4.0,Premium,Quarterly,270.0,4.0,Yes
422846.0,43.0,Male,17.0,17.0,0.0,7.0,Standard,Annual,851.21,27.0,No
319230.0,39.0,Female,46.0,22.0,3.0,11.0,Premium,Annual,796.1,6.0,No
325332.0,28.0,Male,60.0,12.0,2.0,18.0,Basic,Quarterly,592.08,26.0,No
144744.0,43.0,Female,46.0,14.0,8.0,25.0,Premium,Annual,873.0,30.0,Yes
119687.0,39.0,Male,9.0,7.0,5.0,27.0,Premium,Monthly,536.0,21.0,Yes
386918.0,35.0,Female,39.0,23.0,3.0,6.0,Standard,Annual,927.26,4.0,No
309858.0,38.0,Female,42.0,11.0,1.0,19.0,Basic,Annual,914.79,13.0,No
284390.0,37.0,Female,16.0,18.0,1.0,3.0,Basic,Quarterly,822.96,3.0,No
314630.0,47.0,Male,46.0,13.0,4.0,14.0,Basic,Quarterly,783.6,8.0,No
256359.0,34.0,Female,16.0,16.0,9.0,28.0,Premium,Quarterly,213.81,24.0,Yes
275141.0,39.0,Male,9.0,7.0,1.0,3.0,Basic,Annual,915.09,12.0,No
422808.0,28.0,Female,32.0,11.0,1.0,14.0,Standard,Quarterly,700.79,3.0,No
350165.0,39.0,Male,31.0,11.0,2.0,20.0,Basic,Quarterly,797.37,29.0,No
211833.0,24.0,Male,8.0,22.0,0.0,0.0,Standard,Quarterly,204.28,12.0,Yes
75383.0,40.0,Male,17.0,28.0,10.0,26.0,Basic,Quarterly,353.0,28.0,Yes
406546.0,42.0,Male,56.0,18.0,1.0,19.0,Standard,Annual,765.92,11.0,No
217886.0,64.0,Male,41.0,7.0,4.0,22.0,Basic,Annual,372.67,10.0,Yes
406965.0,23.0,Female,11.0,26.0,0.0,8.0,Basic,Quarterly,614.6,15.0,No
297016.0,27.0,Female,58.0,2.0,0.0,13.0,Standard,Annual,886.7,12.0,No
102236.0,37.0,Female,4.0,2.0,0.0,10.0,Basic,Monthly,843.0,15.0,Yes
185922.0,18.0,Male,10.0,23.0,0.0,0.0,Premium,Quarterly,349.0,12.0,Yes
193837.0,60.0,Female,7.0,9.0,7.0,0.0,Premium,Monthly,435.0,22.0,Yes
87520.0,39.0,Female,19.0,10.0,8.0,26.0,Standard,Monthly,984.0,30.0,Yes
140778.0,43.0,Male,26.0,1.0,6.0,9.0,Basic,Quarterly,506.0,5.0,Yes
258644.0,49.0,Male,24.0,23.0,5.0,1.0,Basic,Monthly,221.97,1.0,Yes
385840.0,45.0,Male,6.0,2.0,0.0,6.0,Premium,Quarterly,905.91,15.0,No
300479.0,41.0,Male,53.0,30.0,2.0,4.0,Premium,Annual,932.73,16.0,No
20986.0,29.0,Female,56.0,9.0,1.0,16.0,Premium,Monthly,642.0,22.0,Yes
141605.0,23.0,Male,17.0,11.0,4.0,4.0,Premium,Monthly,196.0,26.0,Yes
420037.0,40.0,Female,47.0,30.0,1.0,0.0,Basic,Annual,840.44,7.0,No
256073.0,46.0,Female,60.0,22.0,7.0,22.0,Standard,Quarterly,890.86,9.0,Yes
135601.0,62.0,Female,13.0,4.0,10.0,21.0,Standard,Quarterly,473.0,25.0,Yes
136065.0,46.0,Male,36.0,17.0,6.0,10.0,Standard,Quarterly,784.0,9.0,Yes
271596.0,25.0,Female,7.0,5.0,1.0,16.0,Standard,Annual,697.23,6.0,No
172578.0,23.0,Male,23.0,5.0,0.0,18.0,Premium,Annual,901.0,24.0,Yes
301678.0,44.0,Female,42.0,29.0,0.0,18.0,Premium,Annual,676.55,15.0,No
419860.0,43.0,Male,16.0,21.0,1.0,10.0,Basic,Annual,715.54,13.0,No
160554.0,23.0,Male,25.0,19.0,2.0,7.0,Premium,Quarterly,303.0,26.0,Yes
411509.0,32.0,Female,59.0,23.0,2.0,16.0,Premium,Annual,979.42,9.0,No
307290.0,43.0,Male,14.0,29.0,3.0,7.0,Premium,Quarterly,644.56,4.0,No
107999.0,61.0,Female,42.0,12.0,0.0,24.0,Standard,Annual,559.0,4.0,Yes
8751.0,43.0,Female,44.0,5.0,8.0,25.0,Basic,Annual,549.0,30.0,Yes
392978.0,50.0,Male,48.0,24.0,5.0,20.0,Basic,Annual,819.0,25.0,No
144204.0,27.0,Male,12.0,28.0,3.0,9.0,Premium,Quarterly,994.0,1.0,Yes
357737.0,45.0,Male,5.0,22.0,4.0,9.0,Premium,Annual,562.05,5.0,No
83662.0,19.0,Male,40.0,29.0,9.0,22.0,Basic,Monthly,223.0,9.0,Yes
341283.0,30.0,Male,54.0,7.0,3.0,9.0,Basic,Quarterly,851.45,22.0,No
236289.0,26.0,Male,3.0,12.0,7.0,20.0,Standard,Monthly,616.5,10.0,Yes
96188.0,27.0,Male,58.0,13.0,1.0,30.0,Basic,Monthly,725.0,28.0,Yes
202838.0,47.0,Male,45.0,14.0,1.0,2.0,Standard,Annual,119.0,13.0,Yes
247606.0,22.0,Male,12.0,7.0,9.0,15.0,Standard,Monthly,208.16,20.0,Yes
258194.0,54.0,Female,1.0,16.0,3.0,29.0,Basic,Quarterly,439.38,23.0,Yes
412285.0,36.0,Female,47.0,8.0,1.0,11.0,Premium,Quarterly,585.75,15.0,No
43113.0,58.0,Female,38.0,20.0,2.0,30.0,Basic,Monthly,851.0,18.0,Yes
394703.0,48.0,Male,48.0,2.0,1.0,5.0,Premium,Quarterly,683.61,6.0,No
384495.0,50.0,Female,12.0,29.0,1.0,1.0,Basic,Annual,620.09,14.0,No
268426.0,22.0,Female,8.0,27.0,2.0,16.0,Premium,Quarterly,509.91,10.0,No
426518.0,41.0,Male,55.0,20.0,2.0,13.0,Standard,Quarterly,874.76,28.0,No
372213.0,44.0,Female,6.0,4.0,2.0,2.0,Premium,Quarterly,568.98,4.0,No
79925.0,33.0,Male,32.0,3.0,7.0,4.0,Basic,Quarterly,754.0,10.0,Yes
57675.0,40.0,Female,42.0,1.0,9.0,4.0,Basic,Quarterly,687.0,25.0,Yes
308206.0,24.0,Male,13.0,26.0,1.0,16.0,Premium,Quarterly,965.01,5.0,No
342491.0,40.0,Male,10.0,2.0,2.0,17.0,Standard,Annual,989.63,26.0,No
331063.0,37.0,Male,28.0,12.0,0.0,17.0,Premium,Quarterly,811.67,3.0,No
293436.0,34.0,Male,40.0,20.0,0.0,18.0,Basic,Annual,976.91,14.0,No
166386.0,30.0,Male,41.0,22.0,1.0,24.0,Standard,Annual,357.0,27.0,Yes
165307.0,47.0,Male,32.0,5.0,8.0,30.0,Premium,Annual,224.0,24.0,Yes
381088.0,45.0,Male,47.0,8.0,2.0,13.0,Standard,Annual,545.75,17.0,No
203478.0,26.0,Male,30.0,17.0,10.0,30.0,Standard,Quarterly,549.0,27.0,Yes
233469.0,49.0,Female,37.0,23.0,6.0,3.0,Standard,Monthly,693.83,21.0,Yes
128222.0,24.0,Male,19.0,30.0,1.0,26.0,Standard,Quarterly,913.0,16.0,Yes
247554.0,59.0,Male,25.0,12.0,6.0,9.0,Basic,Monthly,264.85,25.0,Yes
206396.0,46.0,Male,58.0,6.0,4.0,27.0,Standard,Monthly,254.34,11.0,Yes
282555.0,23.0,Male,15.0,18.0,0.0,7.0,Basic,Quarterly,936.82,7.0,No
419450.0,22.0,Female,27.0,22.0,0.0,1.0,Premium,Annual,965.36,11.0,No
419151.0,24.0,Male,23.0,28.0,1.0,8.0,Basic,Annual,843.55,2.0,No
129353.0,44.0,Female,42.0,12.0,7.0,24.0,Standard,Annual,321.0,24.0,Yes
145645.0,49.0,Female,21.0,20.0,7.0,24.0,Basic,Annual,200.0,5.0,Yes
433825.0,20.0,Female,48.0,25.0,0.0,7.0,Basic,Annual,804.84,14.0,No
366733.0,50.0,Male,24.0,18.0,3.0,6.0,Premium,Annual,909.25,8.0,No
14573.0,24.0,Male,44.0,2.0,8.0,10.0,Basic,Annual,299.0,9.0,Yes
437346.0,30.0,Male,21.0,22.0,3.0,11.0,Premium,Annual,902.82,4.0,No
416572.0,38.0,Female,4.0,13.0,1.0,9.0,Standard,Annual,708.47,15.0,No
133801.0,34.0,Male,2.0,1.0,0.0,11.0,Basic,Quarterly,569.0,2.0,Yes
333164.0,49.0,Female,9.0,1.0,4.0,14.0,Standard,Quarterly,521.54,15.0,No
414696.0,42.0,Female,44.0,13.0,3.0,3.0,Basic,Annual,551.44,15.0,No
160556.0,45.0,Male,15.0,1.0,2.0,29.0,Basic,Annual,470.0,22.0,Yes
417627.0,30.0,Male,5.0,20.0,0.0,16.0,Standard,Quarterly,520.36,23.0,No
306989.0,32.0,Female,15.0,27.0,3.0,9.0,Premium,Quarterly,972.6,5.0,No
4590.0,41.0,Male,58.0,11.0,0.0,16.0,Basic,Annual,991.0,20.0,No
51459.0,39.0,Male,14.0,14.0,9.0,5.0,Standard,Annual,768.0,4.0,Yes
354958.0,40.0,Male,18.0,15.0,2.0,13.0,Premium,Quarterly,867.18,27.0,No
416109.0,20.0,Female,36.0,10.0,2.0,17.0,Standard,Annual,553.37,7.0,No
222716.0,20.0,Female,7.0,6.0,7.0,4.0,Premium,Quarterly,435.28,25.0,Yes
1423.0,33.0,Female,29.0,6.0,7.0,11.0,Premium,Annual,408.0,21.0,Yes
384144.0,30.0,Male,52.0,21.0,1.0,7.0,Premium,Annual,815.15,9.0,No
10993.0,57.0,Female,4.0,30.0,2.0,5.0,Standard,Annual,654.0,19.0,Yes
285576.0,42.0,Male,37.0,14.0,1.0,17.0,Premium,Quarterly,737.76,14.0,No
92449.0,37.0,Female,35.0,7.0,6.0,17.0,Premium,Quarterly,437.0,27.0,Yes
11015.0,41.0,Male,20.0,17.0,9.0,1.0,Premium,Annual,274.0,20.0,Yes
5723.0,22.0,Male,30.0,16.0,6.0,16.0,Standard,Annual,999.0,17.0,Yes
62245.0,39.0,Male,10.0,22.0,6.0,2.0,Standard,Annual,139.0,6.0,Yes
352170.0,23.0,Female,29.0,10.0,1.0,2.0,Standard,Quarterly,523.39,15.0,No
8946.0,57.0,Female,22.0,21.0,2.0,17.0,Basic,Monthly,175.0,2.0,Yes
380460.0,47.0,Male,57.0,25.0,4.0,19.0,Basic,Annual,872.99,30.0,No
160465.0,59.0,Male,56.0,30.0,8.0,19.0,Standard,Annual,350.0,22.0,Yes
195868.0,58.0,Female,3.0,15.0,9.0,30.0,Premium,Quarterly,403.0,30.0,Yes
221149.0,40.0,Male,6.0,11.0,7.0,1.0,Standard,Annual,460.2,21.0,Yes
42306.0,59.0,Female,24.0,1.0,5.0,10.0,Standard,Annual,638.0,3.0,Yes
263603.0,47.0,Female,54.0,16.0,3.0,15.0,Basic,Quarterly,567.41,15.0,No
9520.0,26.0,Female,33.0,1.0,0.0,18.0,Standard,Monthly,620.0,18.0,Yes
208758.0,58.0,Male,10.0,29.0,10.0,1.0,Basic,Annual,682.62,3.0,Yes
132938.0,27.0,Female,48.0,11.0,4.0,14.0,Standard,Quarterly,866.0,29.0,Yes
86547.0,38.0,Female,30.0,24.0,2.0,26.0,Basic,Quarterly,690.0,29.0,Yes
446051.0,25.0,Male,8.0,28.0,2.0,12.0,Standard,Annual,604.45,12.0,No
325460.0,23.0,Male,8.0,12.0,1.0,2.0,Premium,Annual,840.84,29.0,No
281783.0,26.0,Male,16.0,12.0,1.0,16.0,Premium,Quarterly,877.34,17.0,No
60746.0,44.0,Female,21.0,30.0,6.0,7.0,Standard,Annual,325.0,23.0,Yes
357975.0,18.0,Male,3.0,14.0,0.0,8.0,Premium,Quarterly,790.84,20.0,No
41487.0,58.0,Female,39.0,30.0,3.0,19.0,Premium,Quarterly,950.0,25.0,Yes
410744.0,35.0,Male,56.0,14.0,3.0,10.0,Standard,Annual,926.34,16.0,No
220000.0,58.0,Male,53.0,7.0,7.0,9.0,Basic,Monthly,140.12,1.0,Yes
44178.0,53.0,Male,6.0,19.0,1.0,21.0,Premium,Annual,610.0,26.0,Yes
273779.0,40.0,Male,10.0,22.0,2.0,10.0,Premium,Quarterly,999.71,8.0,No
176885.0,65.0,Female,8.0,14.0,2.0,22.0,Basic,Annual,574.0,5.0,Yes
379921.0,49.0,Male,41.0,6.0,3.0,4.0,Standard,Annual,962.69,2.0,No
377446.0,18.0,Male,21.0,29.0,0.0,17.0,Premium,Quarterly,572.52,4.0,No
162889.0,48.0,Female,3.0,20.0,3.0,29.0,Standard,Annual,976.0,14.0,Yes
358935.0,40.0,Male,59.0,29.0,3.0,1.0,Standard,Quarterly,541.75,22.0,No
341788.0,48.0,Male,47.0,11.0,2.0,15.0,Standard,Annual,999.72,27.0,No
408415.0,41.0,Male,46.0,9.0,2.0,6.0,Basic,Annual,666.47,30.0,No
441122.0,50.0,Male,7.0,24.0,1.0,15.0,Basic,Annual,620.57,19.0,No
235395.0,32.0,Male,30.0,21.0,0.0,6.0,Premium,Monthly,574.42,21.0,Yes
249433.0,40.0,Male,31.0,24.0,9.0,20.0,Premium,Quarterly,416.9,2.0,Yes
174504.0,57.0,Female,47.0,17.0,1.0,24.0,Basic,Quarterly,135.0,26.0,Yes
227838.0,58.0,Male,8.0,4.0,3.0,19.0,Premium,Quarterly,983.97,15.0,Yes
254316.0,35.0,Female,17.0,20.0,0.0,30.0,Standard,Monthly,283.72,24.0,Yes
155510.0,19.0,Female,19.0,17.0,10.0,1.0,Standard,Quarterly,605.0,5.0,Yes
185292.0,27.0,Male,9.0,24.0,4.0,21.0,Basic,Quarterly,368.0,20.0,Yes
33130.0,21.0,Female,39.0,5.0,9.0,17.0,Basic,Monthly,517.0,28.0,Yes
142201.0,52.0,Male,49.0,28.0,10.0,30.0,Standard,Monthly,657.0,28.0,Yes
352091.0,38.0,Female,46.0,25.0,3.0,2.0,Standard,Annual,906.18,12.0,No
37504.0,38.0,Male,43.0,9.0,4.0,26.0,Basic,Monthly,390.0,25.0,Yes
397770.0,34.0,Male,28.0,2.0,2.0,3.0,Basic,Annual,975.7,24.0,No
78856.0,47.0,Female,58.0,7.0,4.0,20.0,Standard,Annual,229.0,24.0,Yes
72925.0,59.0,Male,56.0,21.0,6.0,13.0,Basic,Quarterly,743.0,9.0,Yes
355228.0,31.0,Female,26.0,1.0,0.0,14.0,Premium,Annual,766.8,1.0,No
302631.0,18.0,Male,59.0,21.0,0.0,11.0,Standard,Quarterly,966.29,14.0,No
305797.0,30.0,Male,9.0,16.0,0.0,9.0,Standard,Annual,930.85,9.0,No
89063.0,48.0,Female,8.0,24.0,1.0,16.0,Standard,Quarterly,196.0,9.0,Yes
448336.0,28.0,Male,9.0,12.0,2.0,18.0,Premium,Annual,958.75,11.0,No
85929.0,56.0,Female,58.0,21.0,10.0,3.0,Standard,Annual,847.0,5.0,Yes
366877.0,24.0,Male,57.0,28.0,2.0,3.0,Standard,Quarterly,991.73,3.0,No
61615.0,57.0,Male,54.0,15.0,0.0,15.0,Standard,Annual,626.0,24.0,Yes
244597.0,18.0,Female,59.0,3.0,1.0,1.0,Basic,Monthly,312.49,18.0,Yes
349406.0,21.0,Male,25.0,9.0,2.0,12.0,Premium,Annual,976.67,8.0,No
196397.0,47.0,Female,21.0,8.0,6.0,29.0,Premium,Monthly,620.0,22.0,Yes
43058.0,55.0,Female,8.0,16.0,9.0,8.0,Standard,Monthly,660.0,11.0,Yes
293945.0,48.0,Male,38.0,18.0,3.0,13.0,Premium,Annual,586.72,10.0,No
56828.0,64.0,Female,58.0,22.0,9.0,2.0,Premium,Quarterly,310.0,23.0,Yes
44062.0,23.0,Male,10.0,26.0,5.0,14.0,Basic,Monthly,787.0,26.0,Yes
209841.0,32.0,Female,14.0,29.0,2.0,21.0,Premium,Monthly,753.64,16.0,Yes
414276.0,48.0,Female,15.0,13.0,1.0,15.0,Standard,Quarterly,911.43,6.0,No
220719.0,50.0,Female,60.0,7.0,10.0,25.0,Premium,Annual,724.19,13.0,Yes
43567.0,29.0,Male,57.0,3.0,2.0,28.0,Basic,Quarterly,897.0,17.0,Yes
396159.0,43.0,Male,48.0,14.0,3.0,3.0,Basic,Quarterly,942.6,8.0,No
376754.0,32.0,Male,35.0,11.0,0.0,15.0,Premium,Annual,599.52,12.0,No
214843.0,48.0,Male,18.0,4.0,4.0,19.0,Premium,Quarterly,100.26,26.0,Yes
439483.0,21.0,Male,31.0,11.0,2.0,9.0,Standard,Annual,820.4,20.0,No
124907.0,47.0,Female,57.0,1.0,5.0,5.0,Standard,Annual,560.0,22.0,Yes
252989.0,29.0,Female,49.0,18.0,3.0,17.0,Premium,Annual,361.03,25.0,Yes
289592.0,46.0,Male,55.0,30.0,0.0,15.0,Basic,Annual,507.76,18.0,No
305759.0,40.0,Male,31.0,23.0,4.0,4.0,Standard,Annual,526.26,23.0,No
376220.0,49.0,Male,36.0,27.0,4.0,1.0,Premium,Quarterly,915.62,5.0,No
234357.0,24.0,Male,32.0,4.0,10.0,18.0,Premium,Quarterly,784.01,29.0,Yes
203462.0,43.0,Male,40.0,17.0,4.0,0.0,Premium,Annual,558.0,2.0,No
128281.0,63.0,Male,34.0,6.0,5.0,5.0,Standard,Monthly,269.0,26.0,Yes
87816.0,48.0,Male,27.0,15.0,8.0,13.0,Basic,Annual,299.0,2.0,Yes
87746.0,24.0,Female,21.0,21.0,9.0,8.0,Premium,Annual,263.0,6.0,Yes
98940.0,49.0,Female,7.0,27.0,4.0,11.0,Standard,Quarterly,307.0,17.0,Yes
123209.0,36.0,Female,36.0,19.0,4.0,2.0,Premium,Monthly,160.0,26.0,Yes
59701.0,28.0,Female,24.0,5.0,3.0,2.0,Standard,Annual,684.0,22.0,Yes
366496.0,21.0,Male,48.0,7.0,2.0,2.0,Basic,Annual,886.0,30.0,No
418274.0,39.0,Male,55.0,25.0,3.0,18.0,Premium,Annual,862.72,27.0,No
365535.0,44.0,Female,29.0,11.0,2.0,14.0,Standard,Quarterly,645.09,3.0,No
58907.0,65.0,Female,5.0,23.0,5.0,8.0,Standard,Annual,903.0,19.0,Yes
394502.0,22.0,Female,51.0,18.0,2.0,11.0,Standard,Annual,506.9,10.0,No
402417.0,21.0,Female,29.0,24.0,2.0,3.0,Basic,Annual,506.38,13.0,No
145061.0,50.0,Male,47.0,14.0,6.0,30.0,Basic,Annual,662.0,20.0,Yes
345268.0,47.0,Female,26.0,14.0,3.0,10.0,Basic,Quarterly,775.38,10.0,No
52686.0,36.0,Female,58.0,26.0,6.0,4.0,Basic,Annual,443.0,8.0,Yes
20575.0,25.0,Female,36.0,24.0,5.0,12.0,Standard,Quarterly,990.0,15.0,Yes
80860.0,32.0,Male,44.0,23.0,9.0,22.0,Premium,Quarterly,797.0,29.0,Yes
203191.0,26.0,Female,11.0,24.0,0.0,12.0,Premium,Annual,959.0,11.0,No
42737.0,24.0,Female,30.0,21.0,9.0,28.0,Standard,Quarterly,387.0,16.0,Yes
142565.0,61.0,Female,31.0,7.0,3.0,20.0,Basic,Monthly,141.0,26.0,Yes
384403.0,43.0,Male,2.0,29.0,3.0,5.0,Standard,Annual,878.72,26.0,No
25609.0,19.0,Male,36.0,6.0,1.0,17.0,Premium,Monthly,763.0,17.0,Yes
99296.0,18.0,Male,9.0,28.0,3.0,24.0,Premium,Annual,592.0,30.0,Yes
41817.0,64.0,Female,1.0,23.0,2.0,23.0,Standard,Monthly,799.0,12.0,Yes
108607.0,42.0,Female,16.0,17.0,9.0,29.0,Standard,Quarterly,869.0,22.0,Yes
127903.0,19.0,Female,22.0,12.0,0.0,6.0,Basic,Quarterly,161.0,2.0,Yes
50151.0,48.0,Female,9.0,21.0,10.0,11.0,Standard,Annual,315.0,8.0,Yes
351851.0,28.0,Female,26.0,9.0,0.0,4.0,Standard,Annual,900.74,14.0,No
193622.0,46.0,Female,58.0,26.0,0.0,27.0,Standard,Annual,492.0,28.0,Yes
81276.0,28.0,Male,7.0,3.0,3.0,14.0,Premium,Annual,967.0,28.0,Yes
150683.0,33.0,Male,18.0,5.0,8.0,28.0,Premium,Monthly,951.0,9.0,Yes
85810.0,20.0,Female,53.0,23.0,2.0,28.0,Basic,Quarterly,380.0,30.0,Yes
387633.0,50.0,Male,32.0,7.0,5.0,17.0,Basic,Annual,810.46,18.0,No
57792.0,27.0,Female,19.0,2.0,7.0,21.0,Premium,Quarterly,828.0,20.0,Yes
176085.0,22.0,Female,27.0,18.0,9.0,28.0,Standard,Quarterly,839.0,16.0,Yes
397449.0,44.0,Male,14.0,11.0,0.0,12.0,Standard,Annual,651.58,25.0,No
155922.0,46.0,Male,29.0,12.0,4.0,16.0,Standard,Monthly,363.0,14.0,Yes
13127.0,25.0,Male,46.0,14.0,3.0,30.0,Standard,Annual,723.0,19.0,Yes
296308.0,25.0,Female,24.0,28.0,0.0,11.0,Standard,Quarterly,907.23,9.0,No
245486.0,41.0,Male,45.0,18.0,4.0,15.0,Basic,Annual,262.08,6.0,Yes
176852.0,58.0,Female,39.0,21.0,0.0,18.0,Basic,Annual,961.0,16.0,Yes
261228.0,26.0,Male,57.0,6.0,1.0,14.0,Premium,Annual,636.71,15.0,No
341001.0,47.0,Female,59.0,27.0,4.0,20.0,Basic,Quarterly,692.55,4.0,No
122744.0,36.0,Female,6.0,24.0,4.0,29.0,Standard,Monthly,965.0,12.0,Yes
98989.0,45.0,Male,3.0,28.0,6.0,0.0,Basic,Annual,531.0,25.0,Yes
199734.0,38.0,Male,7.0,23.0,6.0,5.0,Basic,Annual,326.0,5.0,Yes
262521.0,44.0,Male,28.0,22.0,4.0,20.0,Basic,Annual,565.83,2.0,No
190670.0,18.0,Male,12.0,29.0,2.0,14.0,Premium,Monthly,487.0,16.0,Yes
414231.0,42.0,Male,25.0,25.0,4.0,13.0,Standard,Annual,706.16,16.0,No
300618.0,26.0,Female,27.0,10.0,0.0,7.0,Basic,Quarterly,750.23,3.0,No
188118.0,45.0,Male,29.0,20.0,2.0,16.0,Premium,Quarterly,740.0,25.0,No
368765.0,50.0,Male,22.0,24.0,0.0,2.0,Standard,Quarterly,596.86,6.0,No
143111.0,62.0,Male,28.0,12.0,2.0,21.0,Standard,Quarterly,706.0,10.0,Yes
187817.0,42.0,Male,39.0,2.0,9.0,5.0,Basic,Monthly,728.0,17.0,Yes
274935.0,44.0,Male,44.0,8.0,4.0,18.0,Premium,Annual,664.72,23.0,No
55890.0,34.0,Male,50.0,4.0,2.0,14.0,Premium,Monthly,631.0,22.0,Yes
441745.0,19.0,Male,17.0,20.0,0.0,7.0,Standard,Quarterly,929.65,7.0,No
238561.0,53.0,Male,12.0,9.0,1.0,2.0,Premium,Annual,958.81,10.0,Yes
130517.0,41.0,Female,60.0,30.0,3.0,19.0,Premium,Monthly,649.0,28.0,Yes
181673.0,53.0,Female,10.0,30.0,6.0,0.0,Standard,Monthly,743.0,13.0,Yes
190985.0,45.0,Male,26.0,30.0,2.0,8.0,Premium,Annual,352.0,20.0,Yes
142799.0,49.0,Female,27.0,26.0,7.0,22.0,Standard,Monthly,795.0,11.0,Yes
320322.0,28.0,Male,45.0,14.0,0.0,16.0,Standard,Annual,686.35,15.0,No
53395.0,31.0,Male,38.0,22.0,9.0,1.0,Premium,Quarterly,569.0,23.0,Yes
331751.0,47.0,Male,37.0,15.0,4.0,6.0,Standard,Annual,814.88,9.0,No
237802.0,47.0,Female,12.0,21.0,10.0,16.0,Premium,Annual,678.09,8.0,Yes
123517.0,28.0,Male,20.0,6.0,7.0,15.0,Basic,Annual,120.0,29.0,Yes
229420.0,54.0,Female,11.0,28.0,9.0,4.0,Premium,Monthly,898.92,30.0,Yes
366081.0,49.0,Male,28.0,13.0,3.0,10.0,Standard,Annual,821.4,7.0,No
266927.0,23.0,Female,31.0,27.0,2.0,0.0,Standard,Quarterly,769.91,14.0,No
15338.0,25.0,Male,4.0,2.0,6.0,21.0,Premium,Annual,240.0,9.0,Yes
292873.0,45.0,Male,20.0,19.0,3.0,7.0,Standard,Quarterly,665.75,19.0,No
445929.0,21.0,Male,40.0,24.0,2.0,20.0,Premium,Annual,714.99,2.0,No
82688.0,59.0,Male,10.0,22.0,10.0,9.0,Basic,Monthly,810.0,3.0,Yes
441652.0,34.0,Male,23.0,30.0,0.0,0.0,Premium,Annual,632.69,27.0,No
274096.0,44.0,Male,55.0,12.0,4.0,2.0,Basic,Annual,540.37,23.0,No
232248.0,40.0,Female,46.0,19.0,2.0,10.0,Basic,Quarterly,819.23,24.0,Yes
308653.0,42.0,Male,3.0,12.0,0.0,17.0,Standard,Quarterly,953.96,27.0,No
123224.0,41.0,Female,13.0,7.0,8.0,30.0,Standard,Annual,963.0,12.0,Yes
68604.0,63.0,Male,30.0,11.0,5.0,19.0,Basic,Annual,899.0,13.0,Yes
115617.0,18.0,Male,41.0,29.0,9.0,14.0,Basic,Annual,932.0,24.0,Yes
145376.0,40.0,Male,31.0,29.0,10.0,29.0,Standard,Annual,523.0,27.0,Yes
288673.0,45.0,Male,22.0,19.0,1.0,12.0,Standard,Quarterly,778.52,21.0,No
346848.0,29.0,Female,8.0,17.0,1.0,10.0,Standard,Annual,786.14,1.0,No
146231.0,44.0,Female,43.0,7.0,0.0,16.0,Standard,Annual,513.0,18.0,Yes
175891.0,58.0,Male,8.0,20.0,8.0,6.0,Standard,Annual,276.0,2.0,Yes
274189.0,43.0,Male,36.0,14.0,4.0,0.0,Premium,Quarterly,705.78,1.0,No
256989.0,21.0,Male,24.0,12.0,5.0,0.0,Basic,Quarterly,138.34,5.0,Yes
257592.0,60.0,Female,3.0,13.0,4.0,1.0,Premium,Annual,418.54,7.0,Yes
110095.0,42.0,Female,8.0,29.0,3.0,1.0,Basic,Monthly,635.0,28.0,Yes
12662.0,52.0,Female,32.0,4.0,10.0,28.0,Premium,Quarterly,258.0,2.0,Yes
325541.0,23.0,Female,53.0,9.0,1.0,2.0,Standard,Quarterly,679.34,9.0,No
131628.0,63.0,Female,31.0,15.0,8.0,9.0,Standard,Monthly,626.0,21.0,Yes
42144.0,49.0,Male,8.0,4.0,5.0,2.0,Basic,Annual,473.0,22.0,Yes
101624.0,36.0,Female,35.0,13.0,5.0,27.0,Basic,Annual,375.0,25.0,Yes
420441.0,43.0,Male,32.0,21.0,2.0,13.0,Premium,Annual,935.82,18.0,No
188497.0,47.0,Male,26.0,20.0,5.0,15.0,Standard,Annual,414.0,28.0,Yes
47997.0,55.0,Female,54.0,5.0,2.0,11.0,Standard,Annual,846.0,7.0,Yes
149939.0,43.0,Male,44.0,21.0,0.0,26.0,Basic,Annual,691.0,22.0,Yes
390842.0,21.0,Male,32.0,27.0,0.0,4.0,Basic,Annual,865.41,24.0,No
325859.0,33.0,Male,47.0,11.0,0.0,0.0,Standard,Quarterly,708.78,22.0,No
338411.0,42.0,Male,37.0,11.0,2.0,1.0,Basic,Annual,814.31,14.0,No
321866.0,22.0,Female,2.0,23.0,2.0,0.0,Standard,Quarterly,863.42,4.0,No
228071.0,42.0,Male,16.0,3.0,5.0,30.0,Premium,Monthly,273.62,1.0,Yes
319995.0,18.0,Female,38.0,13.0,0.0,12.0,Premium,Quarterly,774.49,5.0,No
437212.0,48.0,Male,44.0,27.0,4.0,3.0,Standard,Quarterly,778.01,26.0,No
117634.0,52.0,Male,34.0,28.0,9.0,19.0,Basic,Annual,275.0,2.0,Yes
56139.0,42.0,Male,35.0,2.0,3.0,25.0,Premium,Monthly,518.0,16.0,Yes
280802.0,46.0,Female,23.0,12.0,1.0,2.0,Basic,Annual,599.79,12.0,No
274564.0,34.0,Female,4.0,5.0,3.0,7.0,Standard,Quarterly,585.15,8.0,No
413134.0,22.0,Female,56.0,17.0,1.0,15.0,Premium,Annual,935.05,2.0,No
83076.0,44.0,Male,47.0,24.0,7.0,22.0,Basic,Monthly,547.0,11.0,Yes
369745.0,49.0,Female,2.0,9.0,4.0,3.0,Standard,Annual,659.82,15.0,No
74183.0,59.0,Male,28.0,15.0,7.0,15.0,Premium,Monthly,938.0,22.0,Yes
180452.0,60.0,Female,31.0,4.0,3.0,13.0,Basic,Monthly,851.0,17.0,Yes
25438.0,43.0,Male,26.0,28.0,5.0,22.0,Premium,Quarterly,624.0,19.0,Yes
286079.0,41.0,Female,36.0,16.0,1.0,3.0,Basic,Quarterly,867.36,9.0,No
393197.0,39.0,Male,37.0,13.0,1.0,7.0,Premium,Annual,571.81,16.0,No
126878.0,27.0,Male,49.0,27.0,5.0,16.0,Premium,Quarterly,459.0,27.0,Yes
321907.0,47.0,Female,54.0,7.0,1.0,7.0,Premium,Quarterly,566.78,9.0,No
79560.0,39.0,Female,36.0,28.0,8.0,16.0,Premium,Monthly,741.0,7.0,Yes
396556.0,33.0,Male,48.0,25.0,2.0,0.0,Basic,Quarterly,881.42,5.0,No
195536.0,65.0,Male,28.0,21.0,4.0,29.0,Basic,Quarterly,930.0,27.0,Yes
350422.0,37.0,Female,8.0,18.0,0.0,9.0,Basic,Quarterly,697.53,14.0,No
281528.0,24.0,Male,16.0,19.0,2.0,14.0,Standard,Annual,575.25,4.0,No
429481.0,34.0,Male,56.0,6.0,2.0,6.0,Premium,Quarterly,638.51,13.0,No
89709.0,45.0,Female,31.0,2.0,9.0,29.0,Basic,Quarterly,205.0,22.0,Yes
196818.0,39.0,Female,5.0,13.0,10.0,20.0,Standard,Monthly,460.0,24.0,Yes
301318.0,31.0,Male,57.0,6.0,3.0,19.0,Premium,Annual,929.81,8.0,No
232865.0,21.0,Male,26.0,2.0,1.0,16.0,Premium,Annual,395.01,27.0,Yes
295332.0,42.0,Male,57.0,12.0,4.0,11.0,Premium,Annual,995.66,25.0,No
397527.0,31.0,Male,54.0,11.0,3.0,18.0,Premium,Annual,928.18,26.0,No
170348.0,32.0,Male,8.0,17.0,0.0,18.0,Basic,Quarterly,794.0,25.0,No
443414.0,28.0,Female,43.0,14.0,2.0,15.0,Premium,Quarterly,583.04,8.0,No
338789.0,37.0,Male,2.0,4.0,2.0,6.0,Standard,Quarterly,997.7,11.0,No
349471.0,45.0,Male,14.0,24.0,4.0,12.0,Basic,Quarterly,847.66,27.0,No
210839.0,19.0,Female,58.0,7.0,4.0,10.0,Premium,Monthly,227.91,23.0,Yes
142239.0,19.0,Male,8.0,5.0,8.0,12.0,Standard,Annual,661.0,6.0,Yes
346284.0,40.0,Male,44.0,13.0,1.0,12.0,Standard,Annual,983.33,18.0,No
24784.0,57.0,Female,18.0,7.0,2.0,2.0,Basic,Monthly,154.0,4.0,Yes
165092.0,34.0,Female,17.0,15.0,1.0,2.0,Standard,Annual,205.0,4.0,Yes
55297.0,57.0,Male,17.0,4.0,5.0,28.0,Basic,Quarterly,809.0,2.0,Yes
435810.0,40.0,Male,31.0,28.0,0.0,4.0,Premium,Annual,615.96,14.0,No
22358.0,47.0,Female,55.0,28.0,2.0,1.0,Premium,Annual,254.0,19.0,Yes
291590.0,20.0,Male,33.0,26.0,1.0,8.0,Premium,Quarterly,962.22,14.0,No
197734.0,42.0,Female,14.0,19.0,4.0,19.0,Basic,Quarterly,127.0,13.0,Yes
193253.0,27.0,Male,13.0,4.0,3.0,5.0,Premium,Monthly,852.0,2.0,Yes
86160.0,23.0,Female,28.0,19.0,2.0,7.0,Premium,Annual,195.0,28.0,Yes
364175.0,43.0,Male,38.0,16.0,3.0,8.0,Standard,Quarterly,604.11,7.0,No
131870.0,60.0,Female,40.0,10.0,1.0,22.0,Standard,Quarterly,913.0,27.0,Yes
418810.0,24.0,Male,35.0,30.0,0.0,5.0,Basic,Quarterly,965.0,2.0,No
242645.0,31.0,Female,35.0,17.0,5.0,15.0,Standard,Monthly,364.44,21.0,Yes
389907.0,44.0,Male,40.0,15.0,3.0,4.0,Premium,Annual,615.83,4.0,No
328487.0,42.0,Female,36.0,30.0,3.0,7.0,Premium,Quarterly,840.15,2.0,No
336798.0,39.0,Male,9.0,6.0,1.0,8.0,Premium,Annual,878.29,28.0,No
403542.0,43.0,Female,18.0,26.0,0.0,1.0,Premium,Annual,635.51,3.0,No
412488.0,50.0,Male,55.0,27.0,5.0,8.0,Premium,Annual,588.34,28.0,No
14756.0,41.0,Male,14.0,19.0,1.0,17.0,Standard,Monthly,558.0,2.0,Yes
87203.0,55.0,Male,38.0,3.0,6.0,1.0,Premium,Quarterly,414.0,28.0,Yes
386772.0,45.0,Male,41.0,19.0,4.0,19.0,Premium,Quarterly,579.64,3.0,No
385122.0,38.0,Female,28.0,26.0,1.0,15.0,Basic,Annual,638.35,1.0,No
55565.0,45.0,Male,28.0,29.0,9.0,11.0,Premium,Monthly,123.0,9.0,Yes
31994.0,40.0,Female,47.0,29.0,10.0,22.0,Premium,Monthly,787.0,6.0,Yes
410229.0,28.0,Female,35.0,2.0,2.0,20.0,Premium,Annual,784.96,14.0,No
433526.0,42.0,Male,42.0,7.0,4.0,9.0,Basic,Annual,973.19,19.0,No
357386.0,50.0,Female,24.0,22.0,5.0,10.0,Premium,Quarterly,735.07,8.0,No
196604.0,20.0,Male,14.0,2.0,4.0,25.0,Standard,Annual,305.0,19.0,Yes
116969.0,49.0,Female,60.0,15.0,9.0,12.0,Basic,Quarterly,154.0,18.0,Yes
336834.0,50.0,Male,5.0,3.0,1.0,10.0,Standard,Annual,569.88,2.0,No
371488.0,32.0,Male,4.0,2.0,0.0,11.0,Standard,Annual,763.26,4.0,No
141745.0,65.0,Female,6.0,15.0,10.0,1.0,Standard,Monthly,700.0,12.0,Yes
274568.0,21.0,Male,28.0,3.0,2.0,0.0,Basic,Annual,799.6,21.0,No
218881.0,29.0,Male,19.0,8.0,2.0,8.0,Standard,Quarterly,787.34,25.0,Yes
331411.0,45.0,Male,32.0,26.0,0.0,12.0,Premium,Annual,759.09,18.0,No
105999.0,27.0,Male,31.0,26.0,1.0,14.0,Standard,Monthly,487.0,8.0,Yes
414464.0,21.0,Male,44.0,26.0,2.0,16.0,Standard,Quarterly,631.59,1.0,No
98119.0,31.0,Male,10.0,26.0,7.0,22.0,Premium,Monthly,211.0,27.0,Yes
267196.0,34.0,Male,14.0,28.0,0.0,0.0,Basic,Quarterly,987.47,24.0,No
434906.0,20.0,Female,55.0,26.0,0.0,8.0,Basic,Annual,602.81,2.0,No
64353.0,22.0,Female,27.0,14.0,7.0,21.0,Premium,Quarterly,931.0,14.0,Yes
297653.0,46.0,Male,45.0,4.0,3.0,15.0,Standard,Quarterly,690.12,7.0,No
370159.0,19.0,Female,27.0,27.0,1.0,4.0,Premium,Quarterly,987.25,4.0,No
108219.0,37.0,Female,25.0,19.0,1.0,25.0,Standard,Annual,155.0,12.0,Yes
399226.0,19.0,Female,58.0,5.0,1.0,12.0,Premium,Annual,707.11,1.0,No
403053.0,31.0,Male,31.0,6.0,0.0,18.0,Premium,Quarterly,830.14,13.0,No
204072.0,20.0,Female,26.0,4.0,4.0,12.0,Premium,Annual,125.0,9.0,Yes
53685.0,30.0,Male,28.0,26.0,1.0,29.0,Basic,Annual,494.0,4.0,Yes
35965.0,23.0,Male,32.0,20.0,9.0,8.0,Premium,Monthly,304.0,19.0,Yes
312964.0,42.0,Male,46.0,25.0,4.0,19.0,Standard,Quarterly,522.5,4.0,No
407242.0,50.0,Male,22.0,16.0,1.0,16.0,Basic,Annual,677.07,7.0,No
429126.0,50.0,Male,59.0,20.0,1.0,10.0,Basic,Annual,975.28,29.0,No
409396.0,42.0,Male,52.0,7.0,2.0,1.0,Standard,Annual,549.2,17.0,No
259941.0,19.0,Female,57.0,19.0,7.0,30.0,Premium,Annual,996.78,30.0,Yes
25801.0,25.0,Female,26.0,27.0,4.0,0.0,Basic,Monthly,505.0,20.0,Yes
294996.0,38.0,Male,14.0,12.0,2.0,11.0,Basic,Annual,876.84,21.0,No
101236.0,20.0,Female,19.0,19.0,4.0,23.0,Premium,Monthly,150.0,9.0,Yes
111392.0,33.0,Female,35.0,26.0,8.0,4.0,Basic,Quarterly,237.0,10.0,Yes
366683.0,47.0,Female,15.0,25.0,4.0,19.0,Standard,Quarterly,669.64,10.0,No
280855.0,46.0,Male,14.0,29.0,0.0,16.0,Basic,Quarterly,520.96,4.0,No
312093.0,23.0,Male,47.0,5.0,0.0,14.0,Standard,Quarterly,933.7,14.0,No
417690.0,31.0,Male,46.0,12.0,2.0,5.0,Premium,Annual,549.54,13.0,No
149169.0,29.0,Female,11.0,28.0,7.0,25.0,Basic,Quarterly,413.0,30.0,Yes
41129.0,23.0,Female,23.0,14.0,4.0,1.0,Premium,Monthly,603.0,23.0,Yes
12657.0,64.0,Female,57.0,16.0,5.0,1.0,Basic,Quarterly,1000.0,27.0,Yes
136338.0,24.0,Female,29.0,1.0,5.0,11.0,Standard,Monthly,243.0,28.0,Yes
4095.0,51.0,Female,12.0,10.0,6.0,26.0,Standard,Monthly,814.0,21.0,Yes
213885.0,62.0,Male,7.0,22.0,3.0,0.0,Basic,Annual,214.39,26.0,Yes
244345.0,47.0,Male,17.0,18.0,10.0,21.0,Premium,Monthly,210.51,5.0,Yes
136528.0,61.0,Female,12.0,3.0,6.0,16.0,Premium,Monthly,785.0,2.0,Yes
373962.0,22.0,Female,36.0,25.0,1.0,17.0,Standard,Quarterly,664.4,1.0,No
378733.0,27.0,Male,37.0,1.0,0.0,4.0,Premium,Quarterly,904.01,23.0,No
202299.0,52.0,Female,26.0,13.0,5.0,12.0,Premium,Annual,529.0,19.0,Yes
80771.0,40.0,Female,33.0,14.0,10.0,16.0,Standard,Quarterly,590.0,8.0,Yes
260525.0,41.0,Female,22.0,12.0,4.0,0.0,Standard,Monthly,373.42,16.0,Yes
194695.0,56.0,Male,40.0,15.0,6.0,13.0,Basic,Monthly,890.0,8.0,Yes
55319.0,54.0,Male,15.0,22.0,2.0,3.0,Standard,Monthly,970.0,10.0,Yes
153154.0,63.0,Male,25.0,5.0,10.0,29.0,Basic,Monthly,238.0,4.0,Yes
40067.0,46.0,Female,2.0,6.0,2.0,18.0,Standard,Annual,353.0,28.0,Yes
173531.0,30.0,Female,52.0,14.0,8.0,1.0,Standard,Monthly,134.0,8.0,Yes
407151.0,46.0,Male,52.0,1.0,0.0,5.0,Premium,Quarterly,503.41,2.0,No
335858.0,20.0,Male,56.0,5.0,1.0,2.0,Basic,Annual,981.22,3.0,No
375500.0,45.0,Male,45.0,19.0,3.0,14.0,Basic,Quarterly,929.91,1.0,No
141074.0,29.0,Female,27.0,24.0,4.0,1.0,Standard,Monthly,447.0,16.0,Yes
254268.0,60.0,Male,14.0,14.0,2.0,7.0,Standard,Quarterly,325.24,10.0,Yes
135952.0,24.0,Female,51.0,26.0,6.0,11.0,Premium,Quarterly,181.0,27.0,Yes
308309.0,41.0,Female,28.0,14.0,1.0,15.0,Basic,Annual,894.16,11.0,No
94641.0,25.0,Female,6.0,14.0,9.0,7.0,Basic,Monthly,490.0,1.0,Yes
285196.0,46.0,Male,44.0,11.0,2.0,3.0,Basic,Quarterly,605.93,28.0,No
317007.0,49.0,Female,25.0,28.0,3.0,11.0,Premium,Annual,797.0,6.0,No
251895.0,37.0,Female,16.0,18.0,2.0,18.0,Premium,Monthly,597.71,9.0,Yes
14789.0,64.0,Male,23.0,9.0,3.0,23.0,Basic,Monthly,335.0,9.0,Yes
424384.0,33.0,Male,57.0,11.0,2.0,0.0,Premium,Quarterly,750.08,20.0,No
90325.0,59.0,Female,20.0,10.0,0.0,28.0,Premium,Monthly,298.0,22.0,Yes
70262.0,49.0,Male,44.0,29.0,9.0,8.0,Standard,Quarterly,494.0,13.0,Yes
356433.0,38.0,Female,19.0,19.0,0.0,12.0,Basic,Quarterly,615.14,13.0,No
59235.0,36.0,Male,11.0,18.0,6.0,28.0,Standard,Quarterly,130.0,12.0,Yes
431379.0,33.0,Male,50.0,11.0,3.0,7.0,Premium,Annual,860.58,10.0,No
235670.0,55.0,Male,33.0,8.0,8.0,12.0,Standard,Annual,936.11,11.0,Yes
106826.0,25.0,Female,4.0,13.0,4.0,21.0,Standard,Annual,805.0,13.0,Yes
374565.0,38.0,Male,42.0,3.0,1.0,19.0,Premium,Annual,787.44,22.0,No
11077.0,37.0,Female,53.0,4.0,4.0,24.0,Premium,Quarterly,697.0,4.0,Yes
32891.0,35.0,Female,25.0,3.0,3.0,29.0,Premium,Annual,183.0,4.0,Yes
334502.0,37.0,Male,29.0,17.0,0.0,14.0,Premium,Quarterly,612.52,7.0,No
356945.0,50.0,Male,10.0,14.0,5.0,14.0,Standard,Annual,791.24,3.0,No
157844.0,39.0,Male,35.0,21.0,4.0,6.0,Basic,Quarterly,903.0,17.0,Yes
391684.0,44.0,Male,21.0,23.0,4.0,5.0,Premium,Quarterly,797.01,8.0,No
245532.0,47.0,Male,3.0,23.0,10.0,2.0,Standard,Monthly,657.91,16.0,Yes
258225.0,22.0,Female,53.0,6.0,2.0,2.0,Standard,Quarterly,735.29,23.0,Yes
228178.0,29.0,Female,34.0,19.0,8.0,28.0,Standard,Quarterly,820.2,10.0,Yes
92452.0,54.0,Female,44.0,8.0,3.0,1.0,Premium,Quarterly,343.0,4.0,Yes
376399.0,25.0,Male,21.0,17.0,1.0,19.0,Basic,Quarterly,703.15,11.0,No
165470.0,19.0,Female,23.0,24.0,8.0,13.0,Basic,Quarterly,571.0,24.0,Yes
232399.0,58.0,Female,36.0,11.0,7.0,6.0,Basic,Annual,617.04,17.0,Yes
410584.0,48.0,Male,51.0,29.0,2.0,12.0,Standard,Annual,639.29,3.0,No
185.0,48.0,Male,3.0,30.0,1.0,10.0,Premium,Annual,850.0,29.0,No
277191.0,50.0,Female,37.0,23.0,1.0,7.0,Premium,Annual,555.91,5.0,No
380517.0,44.0,Male,42.0,26.0,1.0,15.0,Premium,Annual,634.42,7.0,No
42375.0,60.0,Female,54.0,29.0,1.0,29.0,Basic,Monthly,809.0,30.0,Yes
443678.0,29.0,Female,3.0,14.0,2.0,9.0,Premium,Quarterly,673.53,1.0,No
249780.0,64.0,Female,60.0,18.0,10.0,12.0,Premium,Annual,851.26,20.0,Yes
294818.0,26.0,Male,43.0,21.0,0.0,9.0,Premium,Quarterly,613.92,28.0,No
242354.0,29.0,Male,43.0,1.0,8.0,16.0,Basic,Annual,111.72,25.0,Yes
24552.0,23.0,Female,37.0,30.0,5.0,24.0,Basic,Annual,156.0,20.0,Yes
189555.0,28.0,Male,58.0,16.0,2.0,14.0,Premium,Quarterly,203.0,22.0,Yes
24051.0,55.0,Male,4.0,19.0,0.0,0.0,Basic,Monthly,598.0,21.0,Yes
182778.0,57.0,Male,35.0,2.0,3.0,19.0,Standard,Annual,136.0,8.0,Yes
303375.0,18.0,Male,50.0,22.0,0.0,12.0,Premium,Quarterly,514.5,15.0,No
308105.0,41.0,Male,49.0,29.0,2.0,14.0,Basic,Annual,570.05,27.0,No
379647.0,48.0,Male,30.0,15.0,3.0,13.0,Basic,Annual,753.82,5.0,No
345486.0,36.0,Male,47.0,3.0,0.0,4.0,Standard,Annual,979.02,17.0,No
53619.0,30.0,Male,24.0,5.0,6.0,7.0,Basic,Quarterly,695.0,24.0,Yes
52874.0,54.0,Male,55.0,27.0,0.0,24.0,Standard,Monthly,719.0,23.0,Yes
179286.0,46.0,Male,22.0,16.0,3.0,21.0,Premium,Monthly,862.0,11.0,Yes
197115.0,43.0,Female,52.0,25.0,7.0,1.0,Standard,Monthly,584.0,24.0,Yes
192647.0,33.0,Female,29.0,1.0,0.0,2.0,Standard,Monthly,880.0,25.0,Yes
59301.0,40.0,Female,48.0,19.0,2.0,5.0,Premium,Monthly,131.0,7.0,Yes
289881.0,47.0,Male,51.0,12.0,1.0,9.0,Standard,Quarterly,596.59,13.0,No
397872.0,38.0,Male,46.0,13.0,2.0,5.0,Basic,Quarterly,600.47,10.0,No
416961.0,32.0,Male,12.0,10.0,0.0,3.0,Standard,Annual,923.09,28.0,No
18201.0,34.0,Male,48.0,17.0,2.0,17.0,Basic,Monthly,987.0,19.0,Yes
249667.0,38.0,Female,2.0,12.0,1.0,27.0,Premium,Annual,134.58,7.0,Yes
155915.0,35.0,Female,1.0,8.0,10.0,29.0,Premium,Monthly,955.0,11.0,Yes
372701.0,46.0,Male,51.0,8.0,2.0,6.0,Standard,Annual,892.58,6.0,No
180470.0,20.0,Male,28.0,29.0,5.0,0.0,Basic,Quarterly,268.0,7.0,Yes
88461.0,41.0,Male,3.0,1.0,0.0,6.0,Basic,Annual,972.0,11.0,Yes
286112.0,28.0,Male,53.0,26.0,0.0,12.0,Basic,Annual,590.24,29.0,No
168901.0,60.0,Female,6.0,25.0,10.0,11.0,Basic,Annual,717.0,26.0,Yes
217586.0,24.0,Female,27.0,21.0,3.0,2.0,Standard,Annual,562.76,22.0,Yes
311498.0,20.0,Female,49.0,19.0,2.0,18.0,Basic,Quarterly,540.03,6.0,No
310320.0,31.0,Male,17.0,29.0,1.0,7.0,Standard,Quarterly,745.63,19.0,No
233341.0,28.0,Male,26.0,8.0,0.0,12.0,Premium,Monthly,500.93,24.0,Yes
106927.0,45.0,Male,30.0,25.0,1.0,16.0,Standard,Quarterly,362.0,28.0,Yes
316485.0,48.0,Male,2.0,17.0,1.0,6.0,Premium,Annual,875.49,12.0,No
288806.0,41.0,Male,31.0,9.0,0.0,16.0,Basic,Annual,857.32,12.0,No
65004.0,38.0,Male,49.0,13.0,10.0,30.0,Premium,Monthly,172.0,17.0,Yes
105247.0,53.0,Male,38.0,15.0,9.0,3.0,Standard,Monthly,823.0,21.0,Yes
360890.0,22.0,Male,51.0,27.0,2.0,11.0,Basic,Quarterly,581.92,27.0,No
357721.0,28.0,Male,14.0,15.0,0.0,20.0,Basic,Quarterly,869.28,13.0,No
322383.0,37.0,Female,5.0,9.0,2.0,15.0,Standard,Quarterly,606.78,14.0,No
87349.0,21.0,Male,47.0,24.0,9.0,27.0,Basic,Annual,667.0,14.0,Yes
434.0,35.0,Male,23.0,23.0,1.0,5.0,Premium,Quarterly,742.0,24.0,No
97025.0,42.0,Female,3.0,20.0,6.0,21.0,Premium,Quarterly,492.0,5.0,Yes
62140.0,48.0,Female,56.0,15.0,0.0,28.0,Basic,Annual,428.0,24.0,Yes
221138.0,38.0,Female,39.0,5.0,0.0,22.0,Standard,Quarterly,763.45,11.0,Yes
338279.0,50.0,Male,9.0,14.0,4.0,15.0,Standard,Annual,655.88,6.0,No
48403.0,47.0,Male,56.0,29.0,6.0,16.0,Basic,Quarterly,885.0,21.0,Yes
185646.0,41.0,Male,43.0,16.0,7.0,14.0,Premium,Monthly,845.0,27.0,Yes
32444.0,19.0,Female,25.0,28.0,9.0,14.0,Standard,Annual,591.0,12.0,Yes
259764.0,45.0,Male,11.0,6.0,1.0,22.0,Premium,Monthly,135.45,6.0,Yes
414484.0,40.0,Male,10.0,29.0,0.0,11.0,Standard,Annual,933.35,9.0,No
2288.0,43.0,Female,49.0,3.0,9.0,5.0,Premium,Quarterly,361.0,8.0,Yes
200409.0,23.0,Female,26.0,20.0,2.0,18.0,Basic,Annual,334.0,27.0,Yes
335784.0,37.0,Male,26.0,27.0,2.0,1.0,Standard,Annual,894.19,15.0,No
408617.0,33.0,Male,31.0,13.0,1.0,0.0,Premium,Annual,887.29,10.0,No
345215.0,36.0,Male,49.0,10.0,2.0,20.0,Basic,Quarterly,700.44,29.0,No
350114.0,22.0,Female,43.0,28.0,0.0,19.0,Basic,Annual,571.29,5.0,No
351013.0,47.0,Male,51.0,20.0,0.0,16.0,Premium,Quarterly,870.38,21.0,No
156319.0,40.0,Female,51.0,7.0,10.0,14.0,Basic,Quarterly,416.0,24.0,Yes
324620.0,31.0,Male,26.0,22.0,1.0,8.0,Basic,Quarterly,736.1,13.0,No
174753.0,60.0,Female,56.0,4.0,8.0,26.0,Standard,Annual,636.0,14.0,Yes
186313.0,29.0,Male,29.0,12.0,4.0,16.0,Standard,Monthly,915.0,25.0,Yes
85234.0,64.0,Male,47.0,4.0,4.0,8.0,Standard,Monthly,216.0,20.0,Yes
419537.0,26.0,Male,40.0,22.0,0.0,3.0,Premium,Quarterly,554.89,18.0,No
381310.0,34.0,Female,42.0,20.0,0.0,13.0,Premium,Annual,668.59,6.0,No
246931.0,58.0,Male,33.0,9.0,10.0,14.0,Basic,Quarterly,957.33,18.0,Yes
273306.0,30.0,Male,55.0,23.0,2.0,19.0,Standard,Annual,858.22,14.0,No
337739.0,43.0,Male,32.0,24.0,4.0,19.0,Basic,Quarterly,529.0,22.0,No
381605.0,30.0,Female,9.0,29.0,0.0,9.0,Basic,Annual,925.57,8.0,No
74333.0,62.0,Female,22.0,15.0,4.0,22.0,Premium,Annual,438.0,16.0,Yes
323658.0,26.0,Male,54.0,2.0,2.0,18.0,Standard,Quarterly,617.97,21.0,No
135395.0,63.0,Female,24.0,30.0,5.0,30.0,Premium,Monthly,699.0,8.0,Yes
445835.0,41.0,Male,43.0,13.0,2.0,4.0,Basic,Quarterly,841.7,13.0,No
237072.0,36.0,Female,2.0,15.0,3.0,8.0,Premium,Annual,140.45,23.0,Yes
206134.0,59.0,Male,2.0,12.0,5.0,6.0,Premium,Annual,722.0,22.0,Yes
212881.0,31.0,Male,11.0,24.0,4.0,5.0,Basic,Monthly,162.6,20.0,Yes
429889.0,34.0,Male,47.0,21.0,0.0,17.0,Basic,Annual,556.72,11.0,No
138246.0,28.0,Male,43.0,28.0,4.0,14.0,Premium,Monthly,740.0,16.0,Yes
201955.0,50.0,Male,21.0,1.0,9.0,13.0,Standard,Quarterly,865.0,27.0,Yes
5731.0,42.0,Male,30.0,1.0,7.0,16.0,Basic,Annual,120.0,21.0,Yes
246773.0,45.0,Female,11.0,14.0,5.0,14.0,Premium,Monthly,995.03,5.0,Yes
221382.0,47.0,Female,31.0,22.0,10.0,12.0,Standard,Annual,598.52,12.0,Yes
185655.0,27.0,Female,18.0,3.0,2.0,29.0,Premium,Monthly,649.0,6.0,Yes
148901.0,21.0,Female,1.0,13.0,1.0,12.0,Basic,Annual,217.0,17.0,Yes
269402.0,48.0,Male,49.0,21.0,3.0,11.0,Premium,Quarterly,916.56,16.0,No
65591.0,32.0,Female,12.0,3.0,10.0,10.0,Standard,Quarterly,984.0,23.0,Yes
53222.0,41.0,Male,16.0,15.0,8.0,13.0,Premium,Monthly,803.0,17.0,Yes
156297.0,28.0,Female,1.0,13.0,4.0,24.0,Premium,Monthly,114.0,17.0,Yes
412523.0,34.0,Female,56.0,9.0,0.0,19.0,Standard,Annual,556.61,6.0,No
71340.0,42.0,Female,17.0,24.0,6.0,14.0,Premium,Annual,868.0,14.0,Yes
409149.0,25.0,Male,30.0,10.0,2.0,5.0,Standard,Annual,615.21,12.0,No
442694.0,49.0,Male,35.0,18.0,0.0,12.0,Basic,Annual,670.06,30.0,No
139751.0,47.0,Female,37.0,20.0,1.0,21.0,Premium,Monthly,817.0,26.0,Yes
445137.0,42.0,Male,58.0,3.0,2.0,9.0,Basic,Annual,598.42,16.0,No
284744.0,46.0,Male,30.0,15.0,1.0,8.0,Standard,Annual,748.1,11.0,No
416473.0,38.0,Male,42.0,16.0,3.0,6.0,Standard,Quarterly,743.88,23.0,No
211205.0,59.0,Female,16.0,27.0,9.0,28.0,Basic,Quarterly,973.36,17.0,Yes
258833.0,18.0,Female,54.0,15.0,9.0,25.0,Standard,Quarterly,943.7,8.0,Yes
63066.0,51.0,Male,8.0,16.0,10.0,15.0,Standard,Quarterly,190.0,20.0,Yes
384684.0,47.0,Male,5.0,2.0,0.0,16.0,Standard,Annual,765.83,20.0,No
136237.0,34.0,Male,11.0,13.0,3.0,26.0,Standard,Annual,883.0,6.0,Yes
150659.0,46.0,Male,3.0,26.0,7.0,27.0,Basic,Monthly,297.0,5.0,Yes
257153.0,37.0,Female,43.0,4.0,7.0,13.0,Basic,Monthly,291.01,17.0,Yes
179622.0,33.0,Female,32.0,12.0,7.0,15.0,Basic,Quarterly,572.0,5.0,Yes
157990.0,57.0,Male,40.0,28.0,5.0,26.0,Basic,Monthly,626.0,3.0,Yes
215575.0,44.0,Female,26.0,13.0,0.0,14.0,Basic,Annual,987.84,21.0,Yes
297882.0,43.0,Male,3.0,4.0,1.0,13.0,Premium,Quarterly,828.41,1.0,No
280429.0,48.0,Male,28.0,4.0,2.0,2.0,Premium,Quarterly,734.63,7.0,No
215838.0,41.0,Female,18.0,29.0,3.0,6.0,Standard,Quarterly,180.73,28.0,Yes
126666.0,58.0,Female,1.0,28.0,8.0,8.0,Premium,Quarterly,529.0,5.0,Yes
187400.0,33.0,Male,7.0,28.0,8.0,8.0,Standard,Quarterly,589.0,4.0,Yes
102224.0,19.0,Female,2.0,13.0,4.0,20.0,Premium,Annual,685.0,29.0,Yes
58526.0,62.0,Female,41.0,21.0,5.0,29.0,Standard,Annual,416.0,21.0,Yes
80180.0,56.0,Male,45.0,16.0,6.0,2.0,Basic,Monthly,545.0,7.0,Yes
123734.0,23.0,Female,19.0,12.0,5.0,23.0,Premium,Monthly,164.0,21.0,Yes
256316.0,41.0,Female,27.0,18.0,0.0,4.0,Basic,Monthly,527.32,24.0,Yes
154090.0,39.0,Male,23.0,10.0,1.0,22.0,Basic,Quarterly,261.0,16.0,Yes
249540.0,61.0,Female,59.0,3.0,10.0,13.0,Standard,Monthly,403.77,4.0,Yes
168823.0,47.0,Female,3.0,24.0,5.0,27.0,Standard,Quarterly,693.0,9.0,Yes
446586.0,46.0,Female,48.0,9.0,1.0,6.0,Standard,Annual,865.01,1.0,No
229536.0,60.0,Female,37.0,4.0,8.0,7.0,Premium,Annual,765.11,6.0,Yes
396816.0,35.0,Male,6.0,5.0,0.0,14.0,Premium,Annual,984.54,20.0,No
194623.0,47.0,Female,11.0,4.0,0.0,19.0,Standard,Monthly,288.0,20.0,Yes
325501.0,43.0,Female,9.0,8.0,0.0,10.0,Basic,Quarterly,585.98,6.0,No
348378.0,47.0,Male,32.0,29.0,3.0,2.0,Standard,Annual,570.97,7.0,No
23647.0,35.0,Female,22.0,13.0,9.0,21.0,Basic,Quarterly,663.0,13.0,Yes
441008.0,21.0,Female,50.0,29.0,1.0,2.0,Basic,Quarterly,660.38,12.0,No
418129.0,44.0,Male,58.0,27.0,0.0,8.0,Basic,Quarterly,600.51,26.0,No
343176.0,27.0,Female,40.0,1.0,1.0,20.0,Premium,Annual,772.64,1.0,No
136794.0,51.0,Female,40.0,1.0,7.0,19.0,Standard,Annual,302.0,2.0,Yes
259480.0,49.0,Female,43.0,7.0,8.0,6.0,Basic,Quarterly,341.29,29.0,Yes
134589.0,57.0,Female,56.0,7.0,2.0,18.0,Standard,Annual,778.0,26.0,Yes
307271.0,45.0,Male,28.0,29.0,2.0,18.0,Standard,Annual,973.07,9.0,No
321492.0,39.0,Male,54.0,10.0,1.0,12.0,Premium,Annual,526.1,9.0,No
417999.0,47.0,Male,11.0,22.0,0.0,20.0,Basic,Annual,801.43,28.0,No
358341.0,50.0,Male,50.0,16.0,0.0,11.0,Standard,Quarterly,974.37,8.0,No
408976.0,21.0,Female,34.0,21.0,0.0,17.0,Basic,Annual,624.06,15.0,No
121504.0,18.0,Male,46.0,20.0,3.0,18.0,Standard,Monthly,500.0,22.0,Yes
295259.0,33.0,Male,11.0,2.0,0.0,8.0,Standard,Quarterly,895.63,28.0,No
303001.0,37.0,Male,41.0,27.0,1.0,17.0,Standard,Quarterly,955.26,18.0,No
133986.0,64.0,Female,3.0,27.0,0.0,20.0,Standard,Quarterly,720.0,6.0,Yes
82514.0,22.0,Male,7.0,7.0,7.0,3.0,Standard,Quarterly,864.0,15.0,Yes
20146.0,52.0,Female,13.0,16.0,6.0,19.0,Standard,Monthly,669.0,27.0,Yes
262150.0,23.0,Female,53.0,17.0,2.0,2.0,Basic,Quarterly,728.61,4.0,No
50989.0,45.0,Female,31.0,2.0,5.0,28.0,Premium,Quarterly,949.0,15.0,Yes
254085.0,59.0,Female,45.0,29.0,7.0,26.0,Standard,Quarterly,418.12,23.0,Yes
63422.0,47.0,Female,49.0,30.0,9.0,19.0,Standard,Quarterly,823.0,30.0,Yes
166086.0,52.0,Female,43.0,28.0,4.0,3.0,Basic,Annual,774.0,25.0,Yes
342838.0,36.0,Male,44.0,22.0,1.0,7.0,Basic,Quarterly,589.71,27.0,No
364774.0,23.0,Male,14.0,29.0,2.0,3.0,Basic,Annual,903.87,17.0,No
347880.0,18.0,Male,1.0,26.0,1.0,13.0,Standard,Annual,662.66,23.0,No
34688.0,53.0,Male,13.0,17.0,1.0,1.0,Basic,Annual,763.0,13.0,Yes
135645.0,31.0,Male,38.0,13.0,5.0,25.0,Standard,Quarterly,826.0,20.0,Yes
71650.0,46.0,Male,7.0,29.0,4.0,27.0,Standard,Annual,431.0,30.0,Yes
84685.0,25.0,Female,56.0,10.0,0.0,21.0,Basic,Quarterly,640.0,1.0,Yes
243771.0,33.0,Female,43.0,3.0,7.0,16.0,Standard,Monthly,483.14,6.0,Yes
18700.0,49.0,Female,21.0,23.0,7.0,28.0,Premium,Quarterly,362.0,8.0,Yes
220081.0,52.0,Female,56.0,30.0,10.0,28.0,Basic,Annual,599.34,21.0,Yes
297666.0,20.0,Male,57.0,16.0,2.0,7.0,Standard,Quarterly,883.51,13.0,No
211079.0,25.0,Female,49.0,19.0,9.0,6.0,Premium,Quarterly,451.12,9.0,Yes
334434.0,47.0,Male,29.0,12.0,4.0,6.0,Premium,Quarterly,724.81,11.0,No
6989.0,62.0,Female,8.0,18.0,4.0,10.0,Premium,Annual,319.0,24.0,Yes
203541.0,40.0,Female,49.0,16.0,9.0,19.0,Standard,Monthly,658.0,8.0,Yes
370477.0,42.0,Female,60.0,9.0,0.0,12.0,Basic,Annual,972.81,5.0,No
44480.0,33.0,Male,16.0,30.0,10.0,10.0,Basic,Annual,137.0,17.0,Yes
42006.0,28.0,Female,11.0,4.0,5.0,22.0,Premium,Quarterly,935.0,16.0,Yes
209647.0,55.0,Male,26.0,2.0,9.0,24.0,Premium,Quarterly,746.14,22.0,Yes
78864.0,20.0,Male,4.0,26.0,5.0,4.0,Premium,Annual,654.0,10.0,Yes
315243.0,46.0,Male,51.0,10.0,0.0,10.0,Standard,Quarterly,636.27,14.0,No
410132.0,34.0,Male,22.0,15.0,1.0,5.0,Basic,Quarterly,888.72,14.0,No
125822.0,49.0,Male,41.0,22.0,1.0,30.0,Standard,Annual,496.0,17.0,Yes
284424.0,31.0,Male,35.0,14.0,1.0,16.0,Basic,Annual,981.3,18.0,No
288727.0,31.0,Male,58.0,11.0,0.0,9.0,Basic,Annual,754.75,9.0,No
285425.0,47.0,Female,40.0,25.0,2.0,18.0,Standard,Quarterly,959.27,11.0,No
33229.0,59.0,Male,28.0,7.0,3.0,0.0,Basic,Annual,627.0,7.0,Yes
265393.0,37.0,Male,38.0,23.0,2.0,13.0,Premium,Annual,700.45,27.0,No
432976.0,18.0,Male,53.0,19.0,1.0,0.0,Basic,Quarterly,742.62,7.0,No
127391.0,29.0,Female,32.0,18.0,9.0,8.0,Standard,Quarterly,980.0,11.0,Yes
50048.0,18.0,Male,33.0,1.0,2.0,10.0,Premium,Quarterly,965.0,3.0,Yes
201016.0,34.0,Male,22.0,13.0,3.0,24.0,Premium,Monthly,527.0,7.0,Yes
13042.0,20.0,Female,46.0,24.0,0.0,29.0,Premium,Monthly,546.0,28.0,Yes
221996.0,53.0,Female,8.0,15.0,6.0,2.0,Premium,Quarterly,848.53,24.0,Yes
99869.0,42.0,Female,54.0,6.0,5.0,27.0,Basic,Monthly,683.0,28.0,Yes
433712.0,39.0,Female,45.0,10.0,3.0,1.0,Premium,Quarterly,561.44,4.0,No
190667.0,31.0,Female,49.0,29.0,9.0,27.0,Standard,Quarterly,448.0,26.0,Yes
275378.0,25.0,Male,50.0,21.0,1.0,16.0,Premium,Annual,881.15,7.0,No
194551.0,42.0,Female,1.0,8.0,10.0,6.0,Standard,Quarterly,794.0,4.0,Yes
252182.0,41.0,Male,24.0,25.0,5.0,20.0,Basic,Quarterly,844.73,9.0,Yes
42818.0,39.0,Male,34.0,10.0,0.0,16.0,Standard,Monthly,615.0,22.0,Yes
21256.0,33.0,Male,1.0,14.0,10.0,25.0,Premium,Annual,865.0,4.0,Yes
182687.0,19.0,Female,60.0,12.0,4.0,14.0,Premium,Monthly,444.0,27.0,Yes
178049.0,50.0,Female,58.0,29.0,8.0,29.0,Standard,Quarterly,803.0,26.0,Yes
2237.0,34.0,Male,36.0,8.0,9.0,10.0,Premium,Quarterly,921.0,28.0,Yes
166384.0,59.0,Male,44.0,1.0,9.0,25.0,Basic,Annual,303.0,30.0,Yes
335433.0,35.0,Male,25.0,10.0,1.0,5.0,Premium,Quarterly,725.82,28.0,No
31920.0,27.0,Female,1.0,6.0,10.0,27.0,Premium,Annual,479.0,22.0,Yes
96712.0,42.0,Female,60.0,6.0,5.0,6.0,Basic,Annual,558.0,11.0,Yes
121150.0,50.0,Male,32.0,9.0,0.0,24.0,Premium,Monthly,115.0,20.0,Yes
258255.0,43.0,Male,10.0,15.0,3.0,27.0,Basic,Monthly,471.31,23.0,Yes
56383.0,58.0,Male,5.0,30.0,10.0,17.0,Premium,Annual,939.0,5.0,Yes
257290.0,39.0,Female,27.0,22.0,3.0,2.0,Standard,Monthly,317.04,10.0,Yes
177316.0,64.0,Male,20.0,28.0,3.0,4.0,Premium,Quarterly,669.0,8.0,Yes
321297.0,49.0,Male,49.0,29.0,1.0,0.0,Basic,Annual,907.35,19.0,No
438540.0,41.0,Male,46.0,29.0,0.0,2.0,Premium,Annual,901.15,16.0,No
430078.0,39.0,Female,6.0,25.0,2.0,17.0,Standard,Quarterly,529.92,8.0,No
417549.0,43.0,Male,42.0,27.0,3.0,2.0,Premium,Annual,984.1,10.0,No
321415.0,21.0,Female,37.0,12.0,2.0,7.0,Basic,Quarterly,895.91,8.0,No
223.0,38.0,Female,47.0,11.0,3.0,5.0,Basic,Monthly,788.0,4.0,Yes
226334.0,37.0,Male,33.0,30.0,1.0,2.0,Premium,Annual,188.24,13.0,Yes
147743.0,58.0,Male,28.0,24.0,0.0,30.0,Basic,Quarterly,988.0,7.0,Yes
9318.0,51.0,Female,25.0,30.0,10.0,4.0,Standard,Monthly,546.0,20.0,Yes
105584.0,24.0,Male,59.0,30.0,3.0,17.0,Basic,Monthly,599.0,16.0,Yes
273283.0,41.0,Male,52.0,9.0,2.0,7.0,Basic,Annual,545.1,11.0,No
299367.0,44.0,Male,14.0,17.0,2.0,8.0,Basic,Annual,820.84,14.0,No
341369.0,22.0,Male,48.0,26.0,1.0,16.0,Standard,Annual,652.28,1.0,No
68778.0,37.0,Male,50.0,7.0,5.0,21.0,Basic,Quarterly,700.0,7.0,Yes
310267.0,40.0,Male,39.0,22.0,4.0,6.0,Standard,Annual,752.63,9.0,No
389616.0,36.0,Male,59.0,12.0,0.0,0.0,Basic,Quarterly,797.24,8.0,No
266206.0,24.0,Male,56.0,27.0,2.0,8.0,Premium,Quarterly,691.7,30.0,No
94764.0,43.0,Female,45.0,1.0,0.0,11.0,Standard,Quarterly,146.0,6.0,Yes
14490.0,47.0,Female,13.0,26.0,0.0,13.0,Basic,Monthly,198.0,23.0,Yes
183874.0,52.0,Female,36.0,13.0,10.0,22.0,Standard,Monthly,375.0,29.0,Yes
105538.0,34.0,Male,42.0,30.0,1.0,28.0,Basic,Annual,247.0,1.0,Yes
413099.0,29.0,Male,47.0,5.0,0.0,3.0,Basic,Annual,830.28,3.0,No
274596.0,24.0,Male,5.0,28.0,1.0,1.0,Standard,Annual,936.66,20.0,No
136192.0,29.0,Female,9.0,24.0,9.0,1.0,Standard,Quarterly,555.0,17.0,Yes
157396.0,25.0,Female,6.0,21.0,6.0,4.0,Basic,Quarterly,960.0,27.0,Yes
86578.0,63.0,Female,4.0,5.0,3.0,0.0,Standard,Annual,498.0,28.0,Yes
6371.0,36.0,Male,48.0,2.0,4.0,30.0,Premium,Monthly,801.0,21.0,Yes
190224.0,29.0,Female,4.0,22.0,6.0,30.0,Premium,Annual,440.0,16.0,Yes
410955.0,50.0,Female,50.0,3.0,3.0,17.0,Standard,Quarterly,950.2,2.0,No
177275.0,46.0,Male,47.0,1.0,6.0,21.0,Premium,Monthly,740.0,24.0,Yes
375544.0,36.0,Male,35.0,2.0,3.0,15.0,Standard,Annual,945.94,17.0,No
316482.0,32.0,Male,8.0,22.0,3.0,2.0,Standard,Quarterly,993.09,29.0,No
201847.0,55.0,Male,40.0,22.0,9.0,23.0,Basic,Quarterly,582.0,3.0,Yes
421437.0,36.0,Male,14.0,19.0,2.0,16.0,Standard,Annual,663.9,14.0,No
148566.0,53.0,Male,33.0,19.0,3.0,20.0,Basic,Monthly,998.0,21.0,Yes
371644.0,25.0,Male,60.0,4.0,2.0,14.0,Premium,Annual,507.07,20.0,No
265894.0,37.0,Male,46.0,9.0,0.0,12.0,Standard,Annual,589.97,18.0,No
250813.0,48.0,Female,40.0,23.0,10.0,7.0,Basic,Quarterly,892.39,28.0,Yes
19463.0,64.0,Male,51.0,8.0,7.0,17.0,Standard,Annual,894.0,17.0,Yes
445501.0,22.0,Female,9.0,4.0,0.0,18.0,Standard,Annual,638.08,9.0,No
127474.0,25.0,Male,34.0,25.0,5.0,2.0,Premium,Annual,248.0,21.0,Yes
446445.0,44.0,Female,26.0,20.0,2.0,9.0,Basic,Quarterly,990.03,15.0,No
242379.0,33.0,Male,39.0,11.0,0.0,15.0,Basic,Annual,101.08,16.0,Yes
194076.0,61.0,Male,58.0,27.0,3.0,15.0,Basic,Quarterly,948.0,24.0,Yes
361372.0,19.0,Female,43.0,14.0,0.0,12.0,Basic,Quarterly,543.6,9.0,No
166568.0,52.0,Female,47.0,1.0,1.0,18.0,Premium,Annual,626.0,25.0,Yes
445526.0,29.0,Male,51.0,21.0,1.0,2.0,Basic,Quarterly,924.23,11.0,No
317537.0,50.0,Male,49.0,8.0,2.0,8.0,Standard,Annual,558.0,1.0,No
213544.0,47.0,Male,16.0,4.0,8.0,9.0,Standard,Quarterly,821.21,20.0,Yes
185785.0,36.0,Female,56.0,22.0,0.0,22.0,Standard,Annual,474.0,12.0,Yes
314942.0,21.0,Male,32.0,17.0,0.0,10.0,Premium,Quarterly,766.64,29.0,No
249502.0,54.0,Male,12.0,19.0,0.0,24.0,Standard,Quarterly,506.75,27.0,Yes
316410.0,30.0,Male,11.0,9.0,0.0,10.0,Premium,Annual,596.88,8.0,No
410650.0,32.0,Male,29.0,23.0,0.0,12.0,Basic,Annual,975.63,24.0,No
381654.0,40.0,Female,54.0,11.0,3.0,12.0,Basic,Quarterly,549.42,10.0,No
17316.0,50.0,Male,36.0,11.0,8.0,16.0,Basic,Quarterly,392.0,16.0,Yes
266867.0,22.0,Male,18.0,15.0,0.0,10.0,Standard,Quarterly,519.34,3.0,No
306496.0,31.0,Male,8.0,6.0,3.0,8.0,Basic,Annual,864.61,30.0,No
437902.0,40.0,Male,20.0,15.0,2.0,0.0,Standard,Quarterly,897.12,1.0,No
226558.0,48.0,Male,52.0,14.0,8.0,15.0,Premium,Monthly,764.0,4.0,Yes
362740.0,31.0,Female,38.0,5.0,0.0,20.0,Premium,Annual,835.49,10.0,No
371190.0,27.0,Female,13.0,24.0,0.0,7.0,Standard,Annual,861.47,13.0,No
196745.0,60.0,Male,7.0,21.0,0.0,13.0,Basic,Monthly,383.0,8.0,Yes
386238.0,39.0,Female,38.0,18.0,2.0,18.0,Standard,Quarterly,766.95,9.0,No
216850.0,58.0,Male,2.0,29.0,6.0,13.0,Basic,Annual,728.77,22.0,Yes
312775.0,46.0,Male,7.0,9.0,2.0,13.0,Premium,Quarterly,625.18,21.0,No
10216.0,59.0,Female,8.0,25.0,9.0,16.0,Standard,Annual,326.0,22.0,Yes
345869.0,49.0,Female,47.0,10.0,4.0,16.0,Standard,Quarterly,530.04,5.0,No
89870.0,18.0,Male,33.0,19.0,3.0,20.0,Basic,Annual,791.0,23.0,Yes
248728.0,49.0,Male,59.0,23.0,7.0,5.0,Basic,Annual,629.75,22.0,Yes
145029.0,37.0,Female,52.0,30.0,1.0,24.0,Basic,Quarterly,283.0,6.0,Yes
265489.0,38.0,Male,25.0,28.0,3.0,1.0,Basic,Quarterly,823.51,18.0,No
66574.0,58.0,Male,32.0,24.0,6.0,13.0,Standard,Monthly,563.0,8.0,Yes
393214.0,22.0,Male,35.0,20.0,2.0,1.0,Premium,Quarterly,994.83,14.0,No
309772.0,37.0,Female,18.0,18.0,1.0,13.0,Basic,Annual,883.47,12.0,No
303745.0,33.0,Male,29.0,16.0,3.0,7.0,Standard,Quarterly,888.0,28.0,No
362856.0,38.0,Male,55.0,13.0,0.0,1.0,Standard,Annual,766.05,15.0,No
294015.0,49.0,Female,12.0,10.0,0.0,14.0,Premium,Quarterly,926.34,14.0,No
210052.0,47.0,Female,41.0,8.0,8.0,12.0,Standard,Quarterly,827.03,6.0,Yes
113929.0,57.0,Male,35.0,2.0,7.0,19.0,Premium,Annual,933.0,24.0,Yes
158990.0,49.0,Male,35.0,18.0,8.0,21.0,Basic,Quarterly,783.0,1.0,Yes
338287.0,25.0,Female,4.0,6.0,0.0,12.0,Standard,Annual,652.84,2.0,No
159167.0,56.0,Male,58.0,6.0,8.0,28.0,Premium,Annual,173.0,24.0,Yes
191274.0,35.0,Male,55.0,1.0,2.0,11.0,Standard,Annual,933.0,5.0,No
100702.0,21.0,Female,13.0,13.0,7.0,25.0,Basic,Quarterly,542.0,11.0,Yes
268582.0,21.0,Male,22.0,29.0,2.0,2.0,Basic,Annual,714.18,18.0,No
96882.0,60.0,Male,53.0,28.0,5.0,4.0,Basic,Quarterly,577.0,20.0,Yes
41877.0,43.0,Female,39.0,12.0,10.0,11.0,Standard,Monthly,593.0,8.0,Yes
200306.0,18.0,Male,48.0,4.0,10.0,8.0,Basic,Annual,775.0,8.0,Yes
125079.0,45.0,Male,14.0,21.0,7.0,30.0,Basic,Monthly,868.0,7.0,Yes
127130.0,45.0,Male,22.0,8.0,3.0,13.0,Premium,Annual,226.0,8.0,Yes
195945.0,48.0,Male,30.0,13.0,10.0,0.0,Premium,Monthly,865.0,13.0,Yes
165712.0,49.0,Female,9.0,19.0,8.0,10.0,Standard,Monthly,662.0,13.0,Yes
59296.0,55.0,Female,12.0,18.0,10.0,30.0,Premium,Annual,904.0,19.0,Yes
122039.0,20.0,Male,4.0,19.0,5.0,29.0,Premium,Annual,987.0,13.0,Yes
235201.0,65.0,Male,16.0,24.0,1.0,11.0,Basic,Annual,623.05,1.0,Yes
262527.0,43.0,Male,42.0,8.0,2.0,19.0,Standard,Quarterly,632.9,30.0,No
302231.0,24.0,Male,30.0,26.0,2.0,9.0,Standard,Annual,986.74,5.0,No
409389.0,41.0,Female,30.0,9.0,0.0,7.0,Premium,Quarterly,996.52,11.0,No
123124.0,44.0,Female,11.0,4.0,6.0,14.0,Premium,Quarterly,284.0,18.0,Yes
185476.0,30.0,Male,4.0,15.0,7.0,25.0,Premium,Monthly,957.0,8.0,Yes
250990.0,29.0,Male,13.0,14.0,5.0,4.0,Premium,Quarterly,261.93,24.0,Yes
80895.0,57.0,Female,31.0,27.0,7.0,13.0,Standard,Quarterly,472.0,12.0,Yes
163084.0,65.0,Male,3.0,9.0,10.0,20.0,Standard,Annual,896.0,6.0,Yes
217569.0,60.0,Female,55.0,2.0,0.0,18.0,Premium,Monthly,913.1,6.0,Yes
446928.0,39.0,Male,36.0,11.0,1.0,12.0,Basic,Quarterly,867.94,12.0,No
152709.0,33.0,Male,6.0,11.0,4.0,19.0,Premium,Quarterly,449.0,25.0,Yes
194747.0,26.0,Female,54.0,16.0,4.0,3.0,Basic,Monthly,495.0,5.0,Yes
96142.0,29.0,Female,14.0,9.0,4.0,11.0,Standard,Annual,215.0,7.0,Yes
391377.0,31.0,Female,52.0,20.0,0.0,5.0,Premium,Annual,934.83,12.0,No
257460.0,40.0,Female,9.0,26.0,8.0,12.0,Premium,Monthly,281.62,4.0,Yes
339219.0,21.0,Male,49.0,29.0,1.0,7.0,Basic,Annual,952.32,8.0,No
46789.0,30.0,Male,7.0,10.0,7.0,22.0,Premium,Annual,582.0,22.0,Yes
195803.0,56.0,Male,19.0,29.0,3.0,8.0,Basic,Quarterly,296.0,12.0,Yes
168726.0,49.0,Female,20.0,9.0,8.0,18.0,Premium,Monthly,420.0,23.0,Yes
247415.0,41.0,Male,41.0,3.0,8.0,28.0,Standard,Monthly,668.01,7.0,Yes
300818.0,19.0,Male,42.0,24.0,0.0,20.0,Premium,Quarterly,590.82,12.0,No
295237.0,50.0,Male,40.0,17.0,4.0,13.0,Premium,Quarterly,968.63,29.0,No
17491.0,47.0,Male,49.0,22.0,2.0,13.0,Standard,Monthly,965.0,26.0,Yes
46888.0,64.0,Male,48.0,26.0,9.0,20.0,Standard,Monthly,262.0,7.0,Yes
394926.0,30.0,Male,36.0,22.0,2.0,8.0,Premium,Quarterly,868.08,29.0,No
410659.0,44.0,Male,18.0,16.0,4.0,10.0,Premium,Annual,796.68,3.0,No
19959.0,45.0,Female,11.0,5.0,5.0,18.0,Basic,Monthly,324.0,30.0,Yes
166056.0,19.0,Male,45.0,28.0,3.0,19.0,Basic,Quarterly,909.0,29.0,Yes
97567.0,59.0,Female,14.0,9.0,2.0,17.0,Standard,Quarterly,586.0,4.0,Yes
135753.0,47.0,Female,55.0,15.0,6.0,21.0,Basic,Monthly,298.0,14.0,Yes
206357.0,20.0,Female,43.0,18.0,8.0,20.0,Standard,Quarterly,660.71,2.0,Yes
398913.0,43.0,Female,52.0,10.0,1.0,1.0,Basic,Annual,904.87,2.0,No
71605.0,33.0,Male,1.0,1.0,4.0,7.0,Basic,Monthly,960.0,27.0,Yes
141322.0,54.0,Male,11.0,1.0,3.0,25.0,Basic,Quarterly,704.0,10.0,Yes
78305.0,51.0,Female,33.0,27.0,1.0,21.0,Premium,Monthly,537.0,14.0,Yes
110633.0,34.0,Female,11.0,5.0,9.0,18.0,Standard,Monthly,507.0,7.0,Yes
307002.0,30.0,Male,42.0,11.0,3.0,6.0,Standard,Annual,564.02,14.0,No
358012.0,27.0,Female,28.0,26.0,1.0,10.0,Standard,Quarterly,737.65,8.0,No
71372.0,34.0,Female,42.0,23.0,5.0,1.0,Premium,Monthly,631.0,25.0,Yes
330191.0,30.0,Male,45.0,29.0,2.0,14.0,Standard,Annual,912.27,2.0,No
372705.0,31.0,Male,38.0,1.0,0.0,16.0,Standard,Quarterly,503.96,25.0,No
172846.0,35.0,Female,42.0,4.0,4.0,10.0,Standard,Annual,702.0,19.0,Yes
244896.0,27.0,Male,28.0,21.0,3.0,25.0,Standard,Annual,570.25,7.0,Yes
191867.0,53.0,Female,26.0,2.0,2.0,12.0,Premium,Monthly,637.0,18.0,Yes
435796.0,32.0,Male,41.0,13.0,3.0,10.0,Premium,Quarterly,752.83,25.0,No
382232.0,22.0,Male,52.0,12.0,1.0,14.0,Basic,Quarterly,526.7,5.0,No
352494.0,43.0,Female,38.0,6.0,2.0,17.0,Basic,Annual,528.48,13.0,No
179564.0,52.0,Female,2.0,6.0,1.0,14.0,Basic,Annual,607.0,17.0,Yes
144863.0,31.0,Female,1.0,12.0,0.0,23.0,Premium,Monthly,441.0,17.0,Yes
332954.0,49.0,Male,51.0,18.0,4.0,7.0,Standard,Annual,820.35,9.0,No
87117.0,63.0,Female,39.0,7.0,3.0,10.0,Premium,Annual,537.0,21.0,Yes
276899.0,50.0,Male,43.0,29.0,0.0,10.0,Premium,Annual,791.79,4.0,No
146163.0,59.0,Male,52.0,9.0,6.0,30.0,Basic,Quarterly,407.0,27.0,Yes
83414.0,37.0,Male,13.0,1.0,1.0,10.0,Premium,Annual,557.0,27.0,Yes
115877.0,53.0,Female,33.0,28.0,0.0,21.0,Basic,Quarterly,379.0,28.0,Yes
356635.0,42.0,Female,60.0,28.0,2.0,8.0,Standard,Annual,825.79,12.0,No
144926.0,27.0,Female,1.0,7.0,10.0,5.0,Basic,Annual,760.0,5.0,Yes
312159.0,48.0,Male,16.0,23.0,0.0,9.0,Standard,Quarterly,985.38,9.0,No
165297.0,33.0,Female,51.0,28.0,2.0,6.0,Premium,Monthly,252.0,1.0,Yes
421226.0,22.0,Male,54.0,27.0,0.0,20.0,Standard,Annual,715.68,23.0,No
272468.0,28.0,Female,49.0,24.0,0.0,13.0,Standard,Quarterly,749.7,15.0,No
375379.0,28.0,Male,32.0,13.0,1.0,7.0,Basic,Quarterly,647.34,27.0,No
25897.0,43.0,Male,25.0,14.0,4.0,10.0,Standard,Annual,116.0,16.0,Yes
147331.0,59.0,Male,13.0,20.0,8.0,3.0,Premium,Quarterly,551.0,8.0,Yes
260550.0,42.0,Male,3.0,15.0,9.0,30.0,Premium,Annual,443.65,27.0,Yes
152958.0,38.0,Female,29.0,9.0,9.0,12.0,Standard,Quarterly,601.0,14.0,Yes
368139.0,37.0,Female,17.0,16.0,1.0,15.0,Standard,Annual,792.73,4.0,No
304229.0,37.0,Male,3.0,17.0,0.0,9.0,Standard,Annual,766.09,28.0,No
411405.0,26.0,Male,3.0,17.0,2.0,8.0,Standard,Quarterly,899.17,17.0,No
80324.0,65.0,Female,11.0,17.0,1.0,18.0,Standard,Monthly,229.0,26.0,Yes
360583.0,46.0,Male,30.0,15.0,4.0,3.0,Premium,Quarterly,988.06,4.0,No
177199.0,32.0,Male,9.0,15.0,5.0,16.0,Premium,Quarterly,663.0,3.0,Yes
386517.0,32.0,Male,9.0,28.0,2.0,0.0,Premium,Quarterly,768.62,11.0,No
104385.0,64.0,Female,30.0,29.0,4.0,15.0,Standard,Annual,240.0,23.0,Yes
218499.0,64.0,Female,13.0,18.0,1.0,26.0,Basic,Monthly,864.89,16.0,Yes
9550.0,26.0,Male,22.0,18.0,1.0,25.0,Premium,Annual,209.0,8.0,Yes
147164.0,47.0,Female,43.0,26.0,0.0,24.0,Basic,Annual,836.0,11.0,Yes
36053.0,25.0,Male,29.0,7.0,0.0,8.0,Premium,Monthly,985.0,9.0,Yes
5083.0,53.0,Female,11.0,17.0,3.0,0.0,Premium,Annual,554.0,8.0,Yes
267193.0,49.0,Male,29.0,1.0,3.0,2.0,Premium,Annual,644.89,17.0,No
123692.0,39.0,Male,19.0,1.0,9.0,0.0,Basic,Monthly,808.0,28.0,Yes
135144.0,29.0,Female,3.0,24.0,2.0,29.0,Basic,Annual,237.0,26.0,Yes
10342.0,29.0,Female,31.0,19.0,9.0,14.0,Standard,Annual,748.0,2.0,Yes
148650.0,49.0,Male,13.0,29.0,0.0,30.0,Premium,Quarterly,150.0,30.0,Yes
82625.0,31.0,Male,7.0,15.0,1.0,28.0,Standard,Annual,155.0,22.0,Yes
296107.0,34.0,Male,49.0,27.0,1.0,20.0,Basic,Annual,592.49,24.0,No
124493.0,56.0,Female,13.0,29.0,10.0,11.0,Standard,Quarterly,978.0,17.0,Yes
87009.0,42.0,Female,38.0,16.0,0.0,23.0,Standard,Quarterly,872.0,26.0,Yes
233432.0,29.0,Male,15.0,26.0,5.0,9.0,Premium,Monthly,857.67,30.0,Yes
158383.0,25.0,Female,1.0,8.0,5.0,1.0,Standard,Quarterly,162.0,29.0,Yes
283865.0,46.0,Male,4.0,29.0,2.0,18.0,Premium,Annual,699.77,22.0,No
113572.0,30.0,Male,31.0,17.0,10.0,28.0,Standard,Monthly,912.0,7.0,Yes
140218.0,51.0,Female,3.0,13.0,4.0,3.0,Basic,Annual,923.0,19.0,Yes
396240.0,32.0,Female,52.0,3.0,0.0,12.0,Standard,Annual,907.76,14.0,No
429578.0,20.0,Male,4.0,2.0,2.0,18.0,Premium,Annual,973.55,6.0,No
284400.0,45.0,Male,7.0,28.0,0.0,3.0,Basic,Quarterly,703.2,12.0,No
57010.0,52.0,Female,6.0,13.0,4.0,21.0,Premium,Quarterly,191.0,27.0,Yes
421790.0,47.0,Female,22.0,19.0,1.0,20.0,Basic,Annual,702.8,9.0,No
294390.0,28.0,Male,27.0,16.0,0.0,7.0,Basic,Quarterly,594.68,8.0,No
29061.0,26.0,Male,22.0,28.0,0.0,29.0,Premium,Annual,504.0,28.0,Yes
248771.0,34.0,Female,36.0,9.0,0.0,2.0,Basic,Annual,440.67,10.0,Yes
406392.0,48.0,Male,38.0,1.0,1.0,3.0,Basic,Quarterly,945.73,2.0,No
368143.0,47.0,Female,54.0,24.0,4.0,6.0,Premium,Quarterly,588.64,3.0,No
348623.0,48.0,Female,31.0,12.0,3.0,3.0,Basic,Quarterly,583.88,6.0,No
337814.0,20.0,Male,32.0,28.0,0.0,2.0,Basic,Annual,733.53,30.0,No
394404.0,41.0,Male,26.0,15.0,3.0,1.0,Standard,Annual,595.28,28.0,No
207881.0,48.0,Female,33.0,6.0,10.0,16.0,Basic,Annual,806.25,16.0,Yes
351434.0,41.0,Male,31.0,29.0,3.0,2.0,Standard,Annual,508.38,24.0,No
439270.0,41.0,Female,19.0,23.0,1.0,13.0,Standard,Quarterly,683.39,10.0,No
242671.0,42.0,Male,58.0,10.0,10.0,23.0,Premium,Quarterly,230.83,8.0,Yes
423404.0,47.0,Male,9.0,15.0,0.0,5.0,Basic,Quarterly,982.4,26.0,No
144600.0,27.0,Male,1.0,9.0,6.0,14.0,Premium,Annual,291.0,21.0,Yes
343655.0,30.0,Male,51.0,20.0,3.0,10.0,Standard,Quarterly,629.85,21.0,No
184125.0,19.0,Male,49.0,13.0,10.0,1.0,Premium,Monthly,478.0,12.0,Yes
439062.0,26.0,Female,35.0,9.0,1.0,1.0,Basic,Quarterly,547.17,4.0,No
178810.0,37.0,Female,43.0,2.0,1.0,29.0,Basic,Quarterly,399.0,28.0,Yes
420651.0,42.0,Male,23.0,24.0,4.0,14.0,Premium,Annual,912.94,14.0,No
10181.0,22.0,Female,39.0,10.0,10.0,14.0,Basic,Quarterly,642.0,10.0,Yes
352700.0,25.0,Female,52.0,16.0,1.0,15.0,Basic,Quarterly,805.7,3.0,No
35384.0,26.0,Female,31.0,30.0,2.0,15.0,Standard,Annual,256.0,29.0,Yes
39373.0,62.0,Male,11.0,28.0,6.0,26.0,Premium,Annual,348.0,23.0,Yes
271175.0,33.0,Male,8.0,11.0,0.0,10.0,Premium,Quarterly,885.76,7.0,No
352779.0,35.0,Female,34.0,3.0,1.0,20.0,Basic,Annual,595.25,3.0,No
428154.0,18.0,Male,41.0,18.0,0.0,8.0,Basic,Quarterly,884.32,20.0,No
246111.0,42.0,Female,48.0,20.0,7.0,13.0,Basic,Annual,638.95,7.0,Yes
418922.0,41.0,Male,20.0,19.0,4.0,3.0,Basic,Quarterly,921.84,1.0,No
265111.0,31.0,Female,56.0,14.0,2.0,8.0,Basic,Quarterly,708.73,4.0,No
441756.0,36.0,Female,45.0,10.0,3.0,0.0,Standard,Quarterly,849.88,1.0,No
266562.0,38.0,Male,52.0,26.0,3.0,7.0,Standard,Quarterly,879.92,20.0,No
92157.0,57.0,Female,26.0,26.0,5.0,24.0,Basic,Quarterly,933.0,11.0,Yes
236777.0,48.0,Male,40.0,17.0,3.0,20.0,Premium,Annual,310.15,9.0,Yes
39973.0,37.0,Female,52.0,11.0,5.0,15.0,Basic,Monthly,720.0,10.0,Yes
41471.0,61.0,Female,1.0,15.0,10.0,3.0,Premium,Annual,298.0,3.0,Yes
330628.0,45.0,Male,49.0,27.0,3.0,10.0,Standard,Annual,657.26,11.0,No
292395.0,47.0,Male,1.0,30.0,0.0,5.0,Standard,Quarterly,881.38,26.0,No
64323.0,46.0,Female,17.0,13.0,7.0,1.0,Standard,Annual,410.0,3.0,Yes
419906.0,42.0,Male,13.0,19.0,4.0,14.0,Standard,Quarterly,520.63,1.0,No
186915.0,44.0,Male,17.0,3.0,4.0,25.0,Basic,Quarterly,306.0,12.0,Yes
172469.0,38.0,Female,46.0,22.0,2.0,27.0,Basic,Monthly,447.0,1.0,Yes
63493.0,55.0,Male,38.0,16.0,8.0,23.0,Standard,Quarterly,308.0,20.0,Yes
165893.0,35.0,Male,5.0,23.0,2.0,30.0,Premium,Monthly,932.0,16.0,Yes
37415.0,55.0,Male,33.0,10.0,4.0,11.0,Basic,Quarterly,925.0,17.0,Yes
426154.0,36.0,Female,56.0,19.0,1.0,8.0,Premium,Quarterly,803.35,4.0,No
368813.0,21.0,Male,55.0,17.0,2.0,0.0,Premium,Annual,922.14,29.0,No
367633.0,29.0,Male,35.0,12.0,2.0,3.0,Premium,Quarterly,566.16,26.0,No
244842.0,37.0,Male,46.0,8.0,4.0,7.0,Premium,Quarterly,902.57,29.0,Yes
143292.0,43.0,Male,20.0,6.0,7.0,25.0,Premium,Annual,941.0,10.0,Yes
119524.0,58.0,Female,32.0,4.0,10.0,9.0,Basic,Monthly,386.0,18.0,Yes
58862.0,53.0,Female,55.0,17.0,5.0,20.0,Standard,Annual,894.0,24.0,Yes
396600.0,21.0,Male,23.0,23.0,0.0,4.0,Premium,Quarterly,995.53,7.0,No
45141.0,27.0,Female,58.0,24.0,1.0,27.0,Premium,Annual,286.0,7.0,Yes
225586.0,25.0,Female,10.0,16.0,1.0,11.0,Premium,Quarterly,551.76,19.0,Yes
2577.0,25.0,Female,48.0,19.0,6.0,1.0,Premium,Quarterly,448.0,15.0,Yes
61094.0,39.0,Female,11.0,28.0,0.0,13.0,Premium,Monthly,748.0,13.0,Yes
204984.0,45.0,Female,29.0,2.0,10.0,6.0,Premium,Monthly,448.41,5.0,Yes
142932.0,33.0,Male,36.0,19.0,2.0,28.0,Premium,Annual,728.0,25.0,Yes
150902.0,33.0,Male,59.0,24.0,8.0,20.0,Basic,Monthly,134.0,25.0,Yes
380697.0,32.0,Female,1.0,20.0,1.0,20.0,Standard,Annual,933.44,9.0,No
267002.0,20.0,Male,25.0,27.0,0.0,7.0,Premium,Quarterly,923.17,25.0,No
258279.0,20.0,Male,5.0,5.0,7.0,12.0,Premium,Monthly,172.41,19.0,Yes
414162.0,25.0,Male,52.0,4.0,2.0,11.0,Standard,Annual,620.06,9.0,No
255868.0,22.0,Male,45.0,11.0,0.0,7.0,Basic,Quarterly,438.02,18.0,Yes
155262.0,23.0,Female,1.0,8.0,8.0,6.0,Premium,Quarterly,752.0,1.0,Yes
314130.0,40.0,Male,42.0,16.0,3.0,16.0,Premium,Annual,979.58,1.0,No
342583.0,38.0,Male,1.0,12.0,1.0,8.0,Standard,Annual,799.84,25.0,No
320284.0,43.0,Male,50.0,3.0,3.0,11.0,Basic,Quarterly,961.17,19.0,No
302918.0,45.0,Male,9.0,29.0,1.0,1.0,Standard,Annual,848.77,15.0,No
397979.0,47.0,Male,19.0,25.0,0.0,7.0,Standard,Quarterly,721.1,4.0,No
263476.0,38.0,Male,59.0,11.0,1.0,6.0,Basic,Quarterly,790.97,16.0,No
67010.0,37.0,Female,37.0,17.0,4.0,8.0,Standard,Annual,461.0,6.0,Yes
93503.0,27.0,Male,46.0,19.0,2.0,11.0,Standard,Quarterly,263.0,9.0,Yes
357952.0,35.0,Male,37.0,24.0,1.0,16.0,Premium,Annual,824.88,15.0,No
422684.0,49.0,Male,48.0,19.0,4.0,15.0,Standard,Annual,610.56,13.0,No
116930.0,26.0,Male,49.0,8.0,0.0,21.0,Standard,Quarterly,717.0,19.0,Yes
137088.0,18.0,Female,35.0,19.0,9.0,25.0,Basic,Quarterly,764.0,16.0,Yes
301025.0,41.0,Male,34.0,2.0,1.0,19.0,Premium,Quarterly,621.33,17.0,No
395178.0,42.0,Male,43.0,17.0,2.0,16.0,Standard,Quarterly,648.96,6.0,No
131540.0,53.0,Female,53.0,1.0,2.0,7.0,Standard,Monthly,138.0,3.0,Yes
212604.0,22.0,Female,33.0,3.0,4.0,12.0,Basic,Quarterly,713.64,29.0,Yes
250871.0,37.0,Female,47.0,22.0,10.0,0.0,Basic,Annual,668.67,16.0,Yes
216133.0,34.0,Female,35.0,3.0,8.0,29.0,Standard,Monthly,847.11,17.0,Yes
391812.0,48.0,Male,40.0,28.0,4.0,5.0,Basic,Annual,850.93,14.0,No
263035.0,48.0,Female,32.0,27.0,4.0,7.0,Premium,Quarterly,886.82,14.0,No
303004.0,33.0,Male,2.0,11.0,1.0,15.0,Standard,Annual,795.37,11.0,No
372947.0,23.0,Male,26.0,22.0,2.0,9.0,Basic,Quarterly,854.41,18.0,No
286709.0,50.0,Male,42.0,22.0,2.0,7.0,Basic,Quarterly,568.68,5.0,No
420732.0,50.0,Female,60.0,3.0,0.0,7.0,Premium,Quarterly,787.72,9.0,No
75067.0,33.0,Male,30.0,28.0,6.0,6.0,Premium,Monthly,801.0,30.0,Yes
341149.0,46.0,Male,43.0,1.0,4.0,20.0,Premium,Quarterly,905.97,9.0,No
244130.0,25.0,Male,1.0,19.0,7.0,25.0,Basic,Quarterly,438.17,5.0,Yes
360771.0,43.0,Male,9.0,1.0,3.0,9.0,Standard,Annual,875.77,5.0,No
326367.0,47.0,Female,20.0,21.0,4.0,15.0,Standard,Quarterly,897.28,13.0,No
17178.0,30.0,Male,37.0,10.0,8.0,3.0,Premium,Annual,732.0,13.0,Yes
318803.0,49.0,Male,52.0,17.0,2.0,17.0,Basic,Annual,596.95,20.0,No
207406.0,58.0,Female,57.0,8.0,0.0,10.0,Premium,Monthly,863.61,1.0,Yes
79819.0,22.0,Male,19.0,5.0,2.0,4.0,Basic,Annual,322.0,5.0,Yes
183238.0,40.0,Female,7.0,14.0,1.0,14.0,Basic,Monthly,170.0,29.0,Yes
38262.0,31.0,Male,36.0,6.0,5.0,24.0,Standard,Monthly,566.0,2.0,Yes
162501.0,60.0,Female,10.0,11.0,10.0,1.0,Standard,Quarterly,502.0,6.0,Yes
319030.0,42.0,Male,43.0,18.0,2.0,3.0,Premium,Annual,992.34,15.0,No
225186.0,48.0,Female,29.0,17.0,9.0,19.0,Basic,Annual,474.86,27.0,Yes
421361.0,31.0,Male,55.0,12.0,3.0,16.0,Basic,Annual,988.01,2.0,No
209523.0,33.0,Female,22.0,26.0,10.0,2.0,Basic,Quarterly,165.96,7.0,Yes
106962.0,48.0,Female,25.0,4.0,6.0,30.0,Standard,Monthly,420.0,27.0,Yes
163924.0,38.0,Male,59.0,13.0,5.0,22.0,Basic,Monthly,909.0,11.0,Yes
237876.0,34.0,Female,37.0,4.0,1.0,21.0,Standard,Quarterly,981.55,13.0,Yes
246296.0,26.0,Male,24.0,17.0,7.0,5.0,Premium,Annual,955.08,15.0,Yes
326179.0,44.0,Male,34.0,18.0,3.0,20.0,Standard,Annual,500.92,23.0,No
402516.0,42.0,Female,40.0,8.0,1.0,13.0,Basic,Quarterly,872.27,8.0,No
398703.0,41.0,Female,46.0,3.0,2.0,5.0,Basic,Annual,584.85,1.0,No
96285.0,27.0,Female,28.0,15.0,6.0,30.0,Premium,Quarterly,103.0,15.0,Yes
347665.0,20.0,Male,18.0,28.0,1.0,15.0,Basic,Annual,516.28,7.0,No
148168.0,47.0,Female,50.0,27.0,1.0,8.0,Standard,Annual,935.0,29.0,Yes
393864.0,44.0,Male,26.0,16.0,2.0,8.0,Basic,Quarterly,601.09,16.0,No
132399.0,56.0,Male,54.0,6.0,7.0,6.0,Basic,Quarterly,763.0,20.0,Yes
233559.0,47.0,Female,23.0,17.0,9.0,8.0,Basic,Quarterly,397.41,5.0,Yes
122769.0,19.0,Male,20.0,30.0,8.0,5.0,Basic,Quarterly,894.0,18.0,Yes
269540.0,31.0,Male,35.0,2.0,3.0,4.0,Premium,Quarterly,552.24,21.0,No
410617.0,43.0,Male,36.0,9.0,0.0,11.0,Basic,Quarterly,520.79,27.0,No
31528.0,34.0,Male,2.0,12.0,9.0,21.0,Basic,Monthly,866.0,24.0,Yes
405307.0,35.0,Male,13.0,28.0,2.0,4.0,Basic,Annual,899.86,26.0,No
327541.0,26.0,Male,58.0,8.0,1.0,2.0,Premium,Annual,524.8,26.0,No
119486.0,56.0,Female,22.0,4.0,7.0,8.0,Standard,Monthly,610.0,16.0,Yes
326656.0,46.0,Female,54.0,3.0,4.0,17.0,Premium,Annual,523.18,10.0,No
57183.0,47.0,Male,29.0,2.0,1.0,2.0,Premium,Annual,337.0,11.0,Yes
277661.0,43.0,Male,26.0,17.0,2.0,20.0,Standard,Quarterly,799.88,1.0,No
410746.0,48.0,Male,53.0,10.0,3.0,0.0,Standard,Quarterly,871.06,5.0,No
160586.0,47.0,Female,32.0,16.0,5.0,23.0,Basic,Annual,807.0,26.0,Yes
432537.0,49.0,Male,43.0,26.0,1.0,4.0,Basic,Annual,504.32,8.0,No
357316.0,38.0,Female,52.0,7.0,0.0,15.0,Standard,Quarterly,828.19,1.0,No
428661.0,27.0,Male,57.0,18.0,0.0,16.0,Standard,Annual,723.06,15.0,No
365093.0,46.0,Female,12.0,24.0,2.0,14.0,Premium,Annual,741.35,15.0,No
369954.0,18.0,Female,18.0,13.0,0.0,19.0,Premium,Annual,844.24,12.0,No
5441.0,45.0,Male,56.0,14.0,3.0,27.0,Basic,Annual,749.0,16.0,Yes
411193.0,35.0,Male,33.0,24.0,0.0,1.0,Basic,Quarterly,569.78,5.0,No
251693.0,62.0,Female,36.0,15.0,1.0,16.0,Premium,Monthly,184.59,14.0,Yes
54366.0,54.0,Female,31.0,16.0,10.0,20.0,Premium,Annual,827.0,27.0,Yes
104002.0,19.0,Male,5.0,1.0,4.0,30.0,Premium,Quarterly,459.0,10.0,Yes
384075.0,47.0,Female,11.0,23.0,2.0,18.0,Standard,Annual,640.74,13.0,No
50811.0,65.0,Male,38.0,10.0,9.0,22.0,Premium,Quarterly,413.0,25.0,Yes
75840.0,50.0,Male,45.0,6.0,8.0,10.0,Premium,Quarterly,934.0,28.0,Yes
322807.0,31.0,Male,36.0,23.0,0.0,10.0,Standard,Annual,616.87,28.0,No
397546.0,48.0,Male,20.0,26.0,1.0,20.0,Standard,Annual,600.11,24.0,No
436755.0,20.0,Male,26.0,20.0,1.0,18.0,Premium,Annual,707.46,6.0,No
402630.0,36.0,Female,12.0,26.0,3.0,13.0,Premium,Annual,966.29,6.0,No
133357.0,33.0,Female,23.0,8.0,10.0,14.0,Premium,Monthly,749.0,9.0,Yes
336958.0,49.0,Male,47.0,27.0,4.0,13.0,Basic,Annual,582.67,26.0,No
118554.0,36.0,Female,7.0,9.0,10.0,26.0,Standard,Monthly,680.0,18.0,Yes
139469.0,62.0,Male,46.0,13.0,10.0,25.0,Premium,Monthly,758.0,4.0,Yes
216644.0,26.0,Male,32.0,22.0,2.0,2.0,Standard,Annual,485.55,8.0,Yes
175812.0,54.0,Female,52.0,30.0,3.0,12.0,Premium,Quarterly,952.0,23.0,Yes
294843.0,37.0,Female,17.0,27.0,3.0,2.0,Premium,Quarterly,614.59,8.0,No
24668.0,47.0,Male,30.0,26.0,1.0,30.0,Basic,Annual,579.0,16.0,Yes
268859.0,45.0,Female,21.0,26.0,0.0,15.0,Premium,Annual,631.34,8.0,No
17052.0,27.0,Male,50.0,7.0,2.0,8.0,Basic,Monthly,239.0,30.0,Yes
6591.0,24.0,Female,4.0,6.0,7.0,28.0,Premium,Quarterly,901.0,10.0,Yes
178528.0,18.0,Female,14.0,2.0,1.0,4.0,Basic,Monthly,436.0,3.0,Yes
350618.0,30.0,Male,14.0,12.0,0.0,13.0,Standard,Quarterly,775.01,2.0,No
82864.0,48.0,Female,43.0,25.0,0.0,23.0,Premium,Monthly,610.0,23.0,Yes
407426.0,46.0,Male,13.0,19.0,3.0,1.0,Standard,Quarterly,688.55,8.0,No
313324.0,24.0,Female,8.0,17.0,0.0,14.0,Basic,Annual,567.53,9.0,No
408192.0,28.0,Female,28.0,5.0,2.0,7.0,Premium,Quarterly,718.53,11.0,No
220124.0,31.0,Male,58.0,7.0,8.0,9.0,Premium,Quarterly,934.03,16.0,Yes
232705.0,58.0,Male,50.0,21.0,5.0,30.0,Premium,Monthly,533.78,24.0,Yes
69499.0,24.0,Female,56.0,7.0,1.0,9.0,Premium,Monthly,354.0,12.0,Yes
206048.0,61.0,Female,18.0,24.0,1.0,3.0,Premium,Monthly,830.43,26.0,Yes
47346.0,39.0,Female,52.0,11.0,7.0,19.0,Premium,Quarterly,214.0,19.0,Yes
172233.0,42.0,Female,7.0,23.0,6.0,12.0,Premium,Quarterly,277.0,14.0,Yes
50692.0,62.0,Female,46.0,13.0,9.0,8.0,Basic,Quarterly,816.0,16.0,Yes
308480.0,43.0,Male,19.0,14.0,1.0,5.0,Standard,Quarterly,752.51,19.0,No
128262.0,32.0,Female,57.0,3.0,7.0,0.0,Basic,Annual,127.0,17.0,Yes
448308.0,24.0,Female,9.0,3.0,2.0,8.0,Standard,Annual,901.06,14.0,No
87025.0,65.0,Female,25.0,2.0,6.0,28.0,Premium,Annual,140.0,16.0,Yes
193423.0,19.0,Male,17.0,18.0,7.0,20.0,Basic,Annual,157.0,16.0,Yes
136639.0,51.0,Female,1.0,7.0,0.0,15.0,Premium,Annual,346.0,13.0,Yes
333089.0,48.0,Female,38.0,23.0,0.0,5.0,Premium,Quarterly,945.32,2.0,No
80731.0,58.0,Male,50.0,23.0,5.0,1.0,Basic,Monthly,630.0,24.0,Yes
162368.0,56.0,Male,37.0,29.0,9.0,20.0,Basic,Annual,329.0,9.0,Yes
380380.0,45.0,Male,42.0,20.0,3.0,10.0,Basic,Quarterly,700.57,24.0,No
167530.0,36.0,Female,57.0,13.0,1.0,10.0,Basic,Monthly,618.0,11.0,Yes
245536.0,52.0,Male,21.0,27.0,9.0,22.0,Basic,Monthly,249.78,23.0,Yes
158849.0,34.0,Male,51.0,24.0,0.0,27.0,Premium,Quarterly,899.0,17.0,Yes
229363.0,36.0,Female,24.0,28.0,3.0,1.0,Premium,Monthly,641.76,6.0,Yes
272714.0,43.0,Female,24.0,14.0,2.0,14.0,Premium,Quarterly,669.16,6.0,No
388983.0,21.0,Male,43.0,25.0,1.0,18.0,Standard,Annual,536.78,8.0,No
117111.0,34.0,Male,32.0,10.0,0.0,7.0,Basic,Quarterly,135.0,29.0,Yes
430029.0,42.0,Male,39.0,12.0,0.0,10.0,Basic,Quarterly,684.02,24.0,No
22255.0,28.0,Female,2.0,26.0,8.0,27.0,Premium,Annual,217.0,12.0,Yes
417931.0,49.0,Male,55.0,6.0,2.0,11.0,Premium,Annual,966.82,18.0,No
64139.0,45.0,Male,54.0,6.0,9.0,25.0,Basic,Annual,181.0,28.0,Yes
412389.0,38.0,Male,14.0,10.0,2.0,13.0,Standard,Annual,723.19,5.0,No
177318.0,59.0,Male,10.0,14.0,3.0,8.0,Standard,Quarterly,132.0,13.0,Yes
373328.0,45.0,Male,25.0,11.0,4.0,1.0,Basic,Quarterly,889.69,23.0,No
88214.0,29.0,Female,55.0,20.0,10.0,28.0,Basic,Monthly,832.0,22.0,Yes
33103.0,61.0,Female,16.0,2.0,8.0,6.0,Premium,Annual,347.0,13.0,Yes
443574.0,27.0,Female,58.0,26.0,2.0,1.0,Basic,Annual,915.73,4.0,No
39967.0,45.0,Female,16.0,16.0,3.0,26.0,Premium,Quarterly,536.0,6.0,Yes
93610.0,22.0,Male,46.0,19.0,8.0,18.0,Standard,Monthly,617.0,27.0,Yes
362194.0,48.0,Male,15.0,29.0,3.0,19.0,Premium,Annual,682.34,26.0,No
97936.0,64.0,Male,52.0,13.0,2.0,25.0,Premium,Annual,933.0,18.0,Yes
299530.0,23.0,Male,48.0,16.0,1.0,7.0,Premium,Quarterly,867.45,22.0,No
376760.0,22.0,Female,25.0,20.0,2.0,11.0,Basic,Quarterly,515.24,2.0,No
1868.0,23.0,Male,2.0,7.0,6.0,3.0,Premium,Quarterly,883.0,13.0,Yes
230746.0,48.0,Female,22.0,8.0,9.0,1.0,Premium,Quarterly,325.91,26.0,Yes
39265.0,31.0,Female,53.0,6.0,9.0,13.0,Premium,Monthly,645.0,25.0,Yes
195939.0,57.0,Male,60.0,18.0,10.0,11.0,Premium,Annual,336.0,7.0,Yes
147817.0,46.0,Female,28.0,3.0,6.0,21.0,Premium,Monthly,576.0,27.0,Yes
382916.0,30.0,Female,50.0,5.0,2.0,12.0,Standard,Quarterly,827.12,8.0,No
294719.0,49.0,Male,20.0,30.0,1.0,14.0,Standard,Quarterly,870.64,25.0,No
15654.0,54.0,Male,6.0,26.0,3.0,16.0,Standard,Monthly,345.0,17.0,Yes
414741.0,48.0,Male,39.0,3.0,4.0,5.0,Standard,Annual,707.0,4.0,No
432518.0,27.0,Female,24.0,30.0,1.0,6.0,Premium,Annual,850.93,1.0,No
59873.0,60.0,Male,51.0,1.0,6.0,5.0,Basic,Annual,540.0,3.0,Yes
39399.0,26.0,Male,34.0,29.0,7.0,5.0,Standard,Annual,351.0,26.0,Yes
34717.0,60.0,Female,51.0,30.0,6.0,22.0,Premium,Annual,970.0,24.0,Yes
400351.0,47.0,Female,42.0,1.0,0.0,5.0,Basic,Quarterly,627.59,9.0,No
108892.0,34.0,Female,60.0,9.0,6.0,23.0,Basic,Quarterly,840.0,27.0,Yes
427015.0,29.0,Male,47.0,26.0,1.0,0.0,Standard,Quarterly,806.21,21.0,No
434847.0,19.0,Male,8.0,18.0,1.0,8.0,Premium,Quarterly,737.29,25.0,No
159787.0,28.0,Female,51.0,6.0,9.0,9.0,Basic,Quarterly,711.0,19.0,Yes
383132.0,43.0,Male,34.0,21.0,2.0,10.0,Standard,Annual,874.71,14.0,No
208219.0,58.0,Female,42.0,24.0,8.0,30.0,Standard,Monthly,640.96,6.0,Yes
234832.0,36.0,Female,30.0,20.0,10.0,1.0,Basic,Monthly,586.28,23.0,Yes
333333.0,35.0,Male,11.0,10.0,2.0,5.0,Premium,Quarterly,637.61,10.0,No
99598.0,64.0,Male,44.0,16.0,0.0,4.0,Basic,Annual,887.0,9.0,Yes
54144.0,61.0,Female,55.0,20.0,2.0,9.0,Premium,Quarterly,602.0,5.0,Yes
190213.0,53.0,Male,29.0,29.0,1.0,15.0,Premium,Annual,161.0,21.0,Yes
164106.0,41.0,Male,8.0,14.0,2.0,1.0,Standard,Quarterly,112.0,27.0,Yes
424547.0,43.0,Male,25.0,21.0,3.0,18.0,Basic,Quarterly,807.64,10.0,No
4364.0,39.0,Male,5.0,21.0,2.0,24.0,Standard,Monthly,300.0,10.0,Yes
315113.0,29.0,Male,44.0,19.0,0.0,18.0,Basic,Quarterly,844.02,9.0,No
367624.0,27.0,Male,51.0,22.0,2.0,14.0,Basic,Quarterly,634.01,26.0,No
224602.0,47.0,Female,49.0,10.0,9.0,22.0,Basic,Annual,704.75,17.0,Yes
58211.0,25.0,Female,36.0,24.0,8.0,28.0,Basic,Monthly,856.0,15.0,Yes
362396.0,32.0,Male,34.0,25.0,1.0,19.0,Standard,Annual,917.88,6.0,No
34745.0,51.0,Male,40.0,20.0,1.0,22.0,Standard,Monthly,115.0,27.0,Yes
13830.0,28.0,Female,46.0,30.0,2.0,17.0,Standard,Monthly,445.0,22.0,Yes
278532.0,20.0,Female,10.0,13.0,2.0,20.0,Standard,Annual,579.26,10.0,No
206044.0,42.0,Male,15.0,17.0,4.0,24.0,Premium,Annual,647.63,29.0,Yes
10871.0,26.0,Male,50.0,11.0,8.0,16.0,Standard,Quarterly,367.0,17.0,Yes
448329.0,22.0,Male,37.0,4.0,0.0,13.0,Standard,Quarterly,938.11,10.0,No
252204.0,30.0,Female,53.0,5.0,7.0,15.0,Standard,Annual,533.33,23.0,Yes
306243.0,38.0,Female,6.0,27.0,0.0,2.0,Standard,Annual,511.11,12.0,No
157362.0,56.0,Female,32.0,8.0,9.0,1.0,Standard,Annual,150.0,29.0,Yes
372125.0,25.0,Female,50.0,8.0,1.0,12.0,Premium,Annual,614.7,11.0,No
447299.0,28.0,Male,26.0,12.0,2.0,18.0,Premium,Annual,513.55,29.0,No
279972.0,50.0,Male,15.0,17.0,4.0,18.0,Standard,Quarterly,723.51,8.0,No
63895.0,48.0,Female,56.0,30.0,5.0,15.0,Standard,Monthly,813.0,25.0,Yes
349206.0,28.0,Male,54.0,11.0,0.0,5.0,Premium,Annual,927.96,28.0,No
280623.0,44.0,Male,8.0,16.0,4.0,14.0,Premium,Annual,942.99,7.0,No
129504.0,24.0,Male,25.0,2.0,7.0,8.0,Standard,Quarterly,592.0,1.0,Yes
52867.0,49.0,Male,52.0,11.0,7.0,7.0,Standard,Monthly,358.0,14.0,Yes
170409.0,46.0,Female,19.0,9.0,9.0,6.0,Premium,Monthly,377.0,18.0,Yes
337396.0,23.0,Male,11.0,21.0,2.0,6.0,Basic,Quarterly,761.79,12.0,No
154772.0,64.0,Male,26.0,6.0,7.0,27.0,Basic,Quarterly,667.0,24.0,Yes
212934.0,65.0,Male,54.0,7.0,7.0,23.0,Standard,Monthly,638.27,16.0,Yes
369062.0,29.0,Male,41.0,10.0,1.0,9.0,Premium,Annual,927.73,14.0,No
429265.0,39.0,Male,38.0,26.0,2.0,3.0,Basic,Annual,744.59,28.0,No
186971.0,19.0,Male,9.0,14.0,1.0,8.0,Standard,Monthly,843.0,15.0,Yes
173637.0,63.0,Male,11.0,23.0,8.0,8.0,Basic,Annual,420.0,25.0,Yes
29848.0,42.0,Female,44.0,5.0,8.0,9.0,Premium,Annual,215.0,16.0,Yes
431704.0,49.0,Male,5.0,13.0,1.0,0.0,Standard,Quarterly,560.15,27.0,No
441686.0,32.0,Male,7.0,28.0,1.0,2.0,Standard,Annual,712.17,27.0,No
395318.0,39.0,Male,49.0,18.0,2.0,18.0,Standard,Annual,876.95,1.0,No
326971.0,18.0,Male,39.0,10.0,0.0,20.0,Standard,Quarterly,795.85,11.0,No
100220.0,34.0,Female,52.0,3.0,0.0,24.0,Basic,Quarterly,348.0,2.0,Yes
429869.0,41.0,Female,41.0,7.0,0.0,0.0,Premium,Quarterly,983.51,11.0,No
314196.0,36.0,Male,38.0,4.0,3.0,12.0,Premium,Quarterly,709.68,8.0,No
62597.0,43.0,Male,32.0,19.0,5.0,19.0,Basic,Annual,976.0,23.0,Yes
262705.0,48.0,Female,11.0,25.0,0.0,8.0,Basic,Annual,520.04,10.0,No
329302.0,31.0,Male,32.0,4.0,3.0,4.0,Basic,Quarterly,721.99,23.0,No
377070.0,48.0,Male,22.0,24.0,0.0,4.0,Basic,Annual,843.96,7.0,No
143560.0,41.0,Female,60.0,22.0,5.0,2.0,Basic,Quarterly,235.0,6.0,Yes
34489.0,53.0,Male,15.0,28.0,2.0,6.0,Basic,Quarterly,159.0,4.0,Yes
443902.0,26.0,Female,2.0,21.0,0.0,4.0,Standard,Annual,515.37,10.0,No
268197.0,19.0,Female,22.0,20.0,0.0,19.0,Premium,Quarterly,970.0,6.0,No
384183.0,49.0,Female,41.0,10.0,1.0,14.0,Standard,Annual,876.89,11.0,No
23280.0,51.0,Female,33.0,1.0,2.0,13.0,Standard,Monthly,700.0,20.0,Yes
136352.0,43.0,Male,37.0,4.0,6.0,14.0,Standard,Annual,891.0,6.0,Yes
246497.0,30.0,Female,13.0,15.0,6.0,29.0,Standard,Monthly,348.48,18.0,Yes
243742.0,43.0,Female,12.0,18.0,0.0,15.0,Premium,Quarterly,243.41,14.0,Yes
169356.0,44.0,Male,45.0,11.0,3.0,18.0,Premium,Annual,954.0,24.0,No
89441.0,45.0,Male,17.0,7.0,6.0,1.0,Premium,Monthly,699.0,5.0,Yes
357312.0,28.0,Female,15.0,12.0,1.0,19.0,Standard,Quarterly,762.76,13.0,No
365291.0,50.0,Female,52.0,26.0,0.0,0.0,Basic,Quarterly,760.05,11.0,No
251992.0,60.0,Female,26.0,2.0,5.0,17.0,Standard,Monthly,309.92,1.0,Yes
144514.0,50.0,Female,21.0,26.0,6.0,21.0,Basic,Quarterly,215.0,21.0,Yes
3205.0,63.0,Male,56.0,23.0,6.0,25.0,Standard,Monthly,412.0,18.0,Yes
257924.0,21.0,Male,45.0,26.0,8.0,8.0,Premium,Annual,581.18,17.0,Yes
433770.0,49.0,Male,12.0,14.0,4.0,7.0,Basic,Quarterly,700.04,5.0,No
309683.0,42.0,Male,30.0,22.0,1.0,5.0,Standard,Annual,998.3,29.0,No
313808.0,24.0,Male,26.0,4.0,1.0,3.0,Standard,Quarterly,782.11,20.0,No
431796.0,43.0,Female,47.0,24.0,4.0,14.0,Basic,Annual,558.46,3.0,No
137111.0,30.0,Male,59.0,6.0,0.0,23.0,Premium,Quarterly,767.0,18.0,Yes
133306.0,33.0,Female,46.0,11.0,10.0,6.0,Basic,Annual,758.0,30.0,Yes
142348.0,43.0,Female,18.0,14.0,3.0,4.0,Basic,Monthly,896.0,30.0,Yes
77314.0,28.0,Male,32.0,12.0,8.0,25.0,Basic,Quarterly,298.0,30.0,Yes
426633.0,30.0,Male,57.0,15.0,3.0,7.0,Standard,Annual,821.77,22.0,No
279536.0,48.0,Male,3.0,4.0,0.0,16.0,Premium,Annual,901.77,21.0,No
388859.0,21.0,Female,24.0,12.0,1.0,11.0,Basic,Annual,755.23,5.0,No
354608.0,45.0,Male,46.0,3.0,2.0,12.0,Basic,Annual,549.1,10.0,No
77640.0,61.0,Male,26.0,13.0,5.0,4.0,Basic,Annual,251.0,30.0,Yes
350020.0,49.0,Female,31.0,2.0,1.0,10.0,Premium,Quarterly,622.01,2.0,No
88134.0,38.0,Male,3.0,16.0,4.0,4.0,Standard,Quarterly,213.0,6.0,Yes
177628.0,50.0,Female,48.0,1.0,4.0,30.0,Standard,Annual,614.0,28.0,Yes
220832.0,61.0,Female,28.0,9.0,4.0,8.0,Basic,Monthly,540.54,5.0,Yes
320124.0,45.0,Female,23.0,18.0,0.0,12.0,Standard,Quarterly,633.06,10.0,No
276276.0,43.0,Male,6.0,22.0,4.0,8.0,Standard,Quarterly,513.26,14.0,No
284647.0,48.0,Male,57.0,19.0,3.0,15.0,Basic,Annual,861.15,24.0,No
201418.0,54.0,Male,47.0,12.0,6.0,10.0,Basic,Monthly,689.0,30.0,Yes
370227.0,42.0,Male,23.0,22.0,3.0,7.0,Standard,Annual,553.94,18.0,No
317684.0,33.0,Male,49.0,15.0,3.0,7.0,Basic,Quarterly,977.34,12.0,No
175755.0,52.0,Male,36.0,23.0,4.0,9.0,Premium,Monthly,445.0,28.0,Yes
92510.0,26.0,Female,33.0,24.0,8.0,1.0,Standard,Monthly,724.0,1.0,Yes
218718.0,59.0,Female,58.0,12.0,2.0,16.0,Standard,Monthly,395.45,28.0,Yes
1936.0,56.0,Male,43.0,16.0,0.0,16.0,Basic,Quarterly,828.0,3.0,Yes
127285.0,47.0,Male,15.0,19.0,8.0,15.0,Basic,Annual,194.0,14.0,Yes
148911.0,38.0,Female,44.0,3.0,3.0,30.0,Premium,Annual,488.0,15.0,Yes
138013.0,35.0,Female,48.0,22.0,7.0,16.0,Basic,Quarterly,147.0,4.0,Yes
152417.0,43.0,Male,50.0,27.0,3.0,4.0,Standard,Monthly,671.0,1.0,Yes
243974.0,61.0,Male,24.0,22.0,2.0,4.0,Premium,Monthly,202.41,14.0,Yes
360884.0,50.0,Female,16.0,17.0,1.0,2.0,Basic,Quarterly,670.24,3.0,No
379311.0,35.0,Female,13.0,12.0,2.0,19.0,Premium,Annual,578.89,6.0,No
250102.0,44.0,Female,22.0,14.0,5.0,2.0,Basic,Monthly,476.61,11.0,Yes
203437.0,39.0,Male,42.0,30.0,0.0,28.0,Premium,Monthly,246.0,26.0,Yes
18083.0,39.0,Female,15.0,16.0,4.0,15.0,Standard,Quarterly,355.0,16.0,Yes
144954.0,39.0,Female,20.0,11.0,3.0,29.0,Standard,Quarterly,193.0,15.0,Yes
130058.0,19.0,Female,32.0,3.0,8.0,2.0,Premium,Monthly,807.0,24.0,Yes
26398.0,23.0,Male,8.0,30.0,10.0,7.0,Standard,Monthly,883.0,26.0,Yes
129339.0,23.0,Female,56.0,2.0,7.0,22.0,Premium,Annual,504.0,4.0,Yes
349893.0,33.0,Female,33.0,29.0,3.0,11.0,Premium,Annual,532.95,7.0,No
109297.0,42.0,Female,25.0,12.0,5.0,10.0,Basic,Annual,562.0,26.0,Yes
369495.0,26.0,Male,57.0,29.0,2.0,5.0,Basic,Quarterly,534.66,17.0,No
183768.0,25.0,Female,58.0,30.0,1.0,30.0,Basic,Annual,383.0,10.0,Yes
6052.0,20.0,Female,7.0,15.0,7.0,6.0,Premium,Annual,227.0,14.0,Yes
200147.0,48.0,Male,6.0,8.0,0.0,7.0,Standard,Quarterly,593.0,23.0,No
249657.0,25.0,Female,21.0,30.0,5.0,25.0,Standard,Quarterly,576.44,29.0,Yes
135345.0,20.0,Male,51.0,6.0,10.0,1.0,Basic,Annual,453.0,20.0,Yes
262079.0,35.0,Male,46.0,17.0,1.0,15.0,Basic,Quarterly,582.5,30.0,No
302463.0,24.0,Male,29.0,17.0,2.0,17.0,Premium,Annual,768.8,16.0,No
283798.0,35.0,Female,8.0,25.0,3.0,0.0,Basic,Quarterly,706.58,8.0,No
279625.0,21.0,Male,34.0,17.0,0.0,3.0,Premium,Quarterly,809.58,10.0,No
23317.0,61.0,Male,29.0,17.0,1.0,1.0,Basic,Quarterly,355.0,18.0,Yes
441509.0,38.0,Male,35.0,23.0,2.0,4.0,Basic,Annual,963.13,6.0,No
144861.0,31.0,Male,35.0,23.0,10.0,9.0,Standard,Monthly,642.0,20.0,Yes
431256.0,20.0,Male,53.0,29.0,1.0,6.0,Basic,Annual,515.36,11.0,No
382156.0,35.0,Male,47.0,4.0,3.0,6.0,Basic,Annual,905.75,16.0,No
123263.0,52.0,Female,15.0,17.0,8.0,25.0,Premium,Quarterly,634.0,3.0,Yes
178403.0,34.0,Female,37.0,11.0,1.0,13.0,Basic,Quarterly,673.0,3.0,No
187461.0,39.0,Female,5.0,26.0,6.0,30.0,Basic,Monthly,988.0,30.0,Yes
255890.0,25.0,Female,60.0,25.0,4.0,16.0,Premium,Annual,206.18,25.0,Yes
149414.0,34.0,Male,57.0,25.0,6.0,8.0,Premium,Monthly,651.0,7.0,Yes
291886.0,40.0,Male,31.0,16.0,2.0,19.0,Standard,Quarterly,656.57,10.0,No
201255.0,18.0,Male,36.0,14.0,8.0,17.0,Standard,Quarterly,223.0,17.0,Yes
51928.0,57.0,Male,22.0,8.0,1.0,3.0,Standard,Quarterly,939.0,22.0,Yes
103209.0,46.0,Female,38.0,4.0,0.0,18.0,Premium,Annual,323.0,27.0,Yes
304492.0,40.0,Male,26.0,4.0,4.0,12.0,Premium,Annual,806.19,13.0,No
107638.0,21.0,Male,2.0,30.0,6.0,13.0,Standard,Annual,291.0,2.0,Yes
106782.0,26.0,Female,11.0,26.0,3.0,2.0,Premium,Annual,715.0,3.0,Yes
42945.0,48.0,Male,55.0,7.0,4.0,4.0,Basic,Annual,126.0,17.0,Yes
228274.0,48.0,Male,49.0,7.0,8.0,13.0,Premium,Monthly,176.47,28.0,Yes
37106.0,23.0,Male,40.0,9.0,8.0,14.0,Basic,Monthly,106.0,11.0,Yes
446810.0,39.0,Male,54.0,25.0,2.0,5.0,Premium,Quarterly,624.73,5.0,No
35519.0,38.0,Male,47.0,13.0,1.0,18.0,Basic,Monthly,428.0,8.0,Yes
31583.0,43.0,Female,46.0,5.0,7.0,5.0,Premium,Annual,437.0,21.0,Yes
358291.0,24.0,Female,5.0,25.0,2.0,19.0,Premium,Annual,617.16,5.0,No
443072.0,32.0,Male,11.0,4.0,0.0,13.0,Premium,Quarterly,872.07,6.0,No
57613.0,55.0,Female,51.0,8.0,2.0,23.0,Premium,Annual,105.0,3.0,Yes
380626.0,26.0,Female,32.0,22.0,1.0,4.0,Basic,Quarterly,709.52,3.0,No
369698.0,42.0,Female,33.0,12.0,1.0,7.0,Standard,Quarterly,889.44,1.0,No
51249.0,51.0,Male,17.0,28.0,0.0,29.0,Standard,Monthly,639.0,19.0,Yes
224966.0,35.0,Female,46.0,8.0,5.0,28.0,Premium,Quarterly,349.77,5.0,Yes
192124.0,20.0,Female,14.0,12.0,7.0,29.0,Premium,Annual,299.0,18.0,Yes
107276.0,24.0,Female,39.0,15.0,7.0,0.0,Standard,Monthly,608.0,9.0,Yes
20343.0,18.0,Male,23.0,16.0,10.0,4.0,Standard,Quarterly,694.0,24.0,Yes
232363.0,26.0,Female,15.0,8.0,7.0,3.0,Standard,Monthly,862.45,15.0,Yes
405698.0,45.0,Female,41.0,8.0,0.0,17.0,Standard,Annual,643.78,13.0,No
256744.0,51.0,Male,32.0,3.0,10.0,21.0,Basic,Annual,132.28,26.0,Yes
256819.0,47.0,Male,5.0,2.0,6.0,20.0,Premium,Annual,419.79,5.0,Yes
164675.0,20.0,Female,31.0,5.0,0.0,18.0,Premium,Monthly,926.0,29.0,Yes
160103.0,37.0,Male,27.0,22.0,6.0,22.0,Basic,Monthly,284.0,11.0,Yes
36814.0,58.0,Male,1.0,5.0,0.0,24.0,Standard,Monthly,168.0,26.0,Yes
127981.0,20.0,Male,11.0,1.0,6.0,26.0,Standard,Annual,507.0,1.0,Yes
204376.0,32.0,Female,23.0,14.0,2.0,13.0,Premium,Quarterly,977.15,24.0,Yes
23359.0,37.0,Female,46.0,9.0,10.0,21.0,Standard,Annual,669.0,12.0,Yes
296077.0,26.0,Male,25.0,11.0,1.0,10.0,Standard,Annual,684.44,24.0,No
58567.0,26.0,Male,58.0,9.0,9.0,7.0,Basic,Quarterly,861.0,14.0,Yes
348027.0,31.0,Male,5.0,20.0,2.0,9.0,Standard,Quarterly,724.66,20.0,No
352518.0,46.0,Female,59.0,13.0,0.0,9.0,Standard,Annual,954.54,12.0,No
164328.0,61.0,Female,7.0,12.0,8.0,24.0,Standard,Monthly,661.0,28.0,Yes
375937.0,35.0,Male,44.0,25.0,0.0,14.0,Basic,Quarterly,905.77,10.0,No
418163.0,39.0,Male,42.0,30.0,0.0,3.0,Basic,Annual,535.47,22.0,No
10952.0,20.0,Male,6.0,18.0,3.0,2.0,Standard,Quarterly,239.0,9.0,Yes
202232.0,41.0,Female,18.0,23.0,9.0,26.0,Standard,Quarterly,206.0,28.0,Yes
374675.0,19.0,Male,40.0,29.0,0.0,10.0,Standard,Annual,551.64,25.0,No
200986.0,32.0,Female,49.0,13.0,3.0,0.0,Premium,Annual,168.0,12.0,Yes
397025.0,25.0,Female,13.0,17.0,2.0,7.0,Basic,Annual,656.39,15.0,No
401778.0,18.0,Male,46.0,29.0,0.0,1.0,Standard,Quarterly,535.91,15.0,No
355180.0,24.0,Male,14.0,26.0,1.0,8.0,Standard,Annual,932.9,17.0,No
276696.0,43.0,Male,7.0,13.0,1.0,14.0,Premium,Annual,668.62,14.0,No
366812.0,41.0,Male,31.0,5.0,1.0,11.0,Basic,Annual,990.35,29.0,No
215491.0,40.0,Female,48.0,12.0,6.0,23.0,Standard,Monthly,329.47,8.0,Yes
427959.0,23.0,Male,9.0,9.0,0.0,17.0,Premium,Quarterly,968.51,21.0,No
396309.0,48.0,Female,54.0,12.0,0.0,17.0,Standard,Quarterly,845.64,5.0,No
278559.0,44.0,Male,1.0,3.0,0.0,11.0,Standard,Quarterly,863.84,3.0,No
135082.0,53.0,Female,36.0,6.0,7.0,7.0,Standard,Annual,830.0,18.0,Yes
23736.0,50.0,Male,12.0,30.0,2.0,25.0,Premium,Quarterly,934.0,14.0,Yes
101619.0,32.0,Female,20.0,18.0,7.0,15.0,Basic,Annual,605.0,4.0,Yes
414970.0,26.0,Male,40.0,4.0,1.0,19.0,Standard,Quarterly,801.42,4.0,No
160785.0,65.0,Female,30.0,21.0,3.0,19.0,Basic,Annual,977.0,16.0,Yes
193732.0,45.0,Female,41.0,14.0,9.0,29.0,Basic,Annual,542.0,26.0,Yes
279563.0,27.0,Male,60.0,21.0,2.0,3.0,Standard,Quarterly,919.8,7.0,No
315108.0,29.0,Male,35.0,8.0,2.0,20.0,Standard,Annual,807.9,9.0,No
28107.0,18.0,Female,37.0,16.0,0.0,27.0,Basic,Monthly,115.0,22.0,Yes
316822.0,50.0,Male,26.0,17.0,4.0,12.0,Premium,Quarterly,922.56,12.0,No
10199.0,61.0,Male,23.0,1.0,1.0,23.0,Standard,Quarterly,648.0,24.0,Yes
353340.0,26.0,Male,42.0,26.0,0.0,6.0,Premium,Quarterly,685.36,1.0,No
298621.0,27.0,Female,6.0,28.0,2.0,1.0,Basic,Quarterly,959.73,2.0,No
420072.0,41.0,Male,17.0,28.0,0.0,16.0,Premium,Quarterly,893.45,26.0,No
132408.0,59.0,Male,46.0,30.0,1.0,4.0,Standard,Quarterly,522.0,3.0,Yes
201671.0,61.0,Female,20.0,1.0,9.0,5.0,Basic,Annual,493.0,6.0,Yes
216855.0,58.0,Male,51.0,29.0,9.0,22.0,Basic,Quarterly,917.26,23.0,Yes
24989.0,20.0,Male,3.0,19.0,2.0,15.0,Basic,Quarterly,274.0,26.0,Yes
115842.0,65.0,Male,54.0,25.0,10.0,19.0,Basic,Quarterly,911.0,21.0,Yes
190805.0,30.0,Female,37.0,15.0,3.0,19.0,Premium,Annual,919.0,9.0,No
335558.0,34.0,Female,9.0,4.0,3.0,14.0,Basic,Annual,969.28,1.0,No
170006.0,39.0,Male,30.0,19.0,2.0,21.0,Premium,Annual,529.0,21.0,Yes
18257.0,34.0,Male,13.0,20.0,5.0,26.0,Premium,Monthly,207.0,2.0,Yes
61649.0,52.0,Female,44.0,29.0,3.0,6.0,Standard,Monthly,531.0,29.0,Yes
404237.0,32.0,Male,9.0,4.0,2.0,0.0,Standard,Annual,961.52,25.0,No
129706.0,64.0,Male,5.0,5.0,8.0,19.0,Basic,Quarterly,340.0,14.0,Yes
42396.0,55.0,Female,44.0,25.0,9.0,8.0,Basic,Annual,948.0,7.0,Yes
15156.0,20.0,Male,39.0,1.0,8.0,9.0,Premium,Annual,675.0,17.0,Yes
396172.0,30.0,Female,60.0,24.0,2.0,20.0,Standard,Annual,693.4,5.0,No
292716.0,31.0,Male,50.0,20.0,1.0,16.0,Standard,Annual,863.57,17.0,No
288102.0,49.0,Female,47.0,13.0,3.0,5.0,Basic,Annual,614.66,1.0,No
434895.0,29.0,Male,10.0,28.0,2.0,18.0,Basic,Quarterly,866.75,4.0,No
255901.0,46.0,Female,55.0,24.0,8.0,25.0,Premium,Monthly,734.64,1.0,Yes
93878.0,59.0,Male,26.0,21.0,2.0,28.0,Premium,Annual,541.0,6.0,Yes
81079.0,53.0,Male,42.0,12.0,1.0,10.0,Basic,Monthly,922.0,7.0,Yes
357583.0,38.0,Male,58.0,12.0,1.0,19.0,Premium,Annual,706.02,24.0,No
127628.0,20.0,Female,8.0,13.0,5.0,14.0,Standard,Quarterly,803.0,19.0,Yes
81045.0,64.0,Female,21.0,1.0,10.0,19.0,Premium,Annual,962.0,29.0,Yes
392376.0,43.0,Male,42.0,5.0,0.0,10.0,Premium,Annual,593.4,12.0,No
360406.0,35.0,Female,9.0,29.0,3.0,1.0,Premium,Annual,827.24,2.0,No
87898.0,27.0,Male,29.0,2.0,10.0,10.0,Basic,Monthly,883.0,19.0,Yes
204524.0,23.0,Male,32.0,15.0,5.0,30.0,Basic,Annual,951.62,29.0,Yes
93625.0,46.0,Female,54.0,28.0,9.0,0.0,Basic,Monthly,594.0,14.0,Yes
24270.0,60.0,Female,40.0,9.0,10.0,20.0,Premium,Annual,463.0,10.0,Yes
14535.0,20.0,Male,16.0,17.0,10.0,0.0,Standard,Monthly,383.0,14.0,Yes
321872.0,20.0,Male,10.0,6.0,2.0,5.0,Basic,Annual,568.57,1.0,No
126197.0,29.0,Male,43.0,29.0,6.0,6.0,Premium,Monthly,425.0,10.0,Yes
372173.0,24.0,Female,50.0,27.0,0.0,17.0,Basic,Annual,858.92,9.0,No
126667.0,42.0,Female,18.0,24.0,3.0,20.0,Basic,Annual,703.0,18.0,Yes
303738.0,49.0,Male,49.0,17.0,0.0,10.0,Basic,Quarterly,799.93,6.0,No
143258.0,47.0,Female,27.0,16.0,2.0,6.0,Premium,Annual,856.0,29.0,Yes
353439.0,45.0,Male,41.0,19.0,3.0,4.0,Standard,Quarterly,839.18,11.0,No
213090.0,63.0,Male,21.0,12.0,6.0,8.0,Premium,Quarterly,368.93,7.0,Yes
123443.0,60.0,Male,3.0,15.0,3.0,6.0,Premium,Quarterly,386.0,28.0,Yes
313708.0,41.0,Male,9.0,22.0,1.0,12.0,Premium,Quarterly,720.38,13.0,No
242919.0,26.0,Female,48.0,5.0,2.0,11.0,Premium,Monthly,573.44,22.0,Yes
247834.0,34.0,Male,35.0,8.0,7.0,25.0,Premium,Monthly,481.62,15.0,Yes
266762.0,48.0,Male,47.0,25.0,2.0,8.0,Premium,Annual,670.03,28.0,No
45049.0,61.0,Male,56.0,14.0,8.0,11.0,Standard,Annual,453.0,22.0,Yes
179626.0,53.0,Male,26.0,29.0,8.0,3.0,Premium,Quarterly,924.0,26.0,Yes
275849.0,28.0,Female,46.0,18.0,2.0,19.0,Premium,Quarterly,536.9,8.0,No
318356.0,27.0,Male,16.0,30.0,2.0,9.0,Premium,Quarterly,961.68,9.0,No
142874.0,42.0,Male,1.0,1.0,4.0,29.0,Basic,Monthly,784.0,19.0,Yes
375866.0,32.0,Male,17.0,29.0,0.0,0.0,Standard,Annual,605.83,25.0,No
86882.0,27.0,Female,23.0,18.0,7.0,27.0,Premium,Annual,142.0,25.0,Yes
118835.0,26.0,Female,33.0,14.0,5.0,0.0,Standard,Annual,916.0,2.0,Yes
109243.0,60.0,Male,28.0,8.0,7.0,22.0,Premium,Quarterly,509.0,3.0,Yes
88630.0,55.0,Male,15.0,3.0,8.0,9.0,Premium,Quarterly,408.0,19.0,Yes
300530.0,40.0,Male,11.0,12.0,0.0,0.0,Premium,Quarterly,680.88,12.0,No
175178.0,44.0,Female,33.0,27.0,5.0,16.0,Basic,Quarterly,469.0,11.0,Yes
399073.0,33.0,Male,48.0,5.0,0.0,12.0,Premium,Quarterly,671.19,3.0,No
185360.0,64.0,Male,47.0,10.0,1.0,27.0,Basic,Quarterly,949.0,21.0,Yes
80022.0,47.0,Male,35.0,9.0,9.0,12.0,Basic,Quarterly,663.0,6.0,Yes
340133.0,22.0,Male,54.0,3.0,0.0,7.0,Premium,Annual,676.01,10.0,No
210630.0,34.0,Female,43.0,4.0,8.0,5.0,Premium,Annual,982.04,2.0,Yes
128991.0,48.0,Male,46.0,27.0,7.0,2.0,Premium,Monthly,281.0,21.0,Yes
259946.0,42.0,Male,41.0,5.0,1.0,1.0,Standard,Annual,583.77,20.0,No
261036.0,25.0,Male,50.0,2.0,2.0,9.0,Standard,Annual,927.92,22.0,No
419738.0,30.0,Female,39.0,9.0,2.0,18.0,Premium,Annual,797.62,8.0,No
214353.0,60.0,Female,32.0,12.0,5.0,7.0,Premium,Monthly,318.95,10.0,Yes
308749.0,23.0,Male,31.0,11.0,0.0,9.0,Premium,Annual,626.34,28.0,No
126730.0,57.0,Male,10.0,9.0,7.0,23.0,Standard,Monthly,456.0,29.0,Yes
358900.0,47.0,Male,2.0,11.0,2.0,16.0,Standard,Annual,740.16,14.0,No
88622.0,65.0,Female,11.0,17.0,5.0,17.0,Standard,Monthly,839.0,27.0,Yes
261132.0,20.0,Male,7.0,1.0,2.0,16.0,Standard,Annual,660.56,3.0,No
392028.0,33.0,Male,56.0,5.0,1.0,4.0,Standard,Annual,657.31,12.0,No
374979.0,49.0,Male,41.0,5.0,3.0,17.0,Basic,Quarterly,576.6,16.0,No
320966.0,45.0,Male,58.0,4.0,1.0,17.0,Standard,Quarterly,718.8,6.0,No
434740.0,19.0,Male,56.0,6.0,0.0,20.0,Premium,Quarterly,779.72,26.0,No
321669.0,34.0,Male,28.0,13.0,3.0,18.0,Basic,Quarterly,858.11,1.0,No
45618.0,20.0,Female,47.0,29.0,4.0,4.0,Basic,Annual,290.0,12.0,Yes
384528.0,49.0,Male,26.0,28.0,4.0,4.0,Premium,Annual,769.52,19.0,No
58713.0,19.0,Female,12.0,4.0,5.0,19.0,Premium,Quarterly,660.0,29.0,Yes
45727.0,23.0,Female,10.0,19.0,9.0,20.0,Basic,Quarterly,953.0,20.0,Yes
81722.0,64.0,Male,28.0,29.0,3.0,21.0,Basic,Monthly,792.0,13.0,Yes
262283.0,30.0,Female,4.0,5.0,0.0,19.0,Standard,Quarterly,976.7,7.0,No
15692.0,22.0,Female,51.0,7.0,7.0,1.0,Premium,Quarterly,544.0,13.0,Yes
352423.0,40.0,Male,8.0,27.0,3.0,10.0,Premium,Quarterly,529.07,1.0,No
232349.0,35.0,Female,42.0,24.0,6.0,7.0,Standard,Monthly,764.9,22.0,Yes
214238.0,49.0,Male,20.0,12.0,8.0,4.0,Basic,Quarterly,395.89,1.0,Yes
275275.0,50.0,Male,29.0,10.0,1.0,15.0,Standard,Annual,666.9,20.0,No
9978.0,32.0,Male,23.0,16.0,6.0,29.0,Standard,Annual,238.0,26.0,Yes
4450.0,18.0,Male,36.0,23.0,10.0,2.0,Standard,Quarterly,325.0,6.0,Yes
39989.0,64.0,Male,33.0,22.0,5.0,0.0,Premium,Monthly,199.0,23.0,Yes
142218.0,53.0,Male,50.0,1.0,5.0,10.0,Premium,Quarterly,876.0,14.0,Yes
318370.0,43.0,Female,41.0,21.0,2.0,14.0,Standard,Annual,822.95,9.0,No
62999.0,43.0,Male,39.0,13.0,8.0,12.0,Standard,Quarterly,210.0,16.0,Yes
375989.0,41.0,Male,47.0,30.0,4.0,4.0,Premium,Quarterly,903.73,8.0,No
157658.0,63.0,Male,19.0,6.0,1.0,26.0,Standard,Annual,898.0,27.0,Yes
122164.0,26.0,Male,12.0,17.0,6.0,2.0,Standard,Monthly,544.0,15.0,Yes
56671.0,21.0,Male,8.0,12.0,0.0,6.0,Premium,Monthly,346.0,17.0,Yes
106147.0,51.0,Male,43.0,22.0,8.0,26.0,Premium,Quarterly,420.0,30.0,Yes
64287.0,28.0,Male,20.0,12.0,7.0,1.0,Standard,Quarterly,138.0,11.0,Yes
117365.0,26.0,Male,2.0,26.0,2.0,14.0,Standard,Monthly,458.0,11.0,Yes
117270.0,58.0,Female,47.0,24.0,1.0,27.0,Premium,Annual,329.0,18.0,Yes
197232.0,37.0,Female,9.0,24.0,0.0,9.0,Premium,Annual,430.0,6.0,Yes
374667.0,34.0,Male,46.0,19.0,2.0,8.0,Basic,Annual,522.96,1.0,No
205059.0,33.0,Male,57.0,22.0,10.0,17.0,Premium,Annual,198.95,20.0,Yes
38356.0,21.0,Female,17.0,17.0,10.0,5.0,Standard,Annual,599.0,7.0,Yes
400300.0,31.0,Male,55.0,11.0,3.0,15.0,Basic,Quarterly,663.84,14.0,No
18481.0,60.0,Male,6.0,13.0,5.0,24.0,Basic,Annual,947.0,6.0,Yes
280331.0,41.0,Female,21.0,12.0,4.0,8.0,Basic,Annual,644.13,7.0,No
275231.0,43.0,Male,52.0,29.0,0.0,7.0,Basic,Annual,920.28,14.0,No
437143.0,42.0,Male,20.0,17.0,1.0,13.0,Standard,Annual,673.9,16.0,No
328841.0,34.0,Male,19.0,24.0,2.0,0.0,Premium,Annual,849.32,7.0,No
113716.0,18.0,Male,11.0,4.0,10.0,0.0,Standard,Monthly,928.0,26.0,Yes
55928.0,18.0,Female,14.0,16.0,4.0,9.0,Standard,Annual,718.0,3.0,Yes
278437.0,42.0,Male,49.0,22.0,3.0,8.0,Basic,Quarterly,962.77,7.0,No
346425.0,35.0,Male,57.0,5.0,2.0,4.0,Standard,Annual,712.21,24.0,No
191819.0,28.0,Female,38.0,28.0,0.0,13.0,Standard,Annual,804.0,5.0,No
72151.0,45.0,Female,26.0,7.0,0.0,14.0,Basic,Annual,337.0,23.0,Yes
119004.0,27.0,Female,37.0,5.0,9.0,30.0,Premium,Quarterly,964.0,10.0,Yes
357626.0,26.0,Male,58.0,20.0,1.0,19.0,Standard,Quarterly,777.16,30.0,No
154973.0,26.0,Female,22.0,23.0,9.0,25.0,Premium,Monthly,675.0,7.0,Yes
421942.0,50.0,Male,4.0,4.0,3.0,10.0,Standard,Annual,963.26,4.0,No
201191.0,47.0,Male,6.0,22.0,3.0,20.0,Basic,Quarterly,962.0,26.0,No
117739.0,40.0,Male,50.0,20.0,5.0,30.0,Standard,Quarterly,149.0,26.0,Yes
310388.0,41.0,Female,40.0,13.0,0.0,2.0,Standard,Annual,943.81,5.0,No
408826.0,37.0,Female,38.0,25.0,2.0,13.0,Basic,Annual,920.44,15.0,No
319170.0,40.0,Male,55.0,24.0,3.0,15.0,Premium,Quarterly,647.44,24.0,No
61220.0,63.0,Male,52.0,10.0,7.0,8.0,Basic,Quarterly,547.0,27.0,Yes
384166.0,18.0,Male,51.0,20.0,1.0,11.0,Standard,Annual,537.9,24.0,No
434788.0,43.0,Male,26.0,3.0,2.0,6.0,Premium,Annual,940.8,19.0,No
113171.0,36.0,Male,23.0,6.0,9.0,5.0,Basic,Quarterly,578.0,17.0,Yes
179366.0,53.0,Male,2.0,17.0,0.0,8.0,Basic,Quarterly,338.0,15.0,Yes
129580.0,49.0,Female,28.0,27.0,9.0,10.0,Basic,Annual,874.0,8.0,Yes
217164.0,57.0,Female,12.0,26.0,6.0,26.0,Premium,Annual,847.26,26.0,Yes
130581.0,25.0,Female,15.0,9.0,0.0,20.0,Standard,Monthly,616.0,9.0,Yes
22530.0,47.0,Male,49.0,23.0,0.0,14.0,Premium,Quarterly,936.0,24.0,No
335231.0,35.0,Female,44.0,28.0,2.0,7.0,Premium,Annual,647.15,14.0,No
213625.0,22.0,Female,58.0,8.0,3.0,28.0,Standard,Quarterly,552.86,2.0,Yes
179287.0,40.0,Male,48.0,11.0,8.0,26.0,Basic,Quarterly,909.0,30.0,Yes
11910.0,61.0,Male,49.0,7.0,10.0,23.0,Standard,Monthly,753.0,13.0,Yes
279940.0,44.0,Male,32.0,8.0,2.0,12.0,Basic,Annual,936.7,27.0,No
427073.0,47.0,Female,34.0,23.0,4.0,18.0,Basic,Annual,948.12,6.0,No
392930.0,37.0,Male,33.0,11.0,1.0,10.0,Premium,Quarterly,771.08,8.0,No
295715.0,23.0,Female,39.0,5.0,0.0,2.0,Standard,Quarterly,805.46,15.0,No
119860.0,28.0,Male,54.0,27.0,0.0,19.0,Basic,Monthly,341.0,2.0,Yes
324004.0,38.0,Male,39.0,26.0,1.0,3.0,Premium,Quarterly,963.14,27.0,No
304572.0,44.0,Male,16.0,29.0,3.0,17.0,Basic,Annual,941.4,12.0,No
200843.0,61.0,Male,19.0,9.0,0.0,1.0,Standard,Annual,417.0,12.0,Yes
251094.0,46.0,Female,53.0,8.0,0.0,17.0,Standard,Monthly,882.74,9.0,Yes
390596.0,32.0,Male,48.0,21.0,0.0,4.0,Premium,Annual,943.11,23.0,No
355159.0,30.0,Male,41.0,10.0,0.0,12.0,Basic,Annual,912.48,3.0,No
118598.0,39.0,Male,56.0,4.0,10.0,30.0,Basic,Annual,753.0,3.0,Yes
402038.0,21.0,Male,13.0,19.0,2.0,5.0,Basic,Quarterly,619.61,19.0,No
290934.0,32.0,Male,5.0,28.0,1.0,2.0,Standard,Quarterly,936.51,25.0,No
1828.0,43.0,Female,23.0,9.0,0.0,1.0,Premium,Monthly,657.0,23.0,Yes
324818.0,28.0,Male,26.0,20.0,2.0,11.0,Premium,Quarterly,751.55,12.0,No
314575.0,33.0,Male,42.0,24.0,3.0,19.0,Premium,Quarterly,562.38,19.0,No
100749.0,49.0,Female,26.0,3.0,4.0,26.0,Basic,Annual,519.0,23.0,Yes
214999.0,18.0,Female,45.0,28.0,5.0,20.0,Premium,Quarterly,427.7,11.0,Yes
392066.0,31.0,Male,51.0,5.0,0.0,16.0,Premium,Quarterly,638.68,4.0,No
434442.0,24.0,Male,26.0,14.0,2.0,17.0,Basic,Quarterly,588.22,14.0,No
33807.0,36.0,Female,31.0,1.0,7.0,23.0,Basic,Quarterly,447.0,6.0,Yes
199556.0,27.0,Female,12.0,22.0,8.0,6.0,Standard,Quarterly,546.0,24.0,Yes
39343.0,60.0,Male,14.0,6.0,4.0,18.0,Standard,Monthly,964.0,4.0,Yes
153007.0,38.0,Male,12.0,19.0,8.0,8.0,Basic,Monthly,746.0,3.0,Yes
117040.0,42.0,Female,38.0,16.0,9.0,8.0,Premium,Monthly,452.0,24.0,Yes
22080.0,21.0,Male,4.0,25.0,1.0,4.0,Basic,Quarterly,351.0,30.0,Yes
338606.0,22.0,Female,20.0,18.0,2.0,18.0,Standard,Annual,680.21,14.0,No
7561.0,61.0,Male,32.0,2.0,0.0,3.0,Premium,Quarterly,783.0,6.0,Yes
127180.0,33.0,Male,33.0,25.0,7.0,27.0,Premium,Quarterly,765.0,9.0,Yes
330325.0,39.0,Female,50.0,24.0,3.0,12.0,Basic,Quarterly,836.33,13.0,No
341034.0,23.0,Male,2.0,18.0,0.0,14.0,Standard,Annual,742.07,14.0,No
225577.0,43.0,Female,4.0,14.0,7.0,7.0,Premium,Quarterly,650.06,25.0,Yes
94574.0,20.0,Male,42.0,18.0,5.0,8.0,Basic,Quarterly,574.0,1.0,Yes
370917.0,48.0,Male,56.0,16.0,1.0,12.0,Standard,Annual,799.85,22.0,No
157599.0,52.0,Female,18.0,22.0,0.0,22.0,Standard,Annual,738.0,22.0,Yes
228814.0,23.0,Male,15.0,1.0,2.0,29.0,Premium,Annual,518.02,17.0,Yes
361888.0,18.0,Female,43.0,4.0,0.0,15.0,Basic,Annual,855.65,15.0,No
260259.0,47.0,Male,2.0,13.0,10.0,28.0,Premium,Quarterly,878.45,15.0,Yes
57691.0,63.0,Female,1.0,10.0,9.0,24.0,Standard,Quarterly,304.0,16.0,Yes
227150.0,64.0,Female,46.0,14.0,2.0,20.0,Basic,Quarterly,802.52,23.0,Yes
227894.0,42.0,Male,44.0,12.0,4.0,25.0,Premium,Annual,472.53,13.0,Yes
144977.0,61.0,Female,32.0,30.0,2.0,5.0,Basic,Monthly,588.0,9.0,Yes
315096.0,43.0,Male,24.0,11.0,1.0,8.0,Premium,Quarterly,833.41,6.0,No
136968.0,28.0,Male,35.0,22.0,3.0,10.0,Premium,Quarterly,629.0,18.0,Yes
286338.0,36.0,Female,37.0,25.0,2.0,17.0,Premium,Quarterly,879.91,7.0,No
252470.0,42.0,Female,7.0,2.0,6.0,27.0,Basic,Monthly,483.46,30.0,Yes
241541.0,31.0,Female,10.0,4.0,5.0,27.0,Premium,Quarterly,895.31,11.0,Yes
393306.0,36.0,Male,19.0,23.0,0.0,0.0,Premium,Quarterly,788.01,16.0,No
71463.0,52.0,Female,28.0,20.0,6.0,10.0,Standard,Annual,461.0,23.0,Yes
131755.0,24.0,Male,3.0,16.0,7.0,29.0,Standard,Annual,950.0,12.0,Yes
66543.0,46.0,Female,26.0,17.0,8.0,29.0,Standard,Quarterly,843.0,25.0,Yes
257929.0,30.0,Male,26.0,29.0,8.0,7.0,Basic,Monthly,529.87,14.0,Yes
103109.0,60.0,Male,3.0,1.0,8.0,8.0,Basic,Monthly,931.0,30.0,Yes
411843.0,33.0,Male,60.0,18.0,1.0,7.0,Standard,Annual,850.23,13.0,No
7870.0,41.0,Female,44.0,25.0,1.0,14.0,Premium,Monthly,406.0,18.0,Yes
137929.0,28.0,Female,51.0,29.0,5.0,0.0,Basic,Quarterly,328.0,9.0,Yes
235064.0,35.0,Female,7.0,14.0,5.0,24.0,Basic,Annual,939.89,18.0,Yes
17768.0,27.0,Female,60.0,28.0,4.0,8.0,Basic,Monthly,486.0,13.0,Yes
437908.0,44.0,Female,55.0,4.0,4.0,0.0,Standard,Quarterly,728.37,11.0,No
229620.0,28.0,Female,21.0,7.0,2.0,21.0,Basic,Quarterly,645.29,4.0,Yes
438688.0,36.0,Male,9.0,20.0,1.0,1.0,Premium,Quarterly,921.39,9.0,No
127921.0,58.0,Male,20.0,1.0,7.0,1.0,Standard,Quarterly,589.0,16.0,Yes
71810.0,18.0,Female,16.0,20.0,0.0,5.0,Standard,Monthly,821.0,18.0,Yes
439643.0,47.0,Male,2.0,9.0,2.0,20.0,Premium,Annual,719.56,1.0,No
269182.0,34.0,Male,34.0,6.0,2.0,2.0,Standard,Annual,631.14,6.0,No
255159.0,62.0,Male,22.0,14.0,1.0,21.0,Premium,Monthly,692.22,21.0,Yes
115724.0,58.0,Female,6.0,18.0,8.0,0.0,Premium,Quarterly,878.0,30.0,Yes
291647.0,21.0,Female,42.0,23.0,2.0,17.0,Standard,Annual,581.85,9.0,No
321071.0,48.0,Female,58.0,17.0,3.0,1.0,Standard,Annual,633.64,3.0,No
248829.0,42.0,Female,33.0,14.0,9.0,28.0,Basic,Monthly,629.69,18.0,Yes
206443.0,63.0,Male,60.0,20.0,2.0,24.0,Basic,Quarterly,293.14,3.0,Yes
427618.0,22.0,Female,41.0,6.0,1.0,20.0,Standard,Quarterly,542.74,14.0,No
86819.0,59.0,Male,32.0,11.0,2.0,22.0,Basic,Monthly,424.0,18.0,Yes
436602.0,42.0,Female,13.0,10.0,3.0,1.0,Premium,Quarterly,579.08,13.0,No
327945.0,50.0,Female,45.0,28.0,0.0,12.0,Standard,Quarterly,845.51,10.0,No
51159.0,31.0,Male,60.0,6.0,5.0,19.0,Standard,Annual,644.0,12.0,Yes
419362.0,32.0,Female,24.0,23.0,1.0,7.0,Premium,Quarterly,623.88,7.0,No
384330.0,41.0,Female,10.0,28.0,1.0,19.0,Basic,Quarterly,732.29,6.0,No
169192.0,24.0,Female,18.0,10.0,6.0,9.0,Standard,Quarterly,479.0,26.0,Yes
183506.0,53.0,Female,55.0,26.0,5.0,14.0,Premium,Quarterly,871.0,22.0,Yes
149472.0,35.0,Female,3.0,12.0,1.0,16.0,Premium,Quarterly,605.0,6.0,No
431787.0,49.0,Male,33.0,30.0,3.0,0.0,Standard,Annual,514.46,12.0,No
50924.0,63.0,Male,14.0,9.0,5.0,13.0,Premium,Annual,413.0,2.0,Yes
214677.0,63.0,Female,2.0,20.0,2.0,1.0,Standard,Monthly,957.64,25.0,Yes
30898.0,22.0,Female,30.0,5.0,6.0,23.0,Standard,Annual,442.0,7.0,Yes
49555.0,20.0,Male,2.0,25.0,3.0,14.0,Basic,Quarterly,333.0,15.0,Yes
194799.0,60.0,Female,46.0,1.0,1.0,15.0,Premium,Annual,242.0,4.0,Yes
224922.0,44.0,Female,56.0,4.0,8.0,28.0,Premium,Monthly,440.55,2.0,Yes
227579.0,28.0,Male,20.0,10.0,7.0,20.0,Standard,Monthly,865.99,3.0,Yes
399102.0,39.0,Female,50.0,11.0,1.0,0.0,Basic,Annual,557.84,2.0,No
446462.0,19.0,Male,6.0,18.0,1.0,12.0,Premium,Annual,603.04,25.0,No
396880.0,31.0,Male,41.0,11.0,0.0,5.0,Standard,Quarterly,967.85,18.0,No
79940.0,21.0,Female,47.0,29.0,9.0,29.0,Standard,Monthly,439.0,13.0,Yes
148758.0,54.0,Male,35.0,25.0,7.0,4.0,Basic,Monthly,649.0,2.0,Yes
423069.0,30.0,Male,48.0,24.0,2.0,4.0,Basic,Quarterly,757.22,21.0,No
381857.0,25.0,Male,10.0,24.0,2.0,4.0,Premium,Annual,755.05,4.0,No
323962.0,33.0,Female,21.0,27.0,0.0,11.0,Standard,Quarterly,680.1,9.0,No
378464.0,18.0,Male,11.0,5.0,0.0,14.0,Premium,Annual,664.32,24.0,No
170107.0,46.0,Male,32.0,7.0,0.0,0.0,Basic,Annual,284.0,12.0,Yes
8171.0,51.0,Female,51.0,10.0,4.0,15.0,Basic,Monthly,205.0,30.0,Yes
127818.0,34.0,Male,9.0,5.0,10.0,18.0,Premium,Annual,753.0,7.0,Yes
189785.0,44.0,Male,49.0,5.0,8.0,28.0,Basic,Quarterly,766.0,18.0,Yes
261457.0,43.0,Male,22.0,16.0,2.0,10.0,Premium,Annual,597.17,23.0,No
300314.0,39.0,Male,43.0,14.0,2.0,3.0,Basic,Annual,760.56,24.0,No
185859.0,43.0,Female,23.0,8.0,3.0,19.0,Basic,Annual,750.0,16.0,Yes
444029.0,33.0,Female,47.0,6.0,0.0,13.0,Basic,Annual,743.72,14.0,No
64465.0,57.0,Female,25.0,19.0,7.0,4.0,Standard,Quarterly,702.0,5.0,Yes
389288.0,29.0,Male,34.0,11.0,2.0,4.0,Standard,Quarterly,866.77,19.0,No
225454.0,29.0,Female,54.0,21.0,3.0,16.0,Standard,Annual,257.35,24.0,Yes
410040.0,31.0,Male,34.0,24.0,0.0,11.0,Standard,Annual,732.2,27.0,No
369025.0,28.0,Female,48.0,10.0,0.0,3.0,Standard,Annual,531.08,13.0,No
189861.0,22.0,Female,44.0,12.0,7.0,27.0,Premium,Quarterly,846.0,12.0,Yes
319766.0,19.0,Male,47.0,24.0,0.0,16.0,Premium,Annual,923.22,24.0,No
288843.0,26.0,Female,30.0,19.0,2.0,3.0,Basic,Quarterly,630.98,6.0,No
319442.0,42.0,Male,54.0,5.0,1.0,9.0,Premium,Quarterly,921.04,6.0,No
5367.0,35.0,Male,33.0,17.0,2.0,10.0,Standard,Quarterly,691.0,7.0,No
306071.0,44.0,Female,25.0,26.0,2.0,5.0,Basic,Annual,823.48,1.0,No
3748.0,20.0,Male,9.0,18.0,7.0,9.0,Premium,Annual,599.0,23.0,Yes
95908.0,41.0,Male,42.0,6.0,0.0,2.0,Basic,Annual,113.0,8.0,Yes
623.0,53.0,Female,23.0,1.0,4.0,25.0,Standard,Monthly,619.0,30.0,Yes
54685.0,18.0,Female,41.0,12.0,2.0,15.0,Standard,Monthly,447.0,18.0,Yes
291056.0,20.0,Male,35.0,16.0,2.0,1.0,Premium,Quarterly,782.77,12.0,No
332261.0,40.0,Female,46.0,5.0,0.0,12.0,Premium,Quarterly,761.06,7.0,No
308542.0,46.0,Male,32.0,9.0,4.0,9.0,Basic,Quarterly,648.14,12.0,No
100375.0,65.0,Female,15.0,2.0,0.0,6.0,Premium,Quarterly,126.0,5.0,Yes
413249.0,22.0,Male,37.0,18.0,0.0,7.0,Standard,Quarterly,727.8,9.0,No
424816.0,23.0,Male,38.0,30.0,2.0,6.0,Premium,Quarterly,975.83,1.0,No
90986.0,21.0,Female,32.0,11.0,8.0,8.0,Premium,Annual,860.0,21.0,Yes
224349.0,51.0,Female,13.0,24.0,4.0,8.0,Standard,Monthly,859.49,15.0,Yes
40582.0,19.0,Female,37.0,11.0,4.0,10.0,Basic,Annual,430.0,6.0,Yes
443873.0,45.0,Male,34.0,27.0,4.0,12.0,Premium,Annual,882.36,12.0,No
432296.0,50.0,Female,60.0,26.0,0.0,14.0,Standard,Annual,809.48,7.0,No
124626.0,24.0,Male,2.0,25.0,2.0,17.0,Basic,Annual,696.0,19.0,Yes
420173.0,49.0,Male,33.0,9.0,1.0,15.0,Basic,Annual,696.26,23.0,No
241881.0,42.0,Female,52.0,24.0,10.0,7.0,Standard,Monthly,722.29,1.0,Yes
34142.0,49.0,Male,51.0,22.0,8.0,26.0,Standard,Monthly,759.0,19.0,Yes
291187.0,20.0,Male,50.0,24.0,0.0,17.0,Basic,Quarterly,866.53,10.0,No
197185.0,41.0,Male,45.0,27.0,1.0,7.0,Premium,Monthly,678.0,8.0,Yes
113075.0,56.0,Male,57.0,26.0,7.0,2.0,Standard,Monthly,638.0,15.0,Yes
78829.0,60.0,Male,57.0,17.0,0.0,11.0,Premium,Annual,501.0,3.0,Yes
234409.0,63.0,Female,57.0,17.0,4.0,26.0,Standard,Quarterly,663.28,24.0,Yes
342667.0,36.0,Male,27.0,5.0,2.0,1.0,Premium,Quarterly,741.17,9.0,No
202152.0,18.0,Male,21.0,6.0,1.0,16.0,Premium,Annual,285.0,30.0,Yes
174738.0,61.0,Female,13.0,13.0,7.0,15.0,Standard,Quarterly,229.0,2.0,Yes
368211.0,32.0,Female,40.0,22.0,2.0,2.0,Premium,Annual,504.16,12.0,No
288305.0,47.0,Male,28.0,20.0,4.0,20.0,Basic,Quarterly,625.65,16.0,No
248923.0,52.0,Female,16.0,20.0,1.0,10.0,Standard,Quarterly,817.23,11.0,Yes
366474.0,42.0,Male,51.0,29.0,3.0,19.0,Basic,Annual,830.29,20.0,No
12971.0,65.0,Female,48.0,7.0,5.0,6.0,Premium,Annual,572.0,8.0,Yes
360462.0,42.0,Male,11.0,17.0,2.0,6.0,Basic,Quarterly,943.67,29.0,No
420269.0,47.0,Male,18.0,11.0,1.0,3.0,Standard,Quarterly,657.51,23.0,No
408478.0,34.0,Male,2.0,22.0,3.0,19.0,Premium,Annual,688.76,4.0,No
73612.0,36.0,Female,20.0,11.0,10.0,19.0,Standard,Monthly,456.0,28.0,Yes
126957.0,49.0,Male,23.0,15.0,3.0,17.0,Basic,Quarterly,467.0,22.0,Yes
95859.0,62.0,Male,1.0,30.0,10.0,3.0,Basic,Monthly,229.0,19.0,Yes
41017.0,35.0,Male,15.0,7.0,1.0,25.0,Premium,Annual,603.0,26.0,Yes
431453.0,46.0,Male,39.0,10.0,0.0,19.0,Basic,Annual,779.88,5.0,No
118226.0,62.0,Male,50.0,7.0,3.0,16.0,Standard,Annual,984.0,19.0,Yes
429660.0,50.0,Female,25.0,29.0,1.0,0.0,Standard,Quarterly,829.95,6.0,No
161777.0,26.0,Male,7.0,18.0,10.0,0.0,Premium,Annual,730.0,5.0,Yes
341126.0,42.0,Male,21.0,12.0,0.0,14.0,Basic,Quarterly,522.25,19.0,No
231317.0,59.0,Female,5.0,28.0,1.0,19.0,Premium,Monthly,293.91,22.0,Yes
390851.0,22.0,Male,19.0,12.0,0.0,20.0,Standard,Annual,528.03,25.0,No
359970.0,41.0,Female,24.0,29.0,0.0,19.0,Basic,Quarterly,858.49,8.0,No
441033.0,29.0,Male,45.0,14.0,0.0,9.0,Basic,Annual,993.47,16.0,No
72651.0,51.0,Male,34.0,7.0,4.0,20.0,Basic,Annual,311.0,22.0,Yes
271651.0,35.0,Female,1.0,2.0,0.0,11.0,Standard,Annual,615.86,4.0,No
135148.0,64.0,Female,41.0,4.0,6.0,3.0,Standard,Monthly,962.0,20.0,Yes
281707.0,45.0,Male,36.0,18.0,1.0,13.0,Basic,Quarterly,646.78,24.0,No
42054.0,52.0,Female,10.0,30.0,5.0,4.0,Standard,Quarterly,151.0,19.0,Yes
424994.0,48.0,Male,52.0,12.0,2.0,5.0,Basic,Quarterly,878.84,10.0,No
424604.0,21.0,Male,32.0,22.0,1.0,5.0,Standard,Annual,966.08,30.0,No
69243.0,24.0,Male,54.0,17.0,10.0,22.0,Premium,Quarterly,249.0,6.0,Yes
182002.0,53.0,Female,2.0,15.0,4.0,15.0,Premium,Quarterly,103.0,28.0,Yes
264351.0,19.0,Male,58.0,15.0,1.0,0.0,Basic,Quarterly,589.53,19.0,No
145003.0,38.0,Male,28.0,12.0,4.0,17.0,Basic,Annual,942.0,27.0,Yes
261389.0,29.0,Male,38.0,17.0,0.0,2.0,Basic,Quarterly,672.65,28.0,No
270430.0,18.0,Male,52.0,25.0,0.0,8.0,Premium,Annual,500.98,21.0,No
6530.0,30.0,Female,3.0,13.0,10.0,25.0,Premium,Annual,966.0,13.0,Yes
298961.0,25.0,Male,23.0,23.0,2.0,17.0,Basic,Annual,586.93,19.0,No
140970.0,49.0,Male,45.0,29.0,2.0,13.0,Standard,Quarterly,387.0,11.0,Yes
345695.0,43.0,Male,10.0,8.0,0.0,17.0,Premium,Quarterly,710.98,11.0,No
108159.0,34.0,Male,14.0,23.0,5.0,15.0,Basic,Quarterly,485.0,15.0,Yes
79025.0,18.0,Male,54.0,29.0,7.0,11.0,Basic,Quarterly,674.0,14.0,Yes
112929.0,50.0,Male,14.0,22.0,4.0,7.0,Basic,Annual,233.0,28.0,Yes
104748.0,25.0,Female,33.0,5.0,2.0,9.0,Basic,Monthly,889.0,22.0,Yes
203244.0,21.0,Male,14.0,8.0,2.0,21.0,Basic,Monthly,170.0,29.0,Yes
49138.0,22.0,Female,17.0,29.0,9.0,18.0,Basic,Quarterly,938.0,29.0,Yes
109235.0,62.0,Male,27.0,28.0,7.0,14.0,Standard,Quarterly,923.0,21.0,Yes
219623.0,49.0,Female,59.0,30.0,9.0,12.0,Standard,Quarterly,395.51,6.0,Yes
351875.0,40.0,Male,29.0,28.0,4.0,14.0,Standard,Annual,538.24,2.0,No
135052.0,35.0,Female,39.0,5.0,5.0,26.0,Standard,Monthly,667.0,11.0,Yes
92404.0,29.0,Female,17.0,18.0,2.0,12.0,Premium,Monthly,613.0,20.0,Yes
205172.0,28.0,Female,9.0,22.0,3.0,13.0,Premium,Monthly,978.06,14.0,Yes
240201.0,24.0,Female,4.0,5.0,6.0,7.0,Standard,Quarterly,426.27,22.0,Yes
258753.0,65.0,Male,28.0,12.0,9.0,4.0,Premium,Quarterly,970.5,24.0,Yes
170930.0,36.0,Male,19.0,22.0,2.0,3.0,Premium,Quarterly,389.0,17.0,Yes
278902.0,38.0,Female,18.0,30.0,3.0,3.0,Standard,Annual,585.17,14.0,No
615.0,23.0,Male,9.0,7.0,2.0,0.0,Basic,Annual,279.0,17.0,Yes
181658.0,43.0,Female,12.0,16.0,7.0,6.0,Premium,Quarterly,503.0,9.0,Yes
277489.0,43.0,Male,15.0,15.0,0.0,3.0,Basic,Quarterly,987.23,13.0,No
203739.0,50.0,Female,17.0,6.0,0.0,3.0,Basic,Quarterly,535.0,6.0,Yes
365817.0,47.0,Male,58.0,21.0,2.0,15.0,Standard,Quarterly,933.63,11.0,No
425331.0,45.0,Male,10.0,23.0,0.0,6.0,Basic,Quarterly,943.68,18.0,No
35751.0,58.0,Female,20.0,9.0,8.0,28.0,Premium,Annual,301.0,27.0,Yes
412771.0,36.0,Male,58.0,20.0,2.0,2.0,Standard,Quarterly,636.58,22.0,No
128966.0,32.0,Female,18.0,13.0,2.0,12.0,Premium,Annual,823.0,19.0,Yes
104359.0,26.0,Female,55.0,23.0,0.0,1.0,Premium,Annual,422.0,28.0,Yes
106383.0,36.0,Male,24.0,16.0,8.0,6.0,Premium,Annual,535.0,5.0,Yes
57068.0,53.0,Female,49.0,18.0,3.0,14.0,Standard,Annual,394.0,12.0,Yes
32246.0,27.0,Male,31.0,13.0,6.0,22.0,Standard,Annual,390.0,18.0,Yes
257755.0,54.0,Male,28.0,28.0,4.0,2.0,Premium,Monthly,800.63,11.0,Yes
367971.0,23.0,Male,27.0,19.0,2.0,18.0,Premium,Annual,925.92,4.0,No
198988.0,26.0,Female,56.0,9.0,6.0,2.0,Basic,Monthly,401.0,14.0,Yes
77059.0,23.0,Female,7.0,21.0,7.0,28.0,Premium,Annual,884.0,16.0,Yes
434687.0,24.0,Male,22.0,30.0,1.0,14.0,Basic,Annual,601.28,5.0,No
120436.0,26.0,Female,13.0,22.0,9.0,14.0,Standard,Quarterly,840.0,8.0,Yes
365903.0,50.0,Male,55.0,14.0,0.0,3.0,Standard,Annual,964.1,28.0,No
329829.0,21.0,Male,39.0,13.0,0.0,17.0,Premium,Annual,866.93,24.0,No
322959.0,50.0,Male,30.0,30.0,4.0,5.0,Basic,Quarterly,604.29,2.0,No
110812.0,19.0,Female,27.0,24.0,4.0,3.0,Premium,Monthly,235.0,28.0,Yes
27869.0,52.0,Male,7.0,23.0,7.0,6.0,Premium,Monthly,598.0,15.0,Yes
162957.0,27.0,Male,54.0,5.0,2.0,30.0,Basic,Quarterly,685.0,6.0,Yes
168373.0,28.0,Female,8.0,14.0,6.0,13.0,Standard,Annual,722.0,16.0,Yes
394546.0,36.0,Male,9.0,25.0,1.0,19.0,Premium,Annual,550.94,20.0,No
197123.0,37.0,Male,4.0,11.0,1.0,18.0,Standard,Quarterly,850.0,25.0,No
91432.0,61.0,Male,24.0,4.0,6.0,29.0,Standard,Annual,929.0,2.0,Yes
357743.0,44.0,Female,52.0,10.0,1.0,18.0,Premium,Annual,829.68,9.0,No
159526.0,42.0,Female,26.0,12.0,4.0,30.0,Premium,Annual,422.0,7.0,Yes
424054.0,25.0,Male,48.0,12.0,1.0,19.0,Premium,Quarterly,778.22,15.0,No
71467.0,18.0,Male,40.0,3.0,1.0,25.0,Premium,Annual,526.0,20.0,Yes
269437.0,35.0,Male,30.0,19.0,3.0,4.0,Premium,Quarterly,770.13,8.0,No
267952.0,27.0,Male,26.0,29.0,2.0,5.0,Standard,Quarterly,535.04,30.0,No
106107.0,62.0,Male,20.0,13.0,6.0,10.0,Standard,Monthly,216.0,1.0,Yes
431235.0,45.0,Male,47.0,25.0,4.0,13.0,Standard,Quarterly,914.92,8.0,No
405765.0,49.0,Female,45.0,20.0,1.0,18.0,Premium,Annual,590.35,11.0,No
331966.0,26.0,Male,27.0,13.0,0.0,16.0,Standard,Annual,613.26,23.0,No
141141.0,64.0,Female,53.0,27.0,10.0,0.0,Premium,Annual,1000.0,22.0,Yes
201572.0,61.0,Female,34.0,9.0,0.0,13.0,Basic,Monthly,282.0,30.0,Yes
72050.0,29.0,Female,19.0,13.0,5.0,26.0,Premium,Monthly,110.0,10.0,Yes
99173.0,39.0,Male,27.0,9.0,8.0,10.0,Premium,Quarterly,542.0,13.0,Yes
122466.0,24.0,Female,56.0,13.0,4.0,6.0,Premium,Quarterly,983.0,23.0,Yes
416529.0,40.0,Male,41.0,21.0,2.0,3.0,Premium,Quarterly,985.47,10.0,No
114189.0,58.0,Male,24.0,5.0,5.0,18.0,Basic,Monthly,482.0,13.0,Yes
320733.0,42.0,Male,60.0,18.0,0.0,13.0,Basic,Quarterly,799.75,11.0,No
432604.0,42.0,Male,27.0,18.0,2.0,2.0,Standard,Quarterly,727.23,13.0,No
208555.0,23.0,Female,45.0,17.0,9.0,5.0,Standard,Monthly,472.43,22.0,Yes
118179.0,30.0,Male,50.0,7.0,8.0,24.0,Basic,Monthly,442.0,9.0,Yes
113299.0,46.0,Male,29.0,29.0,3.0,21.0,Premium,Annual,332.0,13.0,Yes
82752.0,44.0,Male,51.0,27.0,2.0,10.0,Basic,Monthly,618.0,23.0,Yes
305602.0,49.0,Male,18.0,16.0,3.0,4.0,Basic,Quarterly,992.45,21.0,No
171173.0,26.0,Male,12.0,13.0,3.0,20.0,Standard,Monthly,118.0,23.0,Yes
438784.0,42.0,Male,17.0,22.0,3.0,11.0,Premium,Quarterly,558.26,6.0,No
344235.0,44.0,Male,33.0,23.0,4.0,20.0,Basic,Quarterly,668.63,10.0,No
80277.0,61.0,Female,20.0,8.0,7.0,5.0,Standard,Monthly,990.0,27.0,Yes
447106.0,41.0,Female,44.0,30.0,2.0,3.0,Premium,Annual,746.92,8.0,No
340066.0,46.0,Female,6.0,30.0,4.0,19.0,Basic,Annual,806.81,12.0,No
285169.0,35.0,Female,3.0,20.0,0.0,18.0,Premium,Annual,805.63,12.0,No
148169.0,60.0,Female,4.0,8.0,7.0,14.0,Standard,Quarterly,202.0,7.0,Yes
292186.0,30.0,Male,43.0,30.0,0.0,17.0,Premium,Annual,994.24,4.0,No
372342.0,29.0,Male,3.0,3.0,2.0,15.0,Standard,Quarterly,609.77,15.0,No
126159.0,40.0,Female,38.0,26.0,2.0,4.0,Basic,Quarterly,569.0,27.0,Yes
365061.0,49.0,Female,6.0,14.0,4.0,0.0,Premium,Quarterly,558.0,5.0,No
42843.0,57.0,Female,1.0,11.0,3.0,12.0,Premium,Annual,265.0,7.0,Yes
248140.0,31.0,Female,53.0,10.0,2.0,19.0,Basic,Monthly,755.76,8.0,Yes
32561.0,19.0,Female,53.0,22.0,1.0,25.0,Standard,Quarterly,716.0,24.0,Yes
130754.0,54.0,Male,52.0,10.0,1.0,6.0,Premium,Quarterly,571.0,25.0,Yes
232347.0,64.0,Female,49.0,3.0,1.0,25.0,Premium,Quarterly,176.11,16.0,Yes
424324.0,49.0,Male,60.0,19.0,4.0,17.0,Premium,Quarterly,920.88,6.0,No
362878.0,42.0,Male,13.0,11.0,2.0,20.0,Standard,Quarterly,552.26,14.0,No
88538.0,49.0,Female,60.0,2.0,8.0,4.0,Premium,Quarterly,368.0,17.0,Yes
311685.0,38.0,Female,55.0,15.0,2.0,13.0,Basic,Annual,564.74,1.0,No
340428.0,20.0,Male,46.0,15.0,2.0,3.0,Premium,Annual,742.5,4.0,No
196962.0,35.0,Female,25.0,13.0,0.0,2.0,Basic,Monthly,209.0,24.0,Yes
282128.0,37.0,Female,21.0,28.0,1.0,0.0,Basic,Annual,875.11,13.0,No
193207.0,53.0,Female,50.0,11.0,5.0,14.0,Standard,Quarterly,190.0,30.0,Yes
230241.0,58.0,Male,52.0,3.0,2.0,26.0,Basic,Quarterly,556.44,13.0,Yes
375159.0,38.0,Female,40.0,9.0,1.0,7.0,Basic,Annual,651.1,5.0,No
322431.0,21.0,Male,3.0,20.0,0.0,8.0,Premium,Quarterly,586.62,21.0,No
119737.0,47.0,Female,48.0,3.0,1.0,14.0,Standard,Monthly,156.0,21.0,Yes
366703.0,24.0,Male,58.0,7.0,1.0,14.0,Standard,Annual,897.85,1.0,No
146666.0,65.0,Male,23.0,15.0,7.0,3.0,Standard,Quarterly,642.0,9.0,Yes
567.0,21.0,Male,55.0,7.0,1.0,18.0,Standard,Quarterly,629.0,25.0,No
122879.0,24.0,Male,56.0,3.0,10.0,11.0,Standard,Monthly,947.0,11.0,Yes
232638.0,37.0,Female,23.0,3.0,9.0,8.0,Premium,Quarterly,453.59,18.0,Yes
217242.0,62.0,Male,9.0,14.0,7.0,4.0,Premium,Quarterly,302.33,14.0,Yes
188640.0,27.0,Male,6.0,15.0,10.0,24.0,Standard,Quarterly,119.0,3.0,Yes
11675.0,49.0,Male,3.0,29.0,5.0,2.0,Premium,Monthly,531.0,21.0,Yes
431827.0,46.0,Male,26.0,10.0,3.0,9.0,Premium,Annual,739.9,28.0,No
184143.0,63.0,Male,40.0,16.0,0.0,14.0,Premium,Quarterly,211.0,23.0,Yes
383318.0,39.0,Female,27.0,1.0,2.0,14.0,Premium,Quarterly,625.22,2.0,No
426574.0,29.0,Female,22.0,15.0,1.0,3.0,Basic,Annual,986.37,7.0,No
391311.0,45.0,Male,2.0,3.0,4.0,9.0,Standard,Annual,755.45,8.0,No
39378.0,63.0,Female,35.0,19.0,2.0,14.0,Premium,Monthly,892.0,15.0,Yes
32894.0,27.0,Male,10.0,14.0,8.0,6.0,Standard,Annual,469.0,14.0,Yes
3266.0,47.0,Male,27.0,7.0,2.0,19.0,Basic,Monthly,118.0,2.0,Yes
142378.0,39.0,Female,29.0,23.0,0.0,0.0,Basic,Quarterly,817.0,16.0,Yes
7404.0,35.0,Female,54.0,16.0,1.0,0.0,Basic,Quarterly,804.0,22.0,Yes
24390.0,42.0,Female,34.0,4.0,3.0,9.0,Standard,Monthly,538.0,26.0,Yes
185597.0,28.0,Female,44.0,6.0,4.0,28.0,Standard,Annual,305.0,16.0,Yes
448306.0,27.0,Male,52.0,20.0,1.0,7.0,Basic,Quarterly,744.38,1.0,No
291279.0,23.0,Male,50.0,10.0,2.0,3.0,Standard,Annual,741.99,22.0,No
332918.0,49.0,Male,13.0,24.0,3.0,14.0,Standard,Quarterly,853.37,27.0,No
950.0,39.0,Male,23.0,19.0,6.0,29.0,Premium,Annual,394.0,9.0,Yes
188577.0,63.0,Male,11.0,23.0,2.0,0.0,Standard,Monthly,889.0,26.0,Yes
76273.0,57.0,Female,15.0,26.0,7.0,7.0,Basic,Quarterly,297.0,14.0,Yes
194526.0,35.0,Male,32.0,30.0,1.0,18.0,Standard,Monthly,369.0,27.0,Yes
80791.0,24.0,Female,57.0,28.0,8.0,22.0,Standard,Quarterly,363.0,13.0,Yes
17357.0,50.0,Female,29.0,12.0,5.0,0.0,Standard,Annual,567.0,14.0,No
304012.0,49.0,Male,26.0,29.0,1.0,6.0,Premium,Quarterly,618.15,3.0,No
21801.0,55.0,Female,40.0,7.0,5.0,24.0,Standard,Annual,162.0,8.0,Yes
91514.0,55.0,Male,23.0,7.0,0.0,11.0,Premium,Annual,914.0,6.0,Yes
382776.0,38.0,Male,5.0,19.0,3.0,10.0,Standard,Annual,890.44,4.0,No
344451.0,28.0,Male,18.0,20.0,1.0,17.0,Basic,Annual,533.61,28.0,No
18860.0,28.0,Female,18.0,29.0,3.0,18.0,Premium,Quarterly,772.0,24.0,Yes
230433.0,43.0,Male,12.0,4.0,7.0,0.0,Standard,Quarterly,177.95,2.0,Yes
196639.0,30.0,Female,16.0,9.0,8.0,12.0,Premium,Annual,460.0,11.0,Yes
177368.0,59.0,Female,28.0,12.0,10.0,30.0,Standard,Annual,553.0,21.0,Yes
357324.0,23.0,Male,37.0,9.0,2.0,13.0,Premium,Quarterly,923.24,30.0,No
322370.0,43.0,Male,59.0,5.0,0.0,11.0,Premium,Annual,803.9,18.0,No
409867.0,27.0,Male,3.0,29.0,1.0,14.0,Standard,Annual,628.77,29.0,No
295204.0,48.0,Male,25.0,12.0,2.0,0.0,Standard,Annual,891.76,29.0,No
46274.0,22.0,Female,33.0,7.0,6.0,29.0,Basic,Quarterly,714.0,13.0,Yes
371372.0,33.0,Male,29.0,6.0,1.0,3.0,Basic,Quarterly,701.83,14.0,No
21418.0,28.0,Male,26.0,18.0,9.0,19.0,Basic,Monthly,942.0,28.0,Yes
766.0,40.0,Male,38.0,28.0,0.0,6.0,Basic,Quarterly,678.0,4.0,No
317296.0,45.0,Male,50.0,2.0,4.0,12.0,Basic,Annual,638.93,8.0,No
415843.0,42.0,Female,57.0,19.0,0.0,15.0,Premium,Annual,642.94,12.0,No
339858.0,48.0,Female,48.0,5.0,1.0,9.0,Premium,Annual,907.0,5.0,No
445171.0,36.0,Male,28.0,25.0,1.0,14.0,Standard,Quarterly,757.68,19.0,No
130874.0,51.0,Male,49.0,19.0,0.0,15.0,Basic,Annual,885.0,6.0,Yes
381691.0,21.0,Female,32.0,28.0,2.0,0.0,Standard,Quarterly,833.14,10.0,No
257553.0,53.0,Female,17.0,16.0,2.0,1.0,Standard,Quarterly,532.67,9.0,Yes
280914.0,47.0,Male,28.0,28.0,0.0,9.0,Premium,Quarterly,790.17,3.0,No
288557.0,19.0,Male,6.0,21.0,1.0,13.0,Basic,Annual,566.49,21.0,No
312531.0,21.0,Male,5.0,9.0,2.0,0.0,Premium,Annual,771.98,18.0,No
223626.0,50.0,Male,56.0,16.0,7.0,27.0,Standard,Monthly,260.24,23.0,Yes
139863.0,23.0,Male,58.0,17.0,9.0,10.0,Premium,Annual,860.0,26.0,Yes
153369.0,49.0,Male,26.0,22.0,7.0,9.0,Basic,Annual,742.0,14.0,Yes
184501.0,22.0,Male,21.0,12.0,1.0,20.0,Premium,Quarterly,160.0,27.0,Yes
128697.0,48.0,Male,56.0,9.0,10.0,25.0,Standard,Quarterly,465.0,14.0,Yes
371326.0,38.0,Male,23.0,14.0,1.0,2.0,Standard,Quarterly,530.96,12.0,No
344752.0,41.0,Female,46.0,30.0,1.0,10.0,Basic,Annual,976.79,5.0,No
435811.0,31.0,Male,10.0,13.0,3.0,20.0,Basic,Annual,838.13,27.0,No
220133.0,29.0,Male,48.0,24.0,1.0,27.0,Standard,Monthly,132.61,19.0,Yes
147826.0,48.0,Male,58.0,14.0,4.0,9.0,Basic,Annual,259.0,5.0,Yes
192750.0,44.0,Female,5.0,4.0,1.0,17.0,Premium,Annual,546.0,17.0,Yes
142834.0,64.0,Female,12.0,23.0,10.0,6.0,Standard,Monthly,109.0,21.0,Yes
186501.0,60.0,Female,47.0,26.0,3.0,24.0,Basic,Quarterly,662.0,27.0,Yes
287944.0,37.0,Male,42.0,15.0,2.0,17.0,Premium,Quarterly,649.24,1.0,No
226070.0,55.0,Male,42.0,8.0,0.0,10.0,Standard,Annual,878.4,11.0,Yes
195955.0,48.0,Female,10.0,24.0,9.0,30.0,Standard,Quarterly,422.0,20.0,Yes
213430.0,55.0,Male,60.0,2.0,5.0,9.0,Basic,Annual,670.07,28.0,Yes
180074.0,50.0,Female,6.0,8.0,1.0,25.0,Standard,Monthly,979.0,28.0,Yes
338042.0,41.0,Male,38.0,29.0,1.0,3.0,Basic,Annual,640.74,1.0,No
128507.0,62.0,Female,53.0,9.0,0.0,15.0,Basic,Quarterly,399.0,9.0,Yes
382138.0,42.0,Male,34.0,29.0,1.0,19.0,Basic,Annual,802.22,12.0,No
274499.0,37.0,Female,48.0,2.0,0.0,18.0,Basic,Annual,816.9,13.0,No
418186.0,28.0,Female,13.0,27.0,2.0,0.0,Premium,Quarterly,783.86,9.0,No
50332.0,39.0,Female,18.0,25.0,8.0,11.0,Standard,Monthly,373.0,11.0,Yes
161606.0,55.0,Male,15.0,12.0,1.0,4.0,Standard,Quarterly,922.0,25.0,Yes
376895.0,46.0,Male,47.0,30.0,1.0,6.0,Premium,Annual,615.83,11.0,No
449185.0,42.0,Male,20.0,22.0,2.0,14.0,Basic,Annual,806.86,5.0,No
204683.0,18.0,Female,37.0,3.0,1.0,1.0,Basic,Annual,205.37,8.0,Yes
332755.0,18.0,Female,60.0,7.0,1.0,7.0,Standard,Annual,892.09,14.0,No
185945.0,27.0,Male,35.0,23.0,7.0,8.0,Standard,Annual,803.0,3.0,Yes
274708.0,31.0,Male,46.0,18.0,0.0,13.0,Standard,Annual,562.57,8.0,No
424868.0,43.0,Male,18.0,22.0,3.0,0.0,Standard,Quarterly,707.33,30.0,No
442162.0,50.0,Male,51.0,27.0,0.0,16.0,Basic,Quarterly,924.55,7.0,No
431551.0,42.0,Female,47.0,22.0,2.0,20.0,Standard,Quarterly,961.84,13.0,No
178835.0,19.0,Female,25.0,9.0,9.0,1.0,Standard,Annual,292.0,9.0,Yes
99431.0,34.0,Female,15.0,27.0,8.0,24.0,Basic,Quarterly,581.0,4.0,Yes
124648.0,36.0,Male,1.0,4.0,3.0,15.0,Basic,Quarterly,195.0,22.0,Yes
217301.0,22.0,Female,9.0,26.0,2.0,5.0,Basic,Annual,229.86,11.0,Yes
201470.0,56.0,Male,2.0,15.0,5.0,8.0,Basic,Monthly,641.0,20.0,Yes
269836.0,35.0,Male,14.0,24.0,1.0,8.0,Premium,Quarterly,850.46,17.0,No
257014.0,58.0,Female,18.0,21.0,5.0,4.0,Standard,Quarterly,684.91,11.0,Yes
191180.0,54.0,Female,16.0,8.0,1.0,4.0,Basic,Annual,110.0,24.0,Yes
332460.0,35.0,Female,28.0,11.0,3.0,4.0,Standard,Annual,845.05,11.0,No
155882.0,25.0,Male,28.0,15.0,6.0,5.0,Standard,Annual,697.0,8.0,Yes
132575.0,26.0,Female,50.0,3.0,0.0,30.0,Standard,Monthly,783.0,30.0,Yes
60485.0,43.0,Female,19.0,27.0,10.0,11.0,Premium,Quarterly,396.0,22.0,Yes
284825.0,46.0,Female,39.0,3.0,2.0,2.0,Premium,Quarterly,602.94,5.0,No
375097.0,34.0,Male,25.0,11.0,1.0,12.0,Basic,Annual,651.04,14.0,No
436630.0,33.0,Male,24.0,15.0,2.0,14.0,Basic,Annual,992.04,25.0,No
228243.0,22.0,Female,25.0,21.0,6.0,3.0,Standard,Monthly,884.69,5.0,Yes
116043.0,44.0,Male,22.0,24.0,6.0,6.0,Basic,Quarterly,377.0,10.0,Yes
340725.0,38.0,Male,53.0,4.0,1.0,0.0,Basic,Quarterly,696.19,15.0,No
405839.0,23.0,Male,34.0,20.0,1.0,18.0,Standard,Annual,697.21,26.0,No
178190.0,57.0,Female,51.0,28.0,8.0,30.0,Premium,Monthly,650.0,9.0,Yes
359061.0,42.0,Male,28.0,14.0,2.0,19.0,Basic,Annual,853.07,13.0,No
247441.0,32.0,Female,33.0,9.0,7.0,20.0,Basic,Monthly,340.64,8.0,Yes
126256.0,54.0,Female,42.0,16.0,1.0,14.0,Standard,Monthly,647.0,24.0,Yes
190003.0,34.0,Female,23.0,17.0,1.0,12.0,Standard,Annual,774.0,12.0,No
334341.0,50.0,Male,24.0,25.0,0.0,10.0,Basic,Quarterly,797.31,29.0,No
339181.0,50.0,Male,34.0,7.0,4.0,10.0,Basic,Quarterly,869.68,23.0,No
26531.0,48.0,Female,57.0,12.0,7.0,6.0,Basic,Quarterly,407.0,5.0,Yes
30338.0,40.0,Male,32.0,15.0,3.0,26.0,Basic,Quarterly,386.0,4.0,Yes
244901.0,42.0,Female,42.0,23.0,7.0,13.0,Basic,Monthly,747.19,28.0,Yes
284564.0,19.0,Female,43.0,19.0,0.0,13.0,Basic,Quarterly,924.56,6.0,No
429711.0,20.0,Male,30.0,22.0,0.0,11.0,Standard,Quarterly,880.12,24.0,No
168883.0,21.0,Male,6.0,27.0,10.0,7.0,Basic,Monthly,600.0,27.0,Yes
179528.0,34.0,Female,48.0,28.0,7.0,13.0,Premium,Annual,117.0,2.0,Yes
232102.0,36.0,Male,24.0,1.0,0.0,27.0,Premium,Quarterly,405.69,3.0,Yes
273412.0,48.0,Male,36.0,26.0,0.0,15.0,Premium,Quarterly,618.58,3.0,No
98882.0,53.0,Female,21.0,29.0,5.0,30.0,Standard,Quarterly,614.0,17.0,Yes
313179.0,43.0,Female,48.0,9.0,0.0,14.0,Basic,Annual,983.29,12.0,No
105307.0,49.0,Male,14.0,9.0,2.0,28.0,Premium,Monthly,472.0,4.0,Yes
356734.0,48.0,Female,51.0,6.0,2.0,2.0,Premium,Annual,830.65,14.0,No
128056.0,52.0,Female,24.0,20.0,0.0,10.0,Basic,Quarterly,867.0,4.0,Yes
62511.0,26.0,Male,52.0,18.0,8.0,20.0,Basic,Quarterly,366.0,30.0,Yes
102409.0,58.0,Female,5.0,16.0,4.0,7.0,Basic,Quarterly,536.0,1.0,Yes
351495.0,32.0,Male,32.0,16.0,2.0,18.0,Basic,Quarterly,674.53,19.0,No
218612.0,40.0,Female,52.0,13.0,7.0,22.0,Basic,Monthly,494.43,12.0,Yes
260879.0,42.0,Female,46.0,18.0,0.0,4.0,Standard,Quarterly,699.94,11.0,No
239566.0,21.0,Male,9.0,9.0,3.0,11.0,Standard,Monthly,231.73,24.0,Yes
374443.0,41.0,Female,12.0,30.0,2.0,12.0,Standard,Quarterly,658.59,9.0,No
84928.0,58.0,Male,24.0,2.0,2.0,0.0,Basic,Quarterly,419.0,19.0,Yes
32066.0,35.0,Male,22.0,14.0,4.0,2.0,Premium,Annual,598.0,6.0,Yes
349431.0,50.0,Male,24.0,16.0,0.0,11.0,Premium,Annual,606.55,15.0,No
172662.0,59.0,Female,49.0,6.0,7.0,27.0,Premium,Quarterly,691.0,9.0,Yes
406212.0,21.0,Female,5.0,2.0,0.0,3.0,Premium,Annual,681.42,8.0,No
382994.0,49.0,Female,57.0,29.0,2.0,8.0,Standard,Quarterly,831.22,12.0,No
109232.0,22.0,Female,46.0,4.0,9.0,21.0,Premium,Monthly,230.0,30.0,Yes
177314.0,55.0,Female,48.0,26.0,8.0,14.0,Premium,Monthly,205.0,29.0,Yes
165300.0,19.0,Male,54.0,25.0,6.0,13.0,Premium,Quarterly,986.0,29.0,Yes
305217.0,37.0,Male,8.0,28.0,2.0,4.0,Basic,Annual,923.41,13.0,No
415542.0,45.0,Female,58.0,9.0,1.0,10.0,Standard,Annual,887.68,6.0,No
24375.0,23.0,Female,5.0,1.0,8.0,30.0,Basic,Annual,880.0,13.0,Yes
2494.0,48.0,Female,51.0,27.0,9.0,24.0,Basic,Annual,876.0,30.0,Yes
323118.0,41.0,Male,50.0,24.0,3.0,20.0,Basic,Quarterly,839.89,16.0,No
145352.0,45.0,Female,59.0,5.0,5.0,0.0,Standard,Annual,276.0,14.0,Yes
180636.0,55.0,Female,11.0,14.0,1.0,15.0,Basic,Monthly,614.0,13.0,Yes
377799.0,50.0,Male,5.0,18.0,3.0,9.0,Standard,Quarterly,856.75,12.0,No
395545.0,38.0,Male,8.0,4.0,0.0,2.0,Standard,Quarterly,645.84,7.0,No
410757.0,44.0,Female,44.0,25.0,2.0,8.0,Premium,Annual,634.92,14.0,No
343736.0,48.0,Male,49.0,9.0,0.0,19.0,Standard,Quarterly,563.16,15.0,No
228238.0,19.0,Female,45.0,5.0,4.0,29.0,Basic,Annual,987.62,15.0,Yes
132390.0,60.0,Female,60.0,10.0,2.0,15.0,Standard,Quarterly,688.0,19.0,Yes
219106.0,60.0,Male,18.0,4.0,10.0,19.0,Basic,Quarterly,265.48,8.0,Yes
265664.0,39.0,Male,58.0,18.0,0.0,1.0,Basic,Quarterly,832.73,13.0,No
205384.0,48.0,Female,18.0,26.0,5.0,1.0,Standard,Monthly,261.3,20.0,Yes
219893.0,41.0,Male,10.0,20.0,0.0,8.0,Basic,Monthly,549.65,30.0,Yes
152065.0,22.0,Male,47.0,27.0,7.0,15.0,Basic,Annual,158.0,1.0,Yes
67302.0,59.0,Female,30.0,24.0,2.0,1.0,Standard,Annual,599.0,11.0,Yes
19669.0,21.0,Male,50.0,21.0,1.0,23.0,Premium,Annual,384.0,20.0,Yes
78203.0,64.0,Male,5.0,9.0,10.0,17.0,Premium,Monthly,704.0,5.0,Yes
323239.0,37.0,Male,50.0,25.0,1.0,10.0,Basic,Annual,769.2,12.0,No
63665.0,24.0,Male,33.0,26.0,5.0,15.0,Premium,Monthly,965.0,1.0,Yes
356680.0,31.0,Female,4.0,17.0,2.0,7.0,Premium,Annual,853.04,8.0,No
369531.0,35.0,Female,27.0,12.0,0.0,7.0,Premium,Quarterly,887.88,1.0,No
363477.0,25.0,Male,60.0,1.0,1.0,19.0,Standard,Annual,933.33,5.0,No
72578.0,33.0,Male,16.0,18.0,9.0,27.0,Premium,Quarterly,258.0,20.0,Yes
178687.0,22.0,Female,15.0,11.0,8.0,27.0,Premium,Quarterly,688.0,6.0,Yes
102493.0,38.0,Male,32.0,11.0,0.0,9.0,Basic,Annual,132.0,27.0,Yes
311613.0,36.0,Male,27.0,17.0,1.0,18.0,Premium,Annual,503.68,13.0,No
392188.0,28.0,Male,29.0,29.0,2.0,3.0,Standard,Quarterly,528.72,21.0,No
104661.0,31.0,Male,14.0,11.0,2.0,14.0,Premium,Quarterly,300.0,12.0,Yes
312008.0,24.0,Female,9.0,24.0,1.0,13.0,Premium,Annual,808.44,15.0,No
240265.0,20.0,Female,29.0,14.0,1.0,19.0,Premium,Annual,940.21,18.0,Yes
430424.0,29.0,Male,6.0,15.0,0.0,19.0,Basic,Quarterly,710.42,23.0,No
304947.0,35.0,Female,1.0,6.0,1.0,12.0,Standard,Annual,968.97,9.0,No
309056.0,45.0,Male,34.0,5.0,4.0,17.0,Basic,Annual,810.83,21.0,No
189169.0,24.0,Male,59.0,15.0,5.0,1.0,Standard,Quarterly,125.0,24.0,Yes
434377.0,33.0,Male,49.0,25.0,2.0,15.0,Premium,Annual,775.03,23.0,No
394814.0,42.0,Male,49.0,29.0,2.0,11.0,Basic,Quarterly,689.57,5.0,No
361916.0,50.0,Male,10.0,1.0,1.0,13.0,Basic,Annual,510.21,23.0,No
82497.0,26.0,Male,14.0,30.0,4.0,8.0,Standard,Quarterly,161.0,9.0,Yes
10519.0,58.0,Female,52.0,4.0,8.0,28.0,Basic,Annual,180.0,25.0,Yes
346729.0,27.0,Female,40.0,30.0,1.0,5.0,Premium,Quarterly,582.41,2.0,No
381086.0,44.0,Male,38.0,4.0,0.0,8.0,Standard,Annual,652.28,27.0,No
216653.0,20.0,Male,47.0,19.0,4.0,21.0,Standard,Quarterly,606.47,5.0,Yes
86630.0,56.0,Female,29.0,13.0,9.0,6.0,Standard,Quarterly,824.0,13.0,Yes
273603.0,41.0,Male,43.0,2.0,1.0,7.0,Standard,Annual,650.68,29.0,No
58932.0,39.0,Female,54.0,4.0,2.0,15.0,Premium,Monthly,659.0,1.0,Yes
22117.0,65.0,Male,5.0,25.0,9.0,13.0,Premium,Monthly,681.0,27.0,Yes
323059.0,50.0,Male,37.0,27.0,4.0,14.0,Premium,Quarterly,803.29,16.0,No
225602.0,29.0,Female,60.0,17.0,10.0,24.0,Premium,Monthly,533.62,9.0,Yes
141253.0,25.0,Male,31.0,22.0,2.0,30.0,Basic,Monthly,756.0,29.0,Yes
262273.0,49.0,Female,10.0,6.0,2.0,15.0,Standard,Annual,519.34,14.0,No
196802.0,49.0,Male,18.0,19.0,7.0,13.0,Premium,Monthly,426.0,26.0,Yes
58272.0,27.0,Female,19.0,27.0,5.0,24.0,Basic,Annual,249.0,6.0,Yes
185727.0,51.0,Male,1.0,2.0,4.0,19.0,Premium,Monthly,809.0,3.0,Yes
101605.0,33.0,Male,51.0,3.0,2.0,19.0,Premium,Monthly,659.0,18.0,Yes
419153.0,50.0,Male,1.0,19.0,0.0,20.0,Standard,Annual,537.5,29.0,No
256559.0,21.0,Female,8.0,17.0,3.0,19.0,Standard,Annual,267.21,16.0,Yes
345881.0,22.0,Male,43.0,5.0,0.0,4.0,Premium,Quarterly,716.74,18.0,No
306558.0,47.0,Male,46.0,15.0,3.0,9.0,Basic,Quarterly,943.96,9.0,No
416404.0,18.0,Female,42.0,8.0,1.0,20.0,Premium,Annual,553.67,2.0,No
446795.0,32.0,Male,49.0,5.0,3.0,20.0,Standard,Quarterly,622.77,20.0,No
377028.0,45.0,Male,55.0,20.0,3.0,1.0,Premium,Annual,527.87,16.0,No
300369.0,49.0,Female,11.0,10.0,0.0,0.0,Premium,Annual,992.55,10.0,No
224440.0,24.0,Male,18.0,27.0,4.0,0.0,Premium,Quarterly,526.81,28.0,Yes
12681.0,26.0,Male,46.0,22.0,9.0,10.0,Basic,Monthly,453.0,6.0,Yes
372321.0,41.0,Male,43.0,2.0,3.0,19.0,Premium,Annual,780.89,17.0,No
404463.0,40.0,Female,36.0,17.0,4.0,3.0,Standard,Quarterly,855.63,12.0,No
78900.0,47.0,Female,3.0,15.0,8.0,8.0,Basic,Quarterly,863.0,4.0,Yes
265801.0,37.0,Male,7.0,30.0,1.0,13.0,Standard,Quarterly,828.59,26.0,No
390951.0,41.0,Male,54.0,10.0,2.0,18.0,Standard,Quarterly,552.87,28.0,No
138610.0,61.0,Male,18.0,8.0,1.0,6.0,Standard,Monthly,797.0,11.0,Yes
170743.0,60.0,Female,31.0,18.0,4.0,2.0,Premium,Annual,119.0,29.0,Yes
419232.0,28.0,Female,39.0,8.0,1.0,1.0,Standard,Quarterly,755.51,3.0,No
141290.0,54.0,Female,19.0,25.0,1.0,15.0,Premium,Annual,563.0,24.0,Yes
200173.0,57.0,Female,18.0,14.0,4.0,7.0,Premium,Annual,808.0,29.0,Yes
293268.0,32.0,Male,30.0,20.0,2.0,16.0,Premium,Quarterly,949.03,28.0,No
404603.0,29.0,Male,56.0,9.0,1.0,9.0,Standard,Annual,819.54,7.0,No
21854.0,41.0,Male,1.0,14.0,10.0,20.0,Basic,Quarterly,464.0,26.0,Yes
388369.0,50.0,Female,31.0,28.0,1.0,10.0,Standard,Quarterly,614.94,2.0,No
329583.0,48.0,Male,28.0,24.0,1.0,6.0,Premium,Annual,562.95,16.0,No
326935.0,38.0,Male,16.0,18.0,3.0,20.0,Premium,Quarterly,651.91,8.0,No
197060.0,22.0,Female,56.0,30.0,5.0,26.0,Standard,Quarterly,683.0,12.0,Yes
416348.0,50.0,Male,34.0,14.0,2.0,7.0,Basic,Quarterly,557.01,16.0,No
111158.0,41.0,Female,50.0,8.0,1.0,29.0,Basic,Annual,756.0,6.0,Yes
91995.0,58.0,Male,55.0,6.0,0.0,6.0,Premium,Annual,373.0,10.0,Yes
3307.0,42.0,Male,2.0,17.0,3.0,18.0,Standard,Quarterly,651.0,15.0,No
278518.0,48.0,Male,22.0,16.0,4.0,15.0,Premium,Annual,814.73,5.0,No
146097.0,34.0,Female,52.0,28.0,10.0,26.0,Basic,Monthly,874.0,30.0,Yes
228157.0,31.0,Female,26.0,27.0,10.0,4.0,Basic,Annual,370.86,9.0,Yes
215545.0,58.0,Male,19.0,23.0,2.0,3.0,Basic,Quarterly,645.22,23.0,Yes
361834.0,34.0,Female,25.0,14.0,0.0,18.0,Premium,Quarterly,960.8,11.0,No
94887.0,55.0,Female,48.0,23.0,10.0,5.0,Standard,Annual,278.0,28.0,Yes
77705.0,50.0,Female,43.0,2.0,5.0,28.0,Premium,Monthly,675.0,6.0,Yes
8667.0,44.0,Female,6.0,16.0,6.0,12.0,Basic,Monthly,840.0,30.0,Yes
571.0,58.0,Male,18.0,1.0,3.0,6.0,Standard,Annual,358.0,30.0,Yes
210833.0,35.0,Female,27.0,3.0,2.0,27.0,Premium,Monthly,488.01,3.0,Yes
205618.0,32.0,Female,21.0,5.0,9.0,27.0,Basic,Annual,331.11,4.0,Yes
155118.0,21.0,Male,25.0,7.0,1.0,21.0,Standard,Annual,762.0,4.0,Yes
156940.0,62.0,Female,41.0,1.0,1.0,29.0,Premium,Monthly,678.0,22.0,Yes
437793.0,31.0,Female,33.0,28.0,1.0,5.0,Standard,Annual,877.18,14.0,No
216035.0,25.0,Male,30.0,1.0,1.0,4.0,Standard,Monthly,815.39,13.0,Yes
136415.0,32.0,Female,4.0,9.0,3.0,4.0,Standard,Annual,900.0,19.0,Yes
299351.0,24.0,Male,23.0,17.0,0.0,10.0,Premium,Annual,707.95,6.0,No
141762.0,44.0,Male,49.0,16.0,10.0,19.0,Basic,Quarterly,110.0,12.0,Yes
289570.0,33.0,Female,53.0,6.0,3.0,20.0,Basic,Annual,999.93,15.0,No
396203.0,27.0,Male,52.0,30.0,0.0,5.0,Basic,Annual,737.28,15.0,No
150691.0,35.0,Female,30.0,17.0,9.0,4.0,Premium,Monthly,716.0,29.0,Yes
298031.0,35.0,Male,51.0,8.0,0.0,4.0,Standard,Annual,691.77,13.0,No
294359.0,44.0,Female,10.0,2.0,4.0,0.0,Premium,Annual,963.65,4.0,No
158404.0,55.0,Male,37.0,11.0,6.0,22.0,Basic,Quarterly,767.0,6.0,Yes
361651.0,40.0,Male,41.0,18.0,4.0,15.0,Premium,Quarterly,838.01,19.0,No
135001.0,35.0,Female,42.0,4.0,6.0,7.0,Standard,Monthly,552.0,29.0,Yes
262201.0,50.0,Female,55.0,18.0,0.0,9.0,Basic,Quarterly,905.35,13.0,No
161492.0,50.0,Male,2.0,2.0,10.0,1.0,Premium,Quarterly,913.0,13.0,Yes
294538.0,31.0,Male,33.0,16.0,0.0,8.0,Basic,Annual,793.33,12.0,No
257517.0,24.0,Female,50.0,26.0,6.0,17.0,Premium,Annual,260.39,25.0,Yes
208032.0,37.0,Female,40.0,28.0,6.0,28.0,Standard,Annual,333.25,26.0,Yes
64634.0,23.0,Female,4.0,3.0,3.0,23.0,Standard,Monthly,194.0,23.0,Yes
311219.0,37.0,Male,39.0,12.0,1.0,20.0,Basic,Quarterly,800.19,26.0,No
370810.0,41.0,Female,51.0,28.0,2.0,3.0,Standard,Quarterly,819.37,7.0,No
168317.0,52.0,Female,27.0,1.0,9.0,7.0,Standard,Monthly,410.0,14.0,Yes
337347.0,40.0,Male,47.0,18.0,4.0,8.0,Standard,Annual,612.5,26.0,No
49678.0,57.0,Female,20.0,14.0,10.0,6.0,Standard,Quarterly,101.0,21.0,Yes
110200.0,21.0,Female,5.0,29.0,8.0,10.0,Premium,Monthly,891.0,30.0,Yes
94499.0,47.0,Male,57.0,10.0,2.0,17.0,Standard,Annual,366.0,4.0,Yes
241893.0,19.0,Female,49.0,3.0,5.0,16.0,Standard,Annual,948.88,24.0,Yes
398602.0,31.0,Female,36.0,16.0,1.0,11.0,Premium,Annual,983.57,4.0,No
396915.0,29.0,Male,42.0,16.0,1.0,18.0,Basic,Quarterly,821.04,28.0,No
391945.0,29.0,Male,31.0,23.0,0.0,7.0,Standard,Annual,747.07,7.0,No
297105.0,50.0,Male,48.0,3.0,4.0,20.0,Premium,Quarterly,730.13,13.0,No
26868.0,55.0,Male,15.0,15.0,7.0,8.0,Basic,Quarterly,403.0,28.0,Yes
69838.0,51.0,Female,36.0,6.0,0.0,15.0,Standard,Monthly,877.0,8.0,Yes
384561.0,20.0,Male,15.0,26.0,1.0,12.0,Premium,Quarterly,993.2,16.0,No
372378.0,37.0,Male,22.0,26.0,0.0,12.0,Premium,Annual,771.67,11.0,No
361184.0,49.0,Male,55.0,11.0,3.0,8.0,Standard,Annual,527.48,5.0,No
311629.0,40.0,Female,26.0,30.0,4.0,18.0,Premium,Annual,561.47,6.0,No
360576.0,38.0,Female,27.0,30.0,0.0,19.0,Basic,Quarterly,549.32,13.0,No
115625.0,26.0,Female,50.0,20.0,7.0,19.0,Premium,Quarterly,382.0,9.0,Yes
54418.0,57.0,Male,47.0,29.0,1.0,17.0,Standard,Quarterly,646.0,1.0,Yes
253394.0,38.0,Male,4.0,21.0,0.0,30.0,Standard,Monthly,686.28,28.0,Yes
240322.0,33.0,Male,14.0,4.0,5.0,9.0,Basic,Quarterly,135.16,22.0,Yes
342922.0,27.0,Female,29.0,28.0,2.0,8.0,Standard,Annual,564.07,7.0,No
26110.0,59.0,Female,11.0,14.0,8.0,3.0,Standard,Quarterly,296.0,7.0,Yes
152845.0,24.0,Female,35.0,23.0,0.0,8.0,Basic,Monthly,569.0,3.0,Yes
248044.0,64.0,Male,14.0,7.0,3.0,30.0,Standard,Annual,966.33,29.0,Yes
197184.0,59.0,Male,42.0,25.0,4.0,6.0,Standard,Quarterly,179.0,23.0,Yes
118903.0,39.0,Male,10.0,17.0,5.0,17.0,Standard,Quarterly,336.0,22.0,Yes
174098.0,19.0,Male,42.0,2.0,2.0,24.0,Basic,Monthly,558.0,20.0,Yes
347184.0,44.0,Female,4.0,16.0,3.0,9.0,Premium,Annual,996.64,4.0,No
265277.0,36.0,Female,58.0,10.0,3.0,8.0,Premium,Quarterly,734.52,1.0,No
4176.0,30.0,Female,45.0,7.0,9.0,21.0,Standard,Annual,648.0,17.0,Yes
352138.0,49.0,Female,55.0,12.0,0.0,19.0,Basic,Quarterly,534.45,13.0,No
102249.0,40.0,Male,41.0,2.0,7.0,7.0,Premium,Monthly,310.0,29.0,Yes
8174.0,35.0,Female,26.0,5.0,7.0,1.0,Standard,Monthly,918.0,23.0,Yes
234030.0,33.0,Female,6.0,8.0,7.0,18.0,Premium,Annual,563.76,2.0,Yes
334665.0,22.0,Male,16.0,19.0,2.0,19.0,Premium,Annual,758.2,4.0,No
428991.0,18.0,Female,46.0,22.0,0.0,3.0,Standard,Quarterly,984.95,5.0,No
423086.0,45.0,Male,39.0,6.0,3.0,3.0,Premium,Quarterly,737.02,5.0,No
409527.0,39.0,Male,30.0,23.0,3.0,12.0,Standard,Annual,738.93,29.0,No
398645.0,45.0,Male,16.0,27.0,4.0,15.0,Basic,Annual,943.36,24.0,No
345201.0,25.0,Male,25.0,23.0,1.0,11.0,Standard,Annual,628.58,2.0,No
101781.0,18.0,Male,60.0,15.0,9.0,19.0,Basic,Annual,163.0,5.0,Yes
157796.0,59.0,Female,56.0,15.0,9.0,24.0,Standard,Annual,760.0,19.0,Yes
33557.0,27.0,Female,60.0,6.0,8.0,8.0,Basic,Quarterly,508.0,20.0,Yes
289788.0,30.0,Male,30.0,5.0,1.0,15.0,Basic,Annual,764.08,27.0,No
197203.0,21.0,Male,15.0,17.0,9.0,17.0,Premium,Annual,604.0,12.0,Yes
87522.0,36.0,Male,45.0,14.0,10.0,7.0,Standard,Annual,981.0,10.0,Yes
49058.0,35.0,Male,13.0,8.0,6.0,28.0,Standard,Quarterly,214.0,22.0,Yes
38475.0,24.0,Female,39.0,13.0,7.0,9.0,Basic,Quarterly,943.0,10.0,Yes
372504.0,39.0,Male,51.0,20.0,3.0,11.0,Standard,Annual,991.44,30.0,No
447093.0,48.0,Female,24.0,10.0,3.0,17.0,Basic,Annual,650.32,8.0,No
189071.0,40.0,Male,39.0,24.0,6.0,10.0,Basic,Quarterly,853.0,16.0,Yes
338996.0,34.0,Female,5.0,1.0,0.0,0.0,Premium,Quarterly,711.71,6.0,No
204037.0,30.0,Female,18.0,1.0,5.0,25.0,Basic,Monthly,174.0,3.0,Yes
297619.0,33.0,Male,14.0,23.0,1.0,18.0,Standard,Quarterly,531.77,3.0,No
292374.0,22.0,Male,59.0,28.0,2.0,20.0,Standard,Quarterly,534.05,12.0,No
29965.0,63.0,Male,21.0,29.0,10.0,15.0,Basic,Monthly,808.0,23.0,Yes
434363.0,47.0,Male,59.0,22.0,4.0,1.0,Premium,Annual,668.39,9.0,No
389941.0,36.0,Female,56.0,15.0,3.0,11.0,Basic,Quarterly,652.56,6.0,No
44723.0,48.0,Male,25.0,22.0,6.0,1.0,Basic,Monthly,300.0,9.0,Yes
278941.0,31.0,Female,23.0,16.0,2.0,1.0,Basic,Quarterly,518.81,13.0,No
32952.0,63.0,Male,60.0,18.0,9.0,5.0,Standard,Annual,516.0,3.0,Yes
59001.0,47.0,Female,37.0,21.0,5.0,1.0,Standard,Annual,388.0,4.0,Yes
70894.0,34.0,Male,28.0,18.0,7.0,10.0,Premium,Monthly,200.0,2.0,Yes
173636.0,63.0,Female,9.0,27.0,5.0,22.0,Premium,Quarterly,253.0,23.0,Yes
7420.0,65.0,Female,2.0,15.0,9.0,10.0,Premium,Monthly,973.0,11.0,Yes
334497.0,32.0,Male,3.0,10.0,1.0,8.0,Premium,Quarterly,909.38,15.0,No
394695.0,50.0,Female,45.0,13.0,0.0,3.0,Premium,Annual,745.79,8.0,No
171297.0,51.0,Female,32.0,27.0,3.0,29.0,Premium,Monthly,224.0,13.0,Yes
77429.0,39.0,Male,20.0,23.0,2.0,28.0,Basic,Monthly,384.0,12.0,Yes
111119.0,25.0,Male,35.0,1.0,6.0,13.0,Basic,Annual,225.0,28.0,Yes
373851.0,31.0,Male,13.0,11.0,0.0,8.0,Basic,Annual,815.47,27.0,No
295243.0,49.0,Female,14.0,14.0,3.0,17.0,Premium,Annual,728.79,7.0,No
234718.0,60.0,Male,45.0,13.0,0.0,25.0,Premium,Quarterly,486.27,13.0,Yes
344048.0,29.0,Male,12.0,27.0,1.0,14.0,Standard,Annual,713.16,11.0,No
172052.0,58.0,Female,42.0,5.0,8.0,11.0,Basic,Annual,463.0,7.0,Yes
323167.0,34.0,Female,31.0,6.0,1.0,16.0,Premium,Annual,993.3,9.0,No
337016.0,27.0,Female,45.0,28.0,1.0,2.0,Basic,Quarterly,634.98,11.0,No
444001.0,23.0,Male,18.0,23.0,0.0,9.0,Premium,Quarterly,830.77,17.0,No
435588.0,37.0,Male,50.0,22.0,1.0,5.0,Standard,Annual,874.95,5.0,No
444511.0,48.0,Male,40.0,3.0,3.0,8.0,Premium,Annual,694.04,4.0,No
292566.0,42.0,Male,28.0,14.0,3.0,13.0,Basic,Annual,785.4,17.0,No
313023.0,37.0,Female,41.0,18.0,2.0,16.0,Premium,Quarterly,958.76,2.0,No
246016.0,35.0,Female,38.0,14.0,10.0,19.0,Basic,Quarterly,275.23,25.0,Yes
160618.0,33.0,Female,4.0,13.0,0.0,29.0,Premium,Quarterly,608.0,10.0,Yes
435698.0,50.0,Male,28.0,21.0,0.0,9.0,Standard,Quarterly,751.38,28.0,No
374915.0,37.0,Male,6.0,17.0,3.0,10.0,Standard,Annual,713.79,1.0,No
337212.0,44.0,Male,30.0,10.0,0.0,11.0,Standard,Quarterly,963.65,7.0,No
428539.0,34.0,Male,47.0,12.0,2.0,16.0,Standard,Quarterly,774.56,13.0,No
417051.0,42.0,Male,30.0,5.0,0.0,6.0,Basic,Quarterly,910.44,12.0,No
138495.0,45.0,Male,49.0,22.0,9.0,6.0,Standard,Quarterly,530.0,15.0,Yes
295884.0,49.0,Female,44.0,7.0,1.0,2.0,Premium,Quarterly,855.94,13.0,No
374265.0,43.0,Female,60.0,26.0,4.0,11.0,Premium,Annual,568.83,7.0,No
323928.0,31.0,Male,31.0,16.0,1.0,15.0,Premium,Quarterly,645.16,27.0,No
72922.0,34.0,Male,50.0,5.0,6.0,20.0,Standard,Quarterly,708.0,22.0,Yes
36552.0,57.0,Male,2.0,27.0,2.0,17.0,Premium,Annual,445.0,29.0,Yes
347044.0,41.0,Female,42.0,26.0,4.0,13.0,Basic,Quarterly,848.63,3.0,No
247458.0,32.0,Male,59.0,20.0,3.0,21.0,Premium,Quarterly,416.22,3.0,Yes
280741.0,44.0,Female,48.0,9.0,4.0,15.0,Standard,Quarterly,516.33,7.0,No
444802.0,26.0,Female,4.0,5.0,2.0,5.0,Standard,Quarterly,585.33,1.0,No
90067.0,59.0,Male,31.0,7.0,9.0,19.0,Standard,Annual,914.0,2.0,Yes
304961.0,43.0,Male,4.0,18.0,2.0,6.0,Standard,Annual,941.36,8.0,No
376422.0,50.0,Male,18.0,23.0,1.0,10.0,Standard,Annual,768.69,14.0,No
368234.0,44.0,Male,32.0,15.0,0.0,14.0,Premium,Quarterly,517.97,18.0,No
126646.0,19.0,Male,57.0,19.0,9.0,6.0,Standard,Annual,597.0,20.0,Yes
337826.0,27.0,Male,34.0,26.0,1.0,4.0,Basic,Quarterly,764.45,19.0,No
258285.0,33.0,Male,23.0,15.0,7.0,4.0,Standard,Quarterly,962.71,21.0,Yes
291708.0,49.0,Male,11.0,3.0,0.0,7.0,Standard,Quarterly,516.09,15.0,No
319810.0,40.0,Female,28.0,2.0,4.0,8.0,Standard,Annual,909.97,7.0,No
90166.0,30.0,Female,53.0,27.0,10.0,1.0,Premium,Monthly,146.0,6.0,Yes
38808.0,62.0,Female,46.0,18.0,1.0,13.0,Premium,Annual,894.0,10.0,Yes
77027.0,52.0,Male,43.0,24.0,7.0,14.0,Premium,Annual,152.0,2.0,Yes
399059.0,42.0,Female,44.0,4.0,4.0,15.0,Basic,Quarterly,579.56,13.0,No
17564.0,62.0,Female,49.0,18.0,9.0,8.0,Standard,Monthly,213.0,6.0,Yes
184334.0,45.0,Male,18.0,21.0,5.0,21.0,Basic,Monthly,631.0,14.0,Yes
109658.0,36.0,Male,54.0,20.0,9.0,8.0,Basic,Annual,714.0,13.0,Yes
393560.0,43.0,Female,41.0,13.0,0.0,13.0,Basic,Annual,571.04,8.0,No
177223.0,26.0,Male,39.0,29.0,5.0,4.0,Premium,Annual,588.0,18.0,Yes
391211.0,26.0,Male,3.0,14.0,0.0,19.0,Standard,Annual,678.81,26.0,No
230936.0,22.0,Male,5.0,16.0,10.0,28.0,Basic,Monthly,531.29,12.0,Yes
220639.0,35.0,Male,25.0,21.0,7.0,2.0,Standard,Monthly,696.18,19.0,Yes
29629.0,22.0,Female,14.0,9.0,0.0,18.0,Basic,Annual,999.0,9.0,Yes
84087.0,58.0,Female,55.0,29.0,10.0,19.0,Standard,Quarterly,556.0,11.0,Yes
423757.0,32.0,Female,58.0,27.0,0.0,10.0,Standard,Quarterly,625.0,12.0,No
178735.0,32.0,Male,37.0,2.0,4.0,22.0,Premium,Quarterly,302.0,25.0,Yes
256256.0,34.0,Female,31.0,5.0,4.0,30.0,Standard,Monthly,361.32,7.0,Yes
241594.0,28.0,Female,29.0,13.0,4.0,8.0,Standard,Annual,176.31,7.0,Yes
37288.0,42.0,Male,29.0,8.0,10.0,0.0,Premium,Annual,334.0,22.0,Yes
14358.0,18.0,Male,24.0,17.0,5.0,16.0,Basic,Quarterly,391.0,8.0,Yes
91329.0,63.0,Female,2.0,11.0,10.0,27.0,Basic,Quarterly,646.0,4.0,Yes
64187.0,56.0,Female,46.0,4.0,9.0,28.0,Standard,Annual,615.0,26.0,Yes
222010.0,34.0,Female,24.0,7.0,3.0,2.0,Premium,Annual,292.71,13.0,Yes
311812.0,45.0,Male,46.0,9.0,1.0,15.0,Premium,Quarterly,564.34,25.0,No
407222.0,50.0,Male,28.0,4.0,0.0,9.0,Premium,Quarterly,989.74,27.0,No
9827.0,51.0,Female,52.0,14.0,3.0,12.0,Basic,Monthly,452.0,1.0,Yes
349963.0,49.0,Male,12.0,26.0,2.0,16.0,Basic,Annual,800.89,11.0,No
331735.0,18.0,Male,57.0,27.0,0.0,15.0,Standard,Annual,941.72,1.0,No
403351.0,21.0,Female,45.0,9.0,0.0,14.0,Standard,Annual,971.42,7.0,No
296462.0,45.0,Male,43.0,18.0,4.0,7.0,Premium,Annual,500.57,11.0,No
165530.0,22.0,Female,42.0,12.0,2.0,22.0,Premium,Annual,545.0,3.0,Yes
386370.0,25.0,Male,1.0,22.0,0.0,9.0,Standard,Annual,773.39,29.0,No
409656.0,39.0,Male,48.0,3.0,3.0,15.0,Standard,Annual,987.86,18.0,No
339932.0,27.0,Male,25.0,15.0,0.0,5.0,Premium,Annual,545.51,1.0,No
381149.0,45.0,Female,20.0,11.0,3.0,20.0,Premium,Quarterly,882.96,7.0,No
24782.0,34.0,Male,55.0,22.0,2.0,27.0,Standard,Quarterly,129.0,20.0,Yes
78281.0,36.0,Male,25.0,15.0,0.0,9.0,Standard,Quarterly,368.0,14.0,Yes
342798.0,37.0,Male,19.0,20.0,0.0,7.0,Premium,Annual,728.48,7.0,No
315524.0,41.0,Male,28.0,2.0,1.0,14.0,Premium,Annual,580.58,24.0,No
359646.0,27.0,Female,46.0,26.0,0.0,7.0,Premium,Quarterly,931.69,13.0,No
200305.0,48.0,Male,6.0,16.0,8.0,17.0,Premium,Monthly,241.0,27.0,Yes
371638.0,37.0,Female,6.0,12.0,0.0,10.0,Premium,Annual,744.91,11.0,No
106284.0,32.0,Male,58.0,9.0,8.0,26.0,Standard,Monthly,487.0,3.0,Yes
85398.0,52.0,Male,31.0,14.0,7.0,9.0,Premium,Monthly,512.0,9.0,Yes
80608.0,53.0,Male,45.0,11.0,8.0,25.0,Basic,Monthly,412.0,15.0,Yes
28284.0,51.0,Male,6.0,11.0,7.0,29.0,Standard,Monthly,198.0,5.0,Yes
157660.0,26.0,Female,1.0,21.0,3.0,16.0,Standard,Quarterly,175.0,15.0,Yes
120557.0,62.0,Female,24.0,26.0,6.0,12.0,Premium,Quarterly,951.0,27.0,Yes
175893.0,61.0,Female,8.0,9.0,4.0,15.0,Basic,Annual,796.0,11.0,Yes
54489.0,48.0,Male,55.0,30.0,3.0,19.0,Standard,Annual,387.0,20.0,Yes
344009.0,22.0,Female,26.0,28.0,2.0,4.0,Premium,Annual,654.95,14.0,No
241057.0,46.0,Male,22.0,6.0,1.0,11.0,Basic,Quarterly,860.73,21.0,Yes
336151.0,41.0,Male,52.0,3.0,4.0,0.0,Basic,Quarterly,975.51,8.0,No
445157.0,39.0,Male,6.0,8.0,2.0,14.0,Premium,Quarterly,636.61,1.0,No
131640.0,63.0,Female,38.0,19.0,2.0,16.0,Basic,Monthly,493.0,3.0,Yes
442624.0,41.0,Female,26.0,25.0,1.0,8.0,Standard,Annual,754.48,10.0,No
392935.0,47.0,Female,59.0,24.0,1.0,20.0,Basic,Annual,580.88,7.0,No
297326.0,28.0,Male,7.0,24.0,0.0,16.0,Standard,Quarterly,596.7,5.0,No
230562.0,31.0,Male,32.0,17.0,0.0,25.0,Standard,Quarterly,740.33,16.0,Yes
161121.0,61.0,Female,26.0,27.0,8.0,14.0,Basic,Monthly,852.0,22.0,Yes
441900.0,38.0,Male,22.0,18.0,3.0,18.0,Premium,Annual,740.31,9.0,No
26228.0,53.0,Male,36.0,6.0,8.0,25.0,Standard,Quarterly,857.0,21.0,Yes
391699.0,24.0,Male,34.0,24.0,2.0,16.0,Premium,Quarterly,620.53,29.0,No
383231.0,35.0,Female,56.0,5.0,0.0,17.0,Premium,Annual,917.2,9.0,No
48967.0,63.0,Male,15.0,7.0,10.0,27.0,Standard,Monthly,560.0,28.0,Yes
186094.0,19.0,Female,51.0,15.0,5.0,7.0,Premium,Annual,706.0,15.0,Yes
290656.0,34.0,Male,13.0,13.0,2.0,8.0,Basic,Quarterly,593.88,5.0,No
116052.0,65.0,Female,50.0,2.0,9.0,15.0,Standard,Annual,967.0,28.0,Yes
225729.0,25.0,Male,56.0,29.0,0.0,24.0,Basic,Quarterly,501.36,5.0,Yes
42836.0,25.0,Male,7.0,17.0,6.0,12.0,Standard,Quarterly,466.0,27.0,Yes
291635.0,47.0,Male,35.0,25.0,4.0,2.0,Premium,Annual,626.25,23.0,No
338670.0,33.0,Male,8.0,6.0,0.0,9.0,Standard,Quarterly,838.31,24.0,No
153638.0,53.0,Male,36.0,2.0,6.0,15.0,Premium,Monthly,460.0,9.0,Yes
321748.0,40.0,Female,15.0,25.0,4.0,9.0,Standard,Quarterly,863.92,10.0,No
176186.0,31.0,Female,7.0,29.0,7.0,0.0,Basic,Quarterly,785.0,25.0,Yes
55275.0,30.0,Male,7.0,17.0,2.0,10.0,Basic,Quarterly,230.0,14.0,Yes
178664.0,37.0,Female,17.0,4.0,8.0,28.0,Basic,Annual,777.0,29.0,Yes
263199.0,36.0,Female,49.0,17.0,3.0,5.0,Premium,Annual,981.93,2.0,No
348207.0,31.0,Female,29.0,26.0,0.0,5.0,Basic,Quarterly,788.78,15.0,No
361179.0,41.0,Female,14.0,28.0,1.0,18.0,Standard,Quarterly,532.34,13.0,No
88938.0,37.0,Female,55.0,2.0,9.0,13.0,Basic,Monthly,548.0,19.0,Yes
27555.0,37.0,Female,2.0,9.0,2.0,5.0,Standard,Annual,807.0,27.0,Yes
59468.0,23.0,Male,3.0,12.0,5.0,23.0,Basic,Annual,950.0,14.0,Yes
291103.0,50.0,Male,45.0,5.0,5.0,18.0,Basic,Annual,705.33,9.0,No
61844.0,57.0,Female,23.0,7.0,8.0,5.0,Premium,Monthly,975.0,28.0,Yes
181466.0,64.0,Female,52.0,24.0,3.0,18.0,Basic,Quarterly,309.0,4.0,Yes
45436.0,32.0,Female,39.0,22.0,8.0,12.0,Premium,Annual,747.0,3.0,Yes
207667.0,61.0,Male,45.0,15.0,7.0,9.0,Premium,Monthly,583.59,23.0,Yes
154192.0,41.0,Female,32.0,5.0,10.0,16.0,Standard,Quarterly,375.0,4.0,Yes
80215.0,40.0,Female,43.0,10.0,6.0,9.0,Premium,Quarterly,913.0,30.0,Yes
388972.0,39.0,Female,20.0,17.0,3.0,12.0,Standard,Annual,712.25,9.0,No
318416.0,48.0,Male,51.0,28.0,2.0,12.0,Basic,Annual,851.45,16.0,No
165082.0,59.0,Female,24.0,1.0,3.0,3.0,Premium,Quarterly,916.0,2.0,Yes
331469.0,25.0,Male,40.0,17.0,2.0,19.0,Standard,Annual,731.84,13.0,No
329958.0,49.0,Male,51.0,25.0,1.0,8.0,Standard,Annual,848.7,9.0,No
116636.0,24.0,Female,38.0,29.0,7.0,5.0,Premium,Monthly,820.0,10.0,Yes
349855.0,26.0,Male,45.0,12.0,2.0,20.0,Standard,Quarterly,784.67,21.0,No
221342.0,32.0,Female,5.0,4.0,4.0,15.0,Standard,Quarterly,403.11,24.0,Yes
297675.0,26.0,Female,53.0,29.0,1.0,20.0,Standard,Quarterly,820.11,4.0,No
69367.0,18.0,Female,28.0,8.0,9.0,1.0,Standard,Monthly,347.0,12.0,Yes
218585.0,41.0,Female,2.0,14.0,7.0,21.0,Basic,Quarterly,495.93,26.0,Yes
281913.0,46.0,Male,51.0,7.0,1.0,1.0,Basic,Annual,740.54,2.0,No
42503.0,38.0,Female,32.0,27.0,3.0,13.0,Basic,Annual,221.0,18.0,Yes
261422.0,31.0,Male,11.0,22.0,3.0,9.0,Standard,Annual,776.52,18.0,No
174615.0,19.0,Female,43.0,23.0,0.0,18.0,Standard,Annual,819.0,21.0,Yes
298154.0,30.0,Female,11.0,1.0,2.0,17.0,Standard,Annual,692.53,2.0,No
310166.0,44.0,Female,48.0,12.0,3.0,11.0,Premium,Quarterly,669.77,3.0,No
162774.0,63.0,Female,48.0,22.0,9.0,15.0,Standard,Quarterly,320.0,28.0,Yes
154578.0,53.0,Female,36.0,4.0,3.0,15.0,Standard,Monthly,823.0,14.0,Yes
71663.0,43.0,Male,12.0,24.0,2.0,24.0,Premium,Annual,222.0,24.0,Yes
105978.0,25.0,Male,50.0,22.0,2.0,28.0,Standard,Annual,124.0,11.0,Yes
344979.0,33.0,Male,59.0,3.0,0.0,5.0,Standard,Quarterly,514.45,27.0,No
281821.0,28.0,Male,14.0,27.0,0.0,14.0,Basic,Annual,524.58,29.0,No
213599.0,37.0,Male,36.0,15.0,5.0,14.0,Basic,Annual,217.06,15.0,Yes
380346.0,23.0,Female,44.0,2.0,0.0,17.0,Basic,Quarterly,779.38,4.0,No
343425.0,47.0,Male,43.0,25.0,1.0,14.0,Basic,Quarterly,662.03,10.0,No
342087.0,32.0,Male,8.0,22.0,3.0,13.0,Basic,Quarterly,500.14,23.0,No
381638.0,40.0,Male,38.0,6.0,4.0,3.0,Premium,Quarterly,547.44,30.0,No
364109.0,29.0,Male,28.0,28.0,1.0,16.0,Premium,Annual,847.3,14.0,No
426063.0,41.0,Male,17.0,25.0,2.0,20.0,Standard,Annual,865.45,28.0,No
233840.0,39.0,Female,43.0,13.0,0.0,10.0,Standard,Monthly,453.11,8.0,Yes
279466.0,48.0,Male,47.0,2.0,2.0,18.0,Standard,Quarterly,892.79,26.0,No
62736.0,53.0,Female,13.0,17.0,8.0,16.0,Standard,Monthly,724.0,18.0,Yes
27793.0,41.0,Female,44.0,18.0,4.0,3.0,Premium,Annual,948.0,18.0,Yes
294722.0,39.0,Male,46.0,11.0,1.0,11.0,Standard,Quarterly,971.48,4.0,No
302883.0,50.0,Male,3.0,26.0,0.0,0.0,Premium,Annual,934.64,2.0,No
110696.0,32.0,Male,5.0,30.0,10.0,27.0,Basic,Annual,479.0,25.0,Yes
150884.0,26.0,Male,42.0,14.0,5.0,10.0,Standard,Monthly,708.0,30.0,Yes
65011.0,59.0,Female,31.0,24.0,8.0,11.0,Standard,Monthly,580.0,6.0,Yes
95160.0,53.0,Male,34.0,26.0,4.0,18.0,Basic,Annual,200.0,30.0,Yes
85473.0,40.0,Female,5.0,29.0,2.0,9.0,Basic,Annual,194.0,2.0,Yes
288768.0,30.0,Male,3.0,9.0,2.0,12.0,Standard,Annual,824.91,14.0,No
437392.0,44.0,Male,12.0,27.0,1.0,17.0,Standard,Quarterly,959.55,9.0,No
165042.0,49.0,Female,54.0,8.0,1.0,9.0,Standard,Annual,923.0,1.0,No
441872.0,40.0,Male,18.0,29.0,1.0,10.0,Premium,Quarterly,859.7,13.0,No
380383.0,20.0,Male,31.0,4.0,0.0,12.0,Basic,Annual,776.12,14.0,No
3654.0,40.0,Male,18.0,9.0,0.0,6.0,Basic,Monthly,639.0,10.0,Yes
4748.0,62.0,Male,4.0,26.0,2.0,11.0,Basic,Annual,414.0,19.0,Yes
72816.0,39.0,Male,25.0,20.0,0.0,18.0,Premium,Quarterly,354.0,25.0,Yes
52521.0,48.0,Female,33.0,11.0,5.0,11.0,Basic,Annual,552.0,21.0,Yes
107263.0,35.0,Male,29.0,28.0,9.0,20.0,Premium,Annual,422.0,24.0,Yes
360235.0,39.0,Male,15.0,18.0,3.0,12.0,Basic,Quarterly,864.42,10.0,No
65955.0,32.0,Male,34.0,21.0,10.0,24.0,Premium,Quarterly,341.0,8.0,Yes
28833.0,64.0,Male,48.0,11.0,9.0,11.0,Basic,Monthly,597.0,22.0,Yes
122049.0,30.0,Male,10.0,1.0,6.0,3.0,Premium,Quarterly,397.0,11.0,Yes
98366.0,55.0,Female,22.0,20.0,2.0,27.0,Basic,Monthly,558.0,10.0,Yes
386330.0,30.0,Male,23.0,26.0,2.0,3.0,Premium,Annual,840.7,6.0,No
57718.0,36.0,Male,47.0,1.0,4.0,18.0,Basic,Monthly,665.0,9.0,Yes
206285.0,19.0,Female,21.0,2.0,8.0,1.0,Standard,Annual,290.38,3.0,Yes
100586.0,60.0,Female,58.0,30.0,6.0,8.0,Standard,Monthly,228.0,30.0,Yes
217717.0,51.0,Male,33.0,25.0,10.0,15.0,Standard,Annual,356.47,7.0,Yes
127399.0,45.0,Male,23.0,26.0,1.0,0.0,Premium,Annual,160.0,21.0,Yes
351804.0,50.0,Female,33.0,8.0,5.0,7.0,Basic,Annual,516.59,2.0,No
333136.0,35.0,Male,40.0,25.0,1.0,2.0,Basic,Annual,955.75,9.0,No
415336.0,39.0,Male,10.0,27.0,0.0,18.0,Basic,Quarterly,876.19,30.0,No
217951.0,46.0,Female,29.0,27.0,9.0,16.0,Standard,Quarterly,566.41,8.0,Yes
105109.0,26.0,Female,57.0,9.0,9.0,27.0,Premium,Quarterly,858.0,11.0,Yes
6064.0,64.0,Male,28.0,25.0,1.0,7.0,Standard,Annual,938.0,16.0,Yes
291034.0,40.0,Female,2.0,22.0,1.0,5.0,Premium,Annual,653.35,15.0,No
371433.0,49.0,Female,56.0,29.0,0.0,18.0,Standard,Quarterly,525.8,6.0,No
5625.0,60.0,Female,42.0,15.0,2.0,2.0,Basic,Annual,669.0,16.0,Yes
210661.0,50.0,Female,46.0,30.0,3.0,24.0,Basic,Monthly,297.98,20.0,Yes
165493.0,43.0,Male,31.0,12.0,4.0,16.0,Standard,Quarterly,478.0,5.0,Yes
259803.0,29.0,Female,59.0,8.0,9.0,27.0,Premium,Monthly,974.27,4.0,Yes
253167.0,45.0,Male,32.0,7.0,6.0,16.0,Standard,Quarterly,414.93,20.0,Yes
154728.0,58.0,Male,18.0,5.0,1.0,14.0,Premium,Monthly,193.0,29.0,Yes
228983.0,65.0,Male,32.0,17.0,5.0,14.0,Standard,Quarterly,737.49,28.0,Yes
151262.0,24.0,Female,1.0,22.0,5.0,23.0,Standard,Monthly,740.0,20.0,Yes
267480.0,21.0,Male,11.0,8.0,1.0,18.0,Premium,Annual,829.62,9.0,No
168764.0,32.0,Female,40.0,24.0,9.0,6.0,Standard,Monthly,904.0,20.0,Yes
323269.0,49.0,Female,10.0,19.0,0.0,4.0,Premium,Annual,816.86,12.0,No
26144.0,35.0,Female,48.0,12.0,9.0,27.0,Standard,Annual,668.0,15.0,Yes
337432.0,28.0,Female,42.0,28.0,2.0,4.0,Basic,Annual,874.85,3.0,No
347636.0,22.0,Female,4.0,26.0,0.0,6.0,Standard,Annual,837.79,9.0,No
280964.0,41.0,Male,46.0,23.0,1.0,2.0,Premium,Quarterly,875.75,25.0,No
85527.0,62.0,Male,8.0,9.0,8.0,10.0,Standard,Monthly,266.0,18.0,Yes
394687.0,38.0,Male,12.0,11.0,1.0,7.0,Basic,Quarterly,814.69,14.0,No
104657.0,25.0,Female,39.0,14.0,9.0,22.0,Premium,Quarterly,413.0,19.0,Yes
130267.0,57.0,Male,20.0,25.0,1.0,30.0,Standard,Quarterly,976.0,11.0,Yes
381214.0,22.0,Male,31.0,15.0,0.0,10.0,Standard,Annual,932.5,26.0,No
140246.0,18.0,Female,31.0,9.0,6.0,5.0,Standard,Monthly,195.0,10.0,Yes
282654.0,23.0,Female,28.0,23.0,1.0,3.0,Premium,Quarterly,944.44,15.0,No
198381.0,48.0,Female,14.0,19.0,5.0,17.0,Premium,Monthly,670.0,14.0,Yes
159607.0,18.0,Male,36.0,10.0,7.0,20.0,Standard,Quarterly,891.0,4.0,Yes
355347.0,20.0,Male,43.0,23.0,1.0,20.0,Premium,Annual,520.24,1.0,No
23926.0,65.0,Male,18.0,29.0,2.0,14.0,Standard,Monthly,517.0,5.0,Yes
130574.0,41.0,Male,38.0,17.0,1.0,25.0,Basic,Monthly,260.0,30.0,Yes
319852.0,24.0,Female,20.0,20.0,2.0,6.0,Standard,Annual,653.23,4.0,No
235976.0,24.0,Female,16.0,25.0,1.0,24.0,Basic,Annual,370.38,3.0,Yes
145833.0,39.0,Male,58.0,14.0,1.0,29.0,Standard,Quarterly,193.0,3.0,Yes
4913.0,26.0,Female,38.0,10.0,5.0,1.0,Basic,Quarterly,951.0,1.0,Yes
22258.0,41.0,Male,57.0,1.0,3.0,11.0,Basic,Monthly,641.0,11.0,Yes
65679.0,54.0,Female,47.0,15.0,9.0,26.0,Basic,Quarterly,332.0,23.0,Yes
198569.0,61.0,Male,16.0,10.0,0.0,15.0,Standard,Monthly,803.0,25.0,Yes
256338.0,35.0,Male,23.0,11.0,8.0,26.0,Basic,Monthly,561.56,6.0,Yes
390873.0,21.0,Female,15.0,11.0,2.0,1.0,Standard,Annual,875.3,1.0,No
438366.0,43.0,Female,27.0,17.0,1.0,18.0,Premium,Quarterly,913.02,14.0,No
426083.0,41.0,Male,50.0,14.0,2.0,2.0,Standard,Quarterly,600.37,21.0,No
403836.0,33.0,Male,36.0,22.0,2.0,4.0,Premium,Quarterly,738.96,21.0,No
415114.0,31.0,Male,22.0,21.0,3.0,7.0,Standard,Annual,931.17,10.0,No
264391.0,22.0,Female,48.0,25.0,2.0,3.0,Standard,Annual,871.34,14.0,No
277979.0,22.0,Female,37.0,27.0,2.0,8.0,Basic,Quarterly,645.45,12.0,No
317133.0,41.0,Male,18.0,25.0,4.0,3.0,Basic,Annual,500.75,14.0,No
343809.0,49.0,Male,60.0,3.0,4.0,1.0,Standard,Annual,803.27,13.0,No
374393.0,19.0,Female,60.0,15.0,1.0,8.0,Premium,Quarterly,605.12,9.0,No
234219.0,32.0,Female,8.0,8.0,1.0,29.0,Premium,Monthly,479.03,30.0,Yes
297182.0,49.0,Female,29.0,20.0,1.0,13.0,Basic,Quarterly,964.18,11.0,No
71250.0,36.0,Male,53.0,25.0,5.0,30.0,Basic,Annual,630.0,10.0,Yes
137400.0,29.0,Male,49.0,12.0,7.0,20.0,Premium,Annual,133.0,21.0,Yes
148732.0,28.0,Male,46.0,4.0,4.0,25.0,Basic,Quarterly,626.0,13.0,Yes
347048.0,44.0,Male,25.0,24.0,4.0,20.0,Basic,Quarterly,558.48,29.0,No
329054.0,28.0,Female,53.0,4.0,1.0,3.0,Basic,Annual,563.14,12.0,No
16079.0,42.0,Female,55.0,25.0,1.0,9.0,Premium,Quarterly,245.0,14.0,Yes
217324.0,26.0,Female,2.0,26.0,4.0,2.0,Standard,Quarterly,631.54,30.0,Yes
332050.0,35.0,Male,60.0,28.0,3.0,5.0,Premium,Quarterly,576.3,20.0,No
177562.0,41.0,Male,48.0,11.0,7.0,20.0,Basic,Quarterly,872.0,15.0,Yes
377187.0,38.0,Male,27.0,26.0,1.0,14.0,Standard,Quarterly,879.48,21.0,No
416073.0,47.0,Male,35.0,21.0,1.0,19.0,Basic,Quarterly,642.49,25.0,No
143955.0,22.0,Male,25.0,19.0,3.0,15.0,Premium,Monthly,893.0,27.0,Yes
328320.0,35.0,Male,7.0,28.0,3.0,20.0,Premium,Quarterly,863.57,15.0,No
143721.0,39.0,Female,8.0,2.0,10.0,9.0,Premium,Monthly,928.0,15.0,Yes
309060.0,43.0,Male,31.0,7.0,1.0,6.0,Standard,Annual,852.55,15.0,No
60079.0,28.0,Female,31.0,8.0,4.0,15.0,Basic,Annual,517.0,21.0,Yes
14275.0,21.0,Male,20.0,2.0,2.0,5.0,Standard,Quarterly,627.0,17.0,Yes
18355.0,65.0,Male,9.0,4.0,1.0,21.0,Premium,Monthly,994.0,9.0,Yes
83277.0,31.0,Female,18.0,6.0,10.0,8.0,Basic,Monthly,289.0,3.0,Yes
25312.0,49.0,Male,11.0,10.0,6.0,5.0,Basic,Annual,231.0,4.0,Yes
444767.0,27.0,Female,14.0,13.0,1.0,6.0,Basic,Quarterly,965.03,10.0,No
123287.0,46.0,Male,16.0,8.0,5.0,3.0,Standard,Monthly,995.0,21.0,Yes
209566.0,64.0,Female,39.0,17.0,5.0,26.0,Standard,Annual,862.38,24.0,Yes
142511.0,65.0,Female,45.0,4.0,6.0,6.0,Basic,Quarterly,674.0,1.0,Yes
211843.0,27.0,Male,22.0,11.0,5.0,13.0,Standard,Quarterly,872.42,15.0,Yes
110523.0,26.0,Male,11.0,30.0,6.0,23.0,Basic,Annual,309.0,5.0,Yes
415992.0,43.0,Male,45.0,1.0,4.0,8.0,Premium,Annual,836.01,20.0,No
174289.0,39.0,Male,23.0,18.0,10.0,5.0,Basic,Annual,968.0,16.0,Yes
168542.0,25.0,Male,5.0,28.0,9.0,5.0,Premium,Monthly,905.0,17.0,Yes
54202.0,36.0,Male,20.0,2.0,8.0,29.0,Premium,Quarterly,289.0,26.0,Yes
18176.0,36.0,Male,19.0,10.0,5.0,22.0,Premium,Quarterly,169.0,24.0,Yes
332121.0,30.0,Male,11.0,16.0,2.0,19.0,Premium,Quarterly,984.57,30.0,No
92271.0,55.0,Male,7.0,19.0,3.0,3.0,Premium,Monthly,572.0,27.0,Yes
309591.0,26.0,Male,49.0,6.0,1.0,16.0,Premium,Quarterly,768.78,1.0,No
325554.0,44.0,Female,52.0,6.0,4.0,19.0,Basic,Quarterly,909.06,5.0,No
355187.0,43.0,Male,3.0,25.0,0.0,5.0,Standard,Quarterly,914.49,22.0,No
131113.0,42.0,Female,40.0,2.0,8.0,26.0,Basic,Annual,346.0,19.0,Yes
369493.0,31.0,Female,40.0,3.0,2.0,14.0,Premium,Quarterly,809.19,12.0,No
218397.0,65.0,Male,11.0,19.0,1.0,30.0,Basic,Annual,684.71,29.0,Yes
127511.0,29.0,Female,11.0,8.0,9.0,16.0,Premium,Annual,329.0,23.0,Yes
417828.0,21.0,Male,39.0,24.0,0.0,18.0,Basic,Annual,853.18,30.0,No
284900.0,47.0,Male,58.0,9.0,0.0,17.0,Basic,Quarterly,672.58,8.0,No
337145.0,18.0,Male,7.0,18.0,1.0,2.0,Basic,Annual,820.61,19.0,No
3378.0,60.0,Female,47.0,27.0,1.0,20.0,Basic,Monthly,813.0,24.0,Yes
339319.0,30.0,Female,48.0,21.0,0.0,7.0,Standard,Quarterly,719.84,5.0,No
72460.0,44.0,Female,49.0,26.0,6.0,21.0,Premium,Annual,322.0,25.0,Yes
319080.0,39.0,Male,8.0,6.0,2.0,2.0,Standard,Quarterly,723.49,7.0,No
204368.0,41.0,Female,5.0,2.0,9.0,8.0,Premium,Monthly,555.61,26.0,Yes
75707.0,57.0,Male,27.0,29.0,0.0,7.0,Premium,Quarterly,472.0,6.0,Yes
32196.0,37.0,Male,40.0,27.0,10.0,2.0,Premium,Quarterly,703.0,9.0,Yes
10267.0,45.0,Male,42.0,23.0,1.0,20.0,Standard,Annual,576.0,22.0,No
386869.0,45.0,Female,60.0,17.0,0.0,17.0,Premium,Quarterly,827.25,2.0,No
267900.0,23.0,Male,21.0,23.0,0.0,3.0,Basic,Quarterly,592.53,8.0,No
259705.0,26.0,Female,40.0,20.0,5.0,21.0,Basic,Annual,271.47,12.0,Yes
213954.0,20.0,Male,12.0,16.0,4.0,1.0,Standard,Quarterly,439.36,8.0,Yes
153939.0,32.0,Female,13.0,30.0,10.0,26.0,Premium,Quarterly,728.0,28.0,Yes
235683.0,29.0,Male,32.0,26.0,4.0,19.0,Premium,Quarterly,867.68,22.0,Yes
395550.0,49.0,Male,21.0,20.0,4.0,14.0,Premium,Annual,894.77,8.0,No
202474.0,47.0,Male,26.0,16.0,8.0,9.0,Standard,Annual,342.0,7.0,Yes
332348.0,33.0,Female,53.0,30.0,3.0,11.0,Premium,Annual,904.96,6.0,No
140892.0,52.0,Female,20.0,16.0,8.0,10.0,Standard,Quarterly,956.0,2.0,Yes
315182.0,22.0,Male,40.0,6.0,1.0,0.0,Standard,Annual,848.51,22.0,No
315965.0,42.0,Female,21.0,26.0,1.0,0.0,Premium,Annual,982.45,3.0,No
88727.0,36.0,Female,30.0,23.0,9.0,12.0,Premium,Monthly,963.0,1.0,Yes
205770.0,52.0,Male,2.0,8.0,6.0,12.0,Premium,Monthly,373.7,20.0,Yes
244952.0,45.0,Female,16.0,12.0,8.0,20.0,Premium,Monthly,763.11,11.0,Yes
203579.0,65.0,Male,48.0,6.0,6.0,22.0,Premium,Monthly,514.0,29.0,Yes
368421.0,40.0,Male,56.0,20.0,3.0,8.0,Standard,Quarterly,674.19,13.0,No
70578.0,56.0,Male,47.0,15.0,5.0,25.0,Premium,Annual,934.0,3.0,Yes
209988.0,55.0,Female,6.0,26.0,1.0,26.0,Basic,Monthly,516.73,6.0,Yes
63242.0,22.0,Female,19.0,20.0,5.0,20.0,Basic,Monthly,799.0,14.0,Yes
338333.0,36.0,Male,16.0,22.0,2.0,16.0,Basic,Annual,505.94,19.0,No
231717.0,40.0,Male,31.0,15.0,7.0,20.0,Premium,Monthly,931.05,15.0,Yes
374630.0,39.0,Female,44.0,8.0,1.0,5.0,Premium,Quarterly,826.07,15.0,No
421574.0,43.0,Male,34.0,21.0,0.0,1.0,Premium,Quarterly,962.12,9.0,No
39551.0,25.0,Male,36.0,5.0,3.0,16.0,Basic,Quarterly,849.0,28.0,Yes
403611.0,27.0,Male,19.0,11.0,0.0,9.0,Premium,Annual,691.78,30.0,No
382360.0,45.0,Male,18.0,22.0,1.0,6.0,Basic,Annual,825.81,27.0,No
379456.0,21.0,Male,48.0,2.0,0.0,4.0,Basic,Quarterly,552.83,10.0,No
310856.0,30.0,Female,42.0,24.0,0.0,9.0,Standard,Annual,688.09,1.0,No
403627.0,37.0,Female,7.0,27.0,2.0,19.0,Premium,Quarterly,850.84,4.0,No
39608.0,20.0,Male,53.0,23.0,0.0,13.0,Premium,Monthly,449.0,10.0,Yes
437970.0,45.0,Male,21.0,24.0,1.0,14.0,Premium,Annual,967.14,1.0,No
7842.0,26.0,Female,57.0,24.0,2.0,24.0,Standard,Quarterly,662.0,23.0,Yes
403239.0,25.0,Female,53.0,15.0,1.0,16.0,Basic,Quarterly,573.74,11.0,No
359253.0,49.0,Female,9.0,12.0,0.0,3.0,Standard,Annual,952.56,10.0,No
373511.0,24.0,Male,46.0,5.0,0.0,14.0,Basic,Annual,841.59,13.0,No
274870.0,41.0,Male,33.0,22.0,3.0,13.0,Basic,Quarterly,529.94,10.0,No
430801.0,39.0,Female,10.0,25.0,2.0,11.0,Basic,Quarterly,560.79,12.0,No
268140.0,24.0,Female,28.0,9.0,2.0,12.0,Standard,Annual,906.38,2.0,No
232481.0,48.0,Female,7.0,4.0,4.0,29.0,Premium,Monthly,118.16,24.0,Yes
340456.0,27.0,Male,57.0,25.0,0.0,16.0,Standard,Annual,946.1,10.0,No
21479.0,43.0,Female,10.0,8.0,9.0,25.0,Standard,Annual,436.0,8.0,Yes
299756.0,29.0,Male,45.0,28.0,1.0,15.0,Standard,Quarterly,600.69,24.0,No
407780.0,20.0,Male,37.0,9.0,2.0,15.0,Premium,Quarterly,937.93,16.0,No
294093.0,31.0,Male,43.0,9.0,2.0,3.0,Standard,Quarterly,613.86,21.0,No
96748.0,36.0,Male,40.0,26.0,7.0,17.0,Premium,Annual,477.0,26.0,Yes
184920.0,48.0,Female,44.0,27.0,4.0,14.0,Premium,Monthly,170.0,2.0,Yes
412702.0,42.0,Male,25.0,5.0,4.0,14.0,Standard,Quarterly,748.11,26.0,No
341401.0,41.0,Male,50.0,26.0,1.0,12.0,Standard,Annual,917.26,8.0,No
238866.0,45.0,Male,48.0,12.0,2.0,4.0,Basic,Quarterly,199.89,13.0,Yes
177995.0,31.0,Male,25.0,27.0,2.0,2.0,Basic,Quarterly,501.0,28.0,No
270346.0,21.0,Male,50.0,23.0,0.0,1.0,Basic,Quarterly,842.0,11.0,No
424438.0,40.0,Female,30.0,6.0,1.0,1.0,Premium,Annual,760.49,13.0,No
28619.0,46.0,Male,10.0,24.0,9.0,12.0,Standard,Quarterly,913.0,30.0,Yes
374930.0,28.0,Male,55.0,1.0,0.0,0.0,Standard,Annual,816.99,23.0,No
162769.0,18.0,Male,22.0,18.0,0.0,25.0,Basic,Monthly,577.0,17.0,Yes
33081.0,57.0,Male,5.0,2.0,7.0,30.0,Basic,Quarterly,324.0,3.0,Yes
301721.0,45.0,Female,53.0,14.0,0.0,6.0,Standard,Annual,870.81,12.0,No
244479.0,29.0,Female,38.0,22.0,0.0,18.0,Premium,Monthly,914.42,19.0,Yes
199615.0,62.0,Male,13.0,21.0,0.0,12.0,Premium,Quarterly,961.0,20.0,Yes
199743.0,49.0,Female,27.0,24.0,6.0,30.0,Premium,Monthly,673.0,21.0,Yes
42315.0,60.0,Male,43.0,28.0,3.0,12.0,Premium,Monthly,774.0,7.0,Yes
187006.0,27.0,Female,10.0,10.0,6.0,28.0,Premium,Quarterly,209.0,29.0,Yes
8421.0,23.0,Female,56.0,13.0,5.0,18.0,Basic,Annual,862.0,14.0,Yes
231260.0,48.0,Female,19.0,3.0,6.0,17.0,Standard,Annual,287.77,20.0,Yes
258237.0,62.0,Female,34.0,11.0,10.0,18.0,Basic,Quarterly,235.09,24.0,Yes
440516.0,20.0,Male,40.0,28.0,0.0,18.0,Premium,Annual,656.43,22.0,No
331953.0,26.0,Male,32.0,12.0,1.0,5.0,Standard,Annual,714.81,1.0,No
247141.0,47.0,Male,53.0,5.0,7.0,13.0,Standard,Monthly,211.41,4.0,Yes
336861.0,37.0,Female,16.0,23.0,3.0,9.0,Basic,Annual,663.67,14.0,No
297987.0,45.0,Male,32.0,1.0,3.0,4.0,Standard,Quarterly,646.23,17.0,No
346076.0,47.0,Female,22.0,19.0,2.0,5.0,Premium,Quarterly,986.99,15.0,No
117694.0,29.0,Male,58.0,21.0,5.0,1.0,Standard,Annual,350.0,11.0,Yes
315297.0,21.0,Female,13.0,12.0,2.0,17.0,Standard,Annual,509.44,9.0,No
443878.0,23.0,Male,16.0,22.0,2.0,0.0,Premium,Quarterly,595.24,11.0,No
193230.0,64.0,Female,21.0,18.0,0.0,14.0,Premium,Monthly,649.0,21.0,Yes
348045.0,41.0,Male,29.0,7.0,0.0,16.0,Basic,Quarterly,503.87,22.0,No
1945.0,33.0,Female,4.0,22.0,4.0,2.0,Basic,Annual,357.0,30.0,Yes
277207.0,41.0,Female,3.0,20.0,2.0,13.0,Standard,Quarterly,805.17,13.0,No
36073.0,53.0,Male,18.0,30.0,8.0,29.0,Premium,Quarterly,781.0,7.0,Yes
244385.0,50.0,Male,51.0,22.0,3.0,29.0,Basic,Quarterly,197.82,16.0,Yes
76228.0,51.0,Male,44.0,2.0,10.0,30.0,Basic,Annual,831.0,11.0,Yes
241439.0,23.0,Female,36.0,12.0,7.0,30.0,Basic,Monthly,970.34,4.0,Yes
94931.0,41.0,Female,4.0,30.0,10.0,29.0,Premium,Quarterly,165.0,16.0,Yes
370439.0,20.0,Female,36.0,27.0,1.0,4.0,Basic,Annual,620.3,11.0,No
164720.0,46.0,Male,53.0,21.0,5.0,3.0,Basic,Quarterly,334.0,19.0,Yes
72200.0,27.0,Female,25.0,30.0,5.0,24.0,Basic,Quarterly,539.0,12.0,Yes
188983.0,40.0,Male,25.0,23.0,0.0,3.0,Premium,Monthly,850.0,4.0,Yes
313690.0,33.0,Male,40.0,25.0,0.0,8.0,Premium,Annual,501.9,22.0,No
57850.0,47.0,Male,3.0,2.0,9.0,22.0,Premium,Annual,495.0,14.0,Yes
325826.0,41.0,Male,15.0,23.0,2.0,20.0,Basic,Annual,707.06,8.0,No
446866.0,37.0,Male,56.0,30.0,1.0,12.0,Standard,Quarterly,714.85,27.0,No
30202.0,29.0,Male,16.0,3.0,9.0,29.0,Premium,Quarterly,472.0,8.0,Yes
169487.0,37.0,Male,42.0,27.0,1.0,7.0,Premium,Quarterly,555.0,22.0,No
313866.0,47.0,Female,17.0,10.0,1.0,6.0,Premium,Annual,524.51,15.0,No
362053.0,42.0,Male,54.0,11.0,3.0,18.0,Basic,Annual,805.77,27.0,No
137061.0,21.0,Female,10.0,25.0,5.0,4.0,Premium,Quarterly,115.0,15.0,Yes
87192.0,51.0,Female,19.0,30.0,9.0,12.0,Basic,Monthly,828.0,26.0,Yes
242096.0,61.0,Male,36.0,27.0,0.0,18.0,Basic,Annual,134.06,5.0,Yes
317411.0,37.0,Male,43.0,14.0,3.0,12.0,Standard,Annual,904.63,2.0,No
266207.0,41.0,Male,54.0,30.0,0.0,9.0,Basic,Quarterly,554.79,29.0,No
407443.0,50.0,Female,7.0,14.0,4.0,14.0,Premium,Quarterly,596.39,2.0,No
326905.0,39.0,Male,31.0,1.0,2.0,12.0,Standard,Quarterly,914.26,6.0,No
99726.0,29.0,Female,20.0,20.0,1.0,18.0,Premium,Monthly,923.0,5.0,Yes
433931.0,29.0,Female,10.0,14.0,1.0,5.0,Premium,Annual,580.59,12.0,No
401003.0,38.0,Female,9.0,2.0,1.0,18.0,Basic,Quarterly,657.3,8.0,No
366477.0,44.0,Female,32.0,5.0,4.0,5.0,Premium,Annual,725.86,11.0,No
385465.0,27.0,Female,59.0,19.0,1.0,17.0,Premium,Quarterly,849.2,4.0,No
309055.0,39.0,Male,8.0,28.0,0.0,18.0,Premium,Annual,761.77,17.0,No
347502.0,23.0,Male,39.0,28.0,1.0,3.0,Basic,Quarterly,684.83,27.0,No
243148.0,30.0,Female,55.0,23.0,6.0,18.0,Basic,Quarterly,813.57,20.0,Yes
363372.0,45.0,Male,60.0,30.0,2.0,9.0,Basic,Annual,627.66,3.0,No
226764.0,65.0,Female,43.0,3.0,9.0,13.0,Premium,Quarterly,874.97,1.0,Yes
82938.0,36.0,Female,23.0,11.0,4.0,8.0,Standard,Quarterly,888.0,10.0,Yes
344343.0,32.0,Male,39.0,14.0,0.0,8.0,Basic,Quarterly,953.6,23.0,No
225294.0,36.0,Male,11.0,5.0,6.0,7.0,Premium,Monthly,297.17,28.0,Yes
273179.0,45.0,Female,16.0,24.0,2.0,19.0,Standard,Annual,801.25,1.0,No
39995.0,37.0,Male,15.0,13.0,4.0,12.0,Standard,Quarterly,852.0,10.0,Yes
210021.0,31.0,Female,43.0,22.0,4.0,16.0,Basic,Monthly,979.16,16.0,Yes
242514.0,62.0,Female,38.0,5.0,6.0,29.0,Basic,Monthly,457.56,14.0,Yes
154170.0,51.0,Male,51.0,30.0,4.0,13.0,Premium,Monthly,475.0,17.0,Yes
34801.0,60.0,Male,60.0,17.0,3.0,8.0,Standard,Quarterly,520.0,12.0,Yes
309713.0,49.0,Female,17.0,14.0,2.0,0.0,Basic,Quarterly,994.91,9.0,No
98440.0,44.0,Male,16.0,14.0,8.0,3.0,Premium,Annual,535.0,22.0,Yes
318744.0,24.0,Female,8.0,8.0,0.0,14.0,Standard,Quarterly,634.45,11.0,No
196727.0,19.0,Male,19.0,2.0,2.0,13.0,Basic,Quarterly,703.0,8.0,Yes
175759.0,39.0,Female,57.0,2.0,4.0,6.0,Premium,Quarterly,239.0,5.0,Yes
143853.0,29.0,Male,52.0,5.0,5.0,30.0,Standard,Annual,748.0,27.0,Yes
126016.0,60.0,Male,17.0,10.0,7.0,26.0,Standard,Annual,948.0,12.0,Yes
123685.0,35.0,Female,8.0,14.0,3.0,10.0,Standard,Annual,186.0,20.0,Yes
307237.0,21.0,Female,48.0,3.0,1.0,12.0,Standard,Annual,763.76,4.0,No
345949.0,46.0,Female,30.0,30.0,3.0,11.0,Standard,Quarterly,976.45,1.0,No
396.0,59.0,Female,50.0,21.0,9.0,14.0,Premium,Monthly,142.0,4.0,Yes
424245.0,30.0,Male,34.0,17.0,1.0,8.0,Standard,Annual,655.99,9.0,No
364173.0,38.0,Female,40.0,9.0,0.0,6.0,Premium,Annual,622.37,10.0,No
310738.0,20.0,Female,28.0,29.0,1.0,3.0,Standard,Quarterly,909.82,11.0,No
254646.0,27.0,Male,6.0,18.0,8.0,7.0,Basic,Quarterly,598.02,26.0,Yes
387236.0,35.0,Male,36.0,26.0,2.0,1.0,Standard,Quarterly,689.76,23.0,No
406472.0,40.0,Male,55.0,1.0,1.0,16.0,Basic,Quarterly,819.84,2.0,No
66669.0,35.0,Male,55.0,14.0,10.0,26.0,Standard,Monthly,353.0,3.0,Yes
255342.0,47.0,Male,36.0,27.0,10.0,24.0,Basic,Annual,384.19,19.0,Yes
440694.0,19.0,Female,55.0,5.0,0.0,7.0,Premium,Quarterly,720.16,14.0,No
153743.0,38.0,Male,13.0,3.0,4.0,21.0,Standard,Monthly,305.0,14.0,Yes
147332.0,40.0,Male,25.0,16.0,2.0,29.0,Standard,Annual,959.0,10.0,Yes
437127.0,50.0,Male,44.0,5.0,1.0,0.0,Basic,Quarterly,504.05,6.0,No
71496.0,48.0,Male,21.0,14.0,10.0,29.0,Basic,Monthly,212.0,25.0,Yes
34044.0,20.0,Female,26.0,19.0,3.0,14.0,Standard,Quarterly,148.0,12.0,Yes
184097.0,37.0,Female,27.0,24.0,6.0,26.0,Premium,Monthly,112.0,6.0,Yes
432440.0,21.0,Female,55.0,24.0,2.0,20.0,Standard,Quarterly,651.41,1.0,No
15385.0,40.0,Male,11.0,2.0,7.0,27.0,Basic,Monthly,718.0,21.0,Yes
356434.0,50.0,Male,33.0,25.0,4.0,14.0,Premium,Annual,915.73,25.0,No
309113.0,44.0,Male,48.0,3.0,4.0,16.0,Premium,Quarterly,933.1,30.0,No
381546.0,31.0,Male,47.0,23.0,2.0,10.0,Premium,Annual,901.44,17.0,No
21811.0,52.0,Male,38.0,2.0,9.0,7.0,Premium,Annual,291.0,17.0,Yes
295733.0,45.0,Male,29.0,22.0,0.0,1.0,Premium,Annual,701.46,21.0,No
406782.0,39.0,Male,44.0,30.0,3.0,0.0,Basic,Quarterly,757.15,21.0,No
15953.0,23.0,Female,50.0,8.0,3.0,25.0,Basic,Quarterly,120.0,17.0,Yes
361554.0,47.0,Male,15.0,17.0,1.0,0.0,Standard,Annual,745.59,8.0,No
26499.0,64.0,Female,6.0,16.0,7.0,4.0,Basic,Annual,824.0,18.0,Yes
320311.0,37.0,Male,17.0,24.0,2.0,10.0,Basic,Annual,852.25,30.0,No
436255.0,49.0,Female,10.0,18.0,3.0,3.0,Basic,Quarterly,738.91,7.0,No
266686.0,40.0,Male,25.0,4.0,0.0,6.0,Standard,Annual,755.48,10.0,No
91486.0,45.0,Female,32.0,4.0,0.0,19.0,Standard,Monthly,194.0,5.0,Yes
418748.0,45.0,Female,12.0,19.0,2.0,4.0,Premium,Quarterly,727.45,8.0,No
282083.0,30.0,Male,19.0,25.0,2.0,1.0,Standard,Annual,995.02,3.0,No
202160.0,24.0,Female,5.0,5.0,9.0,9.0,Standard,Annual,364.0,13.0,Yes
101808.0,35.0,Female,14.0,30.0,9.0,18.0,Standard,Annual,942.0,23.0,Yes
149708.0,48.0,Male,29.0,1.0,5.0,8.0,Basic,Quarterly,483.0,18.0,Yes
420366.0,22.0,Female,48.0,20.0,2.0,12.0,Premium,Annual,808.0,11.0,No
423455.0,36.0,Male,44.0,24.0,1.0,12.0,Basic,Quarterly,554.47,22.0,No
155945.0,60.0,Male,14.0,12.0,5.0,9.0,Basic,Quarterly,616.0,18.0,Yes
371876.0,37.0,Female,47.0,28.0,1.0,16.0,Standard,Annual,514.79,2.0,No
282172.0,29.0,Male,40.0,2.0,1.0,14.0,Standard,Quarterly,720.26,25.0,No
11054.0,38.0,Male,15.0,6.0,4.0,28.0,Standard,Annual,259.0,10.0,Yes
148900.0,50.0,Female,5.0,1.0,4.0,25.0,Standard,Monthly,949.0,10.0,Yes
436301.0,40.0,Male,5.0,9.0,0.0,19.0,Standard,Quarterly,911.48,23.0,No
36944.0,49.0,Female,47.0,26.0,3.0,27.0,Basic,Monthly,512.0,23.0,Yes
86653.0,25.0,Male,5.0,1.0,3.0,0.0,Basic,Quarterly,364.0,17.0,Yes
18939.0,41.0,Female,42.0,28.0,2.0,27.0,Standard,Monthly,417.0,9.0,Yes
356984.0,28.0,Male,20.0,14.0,0.0,8.0,Premium,Quarterly,602.77,28.0,No
361968.0,46.0,Female,17.0,10.0,0.0,17.0,Basic,Annual,966.35,3.0,No
278807.0,32.0,Male,48.0,22.0,2.0,7.0,Standard,Annual,992.66,16.0,No
402158.0,25.0,Female,46.0,11.0,0.0,18.0,Standard,Annual,999.06,11.0,No
324034.0,21.0,Male,57.0,2.0,1.0,20.0,Premium,Annual,753.79,24.0,No
133966.0,49.0,Female,13.0,25.0,8.0,30.0,Basic,Quarterly,839.0,4.0,Yes
155710.0,28.0,Female,26.0,5.0,1.0,22.0,Standard,Annual,441.0,10.0,Yes
149366.0,63.0,Female,21.0,8.0,9.0,16.0,Premium,Quarterly,739.0,6.0,Yes
84329.0,24.0,Male,35.0,1.0,7.0,11.0,Standard,Monthly,177.0,17.0,Yes
397116.0,45.0,Female,16.0,27.0,4.0,12.0,Premium,Annual,802.89,5.0,No
381899.0,33.0,Male,51.0,1.0,3.0,20.0,Standard,Quarterly,774.66,7.0,No
288201.0,31.0,Female,34.0,16.0,3.0,13.0,Basic,Annual,949.71,10.0,No
87221.0,25.0,Male,48.0,29.0,7.0,21.0,Premium,Annual,863.0,24.0,Yes
392303.0,49.0,Male,6.0,20.0,0.0,6.0,Basic,Quarterly,540.14,6.0,No
183679.0,64.0,Female,29.0,18.0,3.0,8.0,Standard,Monthly,350.0,7.0,Yes
122329.0,28.0,Female,7.0,21.0,10.0,13.0,Basic,Quarterly,205.0,23.0,Yes
197742.0,48.0,Female,9.0,15.0,10.0,1.0,Basic,Annual,974.0,1.0,Yes
191267.0,54.0,Male,58.0,8.0,8.0,17.0,Standard,Annual,747.0,22.0,Yes
327488.0,36.0,Male,49.0,20.0,3.0,8.0,Basic,Annual,862.26,18.0,No
208737.0,37.0,Female,29.0,19.0,7.0,19.0,Premium,Annual,577.32,29.0,Yes
288134.0,44.0,Male,10.0,4.0,1.0,10.0,Basic,Annual,840.06,7.0,No
255932.0,48.0,Male,18.0,6.0,9.0,13.0,Premium,Annual,854.98,17.0,Yes
144197.0,27.0,Male,9.0,2.0,7.0,10.0,Premium,Quarterly,453.0,19.0,Yes
96294.0,26.0,Male,7.0,9.0,2.0,12.0,Basic,Annual,389.0,1.0,Yes
281121.0,40.0,Male,40.0,7.0,0.0,15.0,Standard,Quarterly,769.93,4.0,No
291014.0,19.0,Male,10.0,20.0,0.0,12.0,Standard,Quarterly,612.29,16.0,No
50246.0,63.0,Male,16.0,7.0,3.0,17.0,Standard,Annual,441.0,8.0,Yes
79902.0,44.0,Female,55.0,21.0,2.0,16.0,Standard,Monthly,114.0,25.0,Yes
431520.0,32.0,Male,4.0,11.0,3.0,11.0,Premium,Annual,558.39,19.0,No
404622.0,43.0,Female,23.0,11.0,0.0,12.0,Premium,Annual,867.64,4.0,No
220035.0,40.0,Male,18.0,11.0,10.0,12.0,Basic,Monthly,376.28,1.0,Yes
57442.0,24.0,Male,16.0,17.0,3.0,0.0,Basic,Quarterly,907.0,1.0,Yes
71745.0,34.0,Male,8.0,9.0,5.0,8.0,Standard,Annual,273.0,9.0,Yes
200007.0,51.0,Female,37.0,29.0,5.0,1.0,Basic,Monthly,513.0,25.0,Yes
430874.0,28.0,Male,48.0,24.0,1.0,6.0,Basic,Quarterly,774.65,25.0,No
107051.0,24.0,Female,43.0,1.0,10.0,2.0,Standard,Quarterly,433.0,26.0,Yes
49040.0,29.0,Male,35.0,9.0,9.0,17.0,Premium,Quarterly,490.0,25.0,Yes
62888.0,37.0,Female,18.0,27.0,3.0,6.0,Standard,Monthly,480.0,3.0,Yes
346978.0,25.0,Male,51.0,20.0,2.0,20.0,Basic,Annual,899.55,16.0,No
414685.0,25.0,Male,53.0,14.0,1.0,17.0,Premium,Annual,509.25,18.0,No
42677.0,52.0,Female,12.0,19.0,6.0,9.0,Standard,Quarterly,479.0,5.0,Yes
17102.0,42.0,Male,5.0,26.0,7.0,14.0,Premium,Monthly,369.0,12.0,Yes
227078.0,33.0,Female,42.0,15.0,8.0,9.0,Standard,Quarterly,826.26,3.0,Yes
236081.0,32.0,Male,8.0,5.0,5.0,5.0,Premium,Quarterly,960.92,23.0,Yes
432995.0,41.0,Male,25.0,10.0,2.0,13.0,Premium,Quarterly,667.7,9.0,No
143042.0,40.0,Female,54.0,27.0,8.0,13.0,Basic,Quarterly,771.0,26.0,Yes
389597.0,21.0,Male,23.0,18.0,0.0,15.0,Basic,Quarterly,583.01,13.0,No
182484.0,28.0,Male,60.0,1.0,5.0,7.0,Standard,Monthly,244.0,12.0,Yes
239626.0,22.0,Male,18.0,23.0,0.0,24.0,Basic,Monthly,355.04,15.0,Yes
133501.0,37.0,Male,39.0,14.0,1.0,16.0,Standard,Annual,174.0,6.0,Yes
287499.0,18.0,Male,34.0,15.0,1.0,12.0,Standard,Quarterly,620.11,29.0,No
369681.0,18.0,Male,51.0,19.0,0.0,10.0,Basic,Quarterly,573.55,28.0,No
354676.0,37.0,Female,37.0,15.0,3.0,19.0,Premium,Annual,642.03,11.0,No
331965.0,44.0,Male,10.0,20.0,1.0,6.0,Basic,Annual,780.61,24.0,No
385070.0,30.0,Female,28.0,22.0,0.0,9.0,Basic,Quarterly,756.39,1.0,No
180848.0,33.0,Female,56.0,11.0,0.0,5.0,Basic,Quarterly,119.0,22.0,Yes
444479.0,23.0,Male,46.0,7.0,0.0,17.0,Premium,Annual,818.2,11.0,No
69758.0,22.0,Male,4.0,21.0,3.0,23.0,Standard,Monthly,519.0,24.0,Yes
34300.0,44.0,Male,36.0,1.0,9.0,7.0,Standard,Quarterly,690.0,22.0,Yes
186010.0,28.0,Male,46.0,4.0,0.0,30.0,Basic,Monthly,739.0,14.0,Yes
427974.0,28.0,Male,33.0,21.0,1.0,18.0,Premium,Annual,639.19,12.0,No
164261.0,48.0,Female,4.0,17.0,4.0,21.0,Basic,Annual,420.0,5.0,Yes
16563.0,27.0,Male,2.0,19.0,7.0,28.0,Premium,Monthly,575.0,15.0,Yes
437477.0,47.0,Male,57.0,7.0,1.0,11.0,Standard,Annual,996.49,27.0,No
82034.0,41.0,Female,30.0,6.0,0.0,15.0,Basic,Quarterly,229.0,2.0,Yes
364741.0,28.0,Female,45.0,11.0,0.0,1.0,Premium,Annual,863.17,11.0,No
434165.0,19.0,Female,4.0,26.0,1.0,8.0,Premium,Annual,965.55,3.0,No
441963.0,24.0,Male,48.0,1.0,1.0,14.0,Basic,Quarterly,844.11,27.0,No
130301.0,26.0,Male,24.0,24.0,9.0,7.0,Basic,Quarterly,119.0,17.0,Yes
81983.0,64.0,Male,11.0,30.0,8.0,20.0,Basic,Monthly,592.0,19.0,Yes
409060.0,33.0,Male,36.0,1.0,0.0,16.0,Standard,Quarterly,727.66,11.0,No
423574.0,20.0,Male,53.0,4.0,1.0,20.0,Basic,Annual,621.57,10.0,No
246032.0,39.0,Female,29.0,14.0,2.0,27.0,Premium,Annual,609.45,27.0,Yes
118788.0,61.0,Male,50.0,25.0,10.0,0.0,Standard,Quarterly,769.0,13.0,Yes
236675.0,37.0,Male,27.0,4.0,0.0,15.0,Basic,Monthly,886.15,30.0,Yes
292088.0,43.0,Female,35.0,19.0,3.0,9.0,Basic,Quarterly,891.51,11.0,No
141382.0,48.0,Male,50.0,14.0,2.0,20.0,Premium,Quarterly,366.0,18.0,Yes
142344.0,41.0,Male,34.0,28.0,4.0,17.0,Basic,Monthly,389.0,12.0,Yes
157349.0,62.0,Female,37.0,27.0,6.0,21.0,Standard,Quarterly,968.0,7.0,Yes
345746.0,49.0,Male,16.0,21.0,0.0,6.0,Standard,Annual,700.13,12.0,No
55280.0,18.0,Male,35.0,24.0,3.0,25.0,Standard,Monthly,220.0,22.0,Yes
62799.0,37.0,Male,57.0,1.0,5.0,3.0,Premium,Quarterly,908.0,26.0,Yes
92520.0,22.0,Female,54.0,6.0,10.0,29.0,Basic,Annual,365.0,9.0,Yes
180825.0,25.0,Male,28.0,2.0,0.0,20.0,Premium,Quarterly,942.0,24.0,No
394962.0,36.0,Male,36.0,12.0,0.0,9.0,Premium,Annual,844.55,17.0,No
343382.0,18.0,Male,13.0,29.0,1.0,4.0,Standard,Quarterly,832.0,21.0,No
212106.0,22.0,Male,10.0,25.0,4.0,18.0,Premium,Monthly,235.74,1.0,Yes
274822.0,38.0,Male,16.0,18.0,2.0,10.0,Premium,Annual,966.18,14.0,No
398852.0,41.0,Female,44.0,28.0,2.0,13.0,Standard,Quarterly,612.11,4.0,No
170526.0,39.0,Female,50.0,21.0,6.0,30.0,Standard,Monthly,934.0,21.0,Yes
185155.0,33.0,Female,43.0,3.0,1.0,22.0,Basic,Monthly,329.0,19.0,Yes
244232.0,38.0,Male,4.0,26.0,8.0,4.0,Premium,Monthly,685.78,7.0,Yes
345294.0,21.0,Male,32.0,4.0,1.0,18.0,Basic,Quarterly,865.9,18.0,No
165393.0,22.0,Female,40.0,19.0,6.0,1.0,Standard,Quarterly,957.0,27.0,Yes
97017.0,47.0,Female,56.0,3.0,5.0,20.0,Standard,Quarterly,609.0,16.0,Yes
293774.0,18.0,Male,52.0,1.0,0.0,9.0,Premium,Annual,686.23,20.0,No
310000.0,19.0,Female,42.0,9.0,0.0,6.0,Premium,Quarterly,610.87,1.0,No
360981.0,20.0,Male,55.0,2.0,1.0,11.0,Basic,Quarterly,960.8,24.0,No
20033.0,32.0,Male,2.0,23.0,6.0,9.0,Basic,Monthly,796.0,24.0,Yes
141402.0,25.0,Female,58.0,7.0,4.0,14.0,Basic,Quarterly,115.0,5.0,Yes
62338.0,33.0,Female,55.0,15.0,4.0,6.0,Premium,Monthly,647.0,28.0,Yes
348355.0,30.0,Male,49.0,25.0,0.0,5.0,Standard,Quarterly,851.53,7.0,No
38487.0,52.0,Female,54.0,26.0,6.0,0.0,Standard,Quarterly,364.0,14.0,Yes
95309.0,19.0,Female,54.0,14.0,9.0,14.0,Premium,Monthly,238.0,20.0,Yes
98505.0,53.0,Male,55.0,2.0,5.0,27.0,Standard,Annual,533.0,6.0,Yes
305611.0,41.0,Male,10.0,28.0,2.0,19.0,Standard,Quarterly,866.71,29.0,No
296221.0,49.0,Male,4.0,21.0,0.0,7.0,Standard,Annual,864.73,15.0,No
361864.0,34.0,Male,32.0,25.0,3.0,20.0,Standard,Quarterly,739.74,12.0,No
13851.0,56.0,Male,60.0,21.0,3.0,30.0,Standard,Monthly,891.0,11.0,Yes
14718.0,38.0,Male,53.0,21.0,10.0,27.0,Basic,Quarterly,490.0,5.0,Yes
359240.0,40.0,Male,52.0,5.0,2.0,17.0,Basic,Quarterly,952.35,25.0,No
231301.0,40.0,Male,42.0,1.0,8.0,2.0,Standard,Quarterly,397.03,13.0,Yes
439842.0,43.0,Female,11.0,10.0,2.0,6.0,Premium,Annual,901.31,14.0,No
67724.0,40.0,Female,33.0,1.0,3.0,4.0,Basic,Quarterly,983.0,19.0,Yes
113618.0,38.0,Female,38.0,24.0,5.0,0.0,Standard,Quarterly,129.0,16.0,Yes
311601.0,26.0,Male,2.0,25.0,1.0,4.0,Premium,Annual,890.16,24.0,No
220410.0,34.0,Male,13.0,15.0,5.0,4.0,Basic,Monthly,217.08,29.0,Yes
247274.0,25.0,Female,17.0,26.0,7.0,3.0,Standard,Monthly,941.7,10.0,Yes
375273.0,44.0,Male,22.0,20.0,3.0,16.0,Standard,Annual,900.88,4.0,No
410892.0,48.0,Male,53.0,8.0,0.0,18.0,Standard,Annual,906.93,15.0,No
171640.0,48.0,Female,16.0,29.0,5.0,30.0,Premium,Quarterly,472.0,4.0,Yes
431183.0,43.0,Female,42.0,24.0,1.0,8.0,Standard,Annual,855.02,10.0,No
138402.0,42.0,Female,21.0,6.0,3.0,15.0,Basic,Monthly,118.0,14.0,Yes
166485.0,30.0,Female,41.0,13.0,9.0,17.0,Standard,Quarterly,702.0,1.0,Yes
57450.0,25.0,Male,10.0,10.0,5.0,30.0,Basic,Quarterly,368.0,9.0,Yes
287211.0,26.0,Male,28.0,1.0,0.0,15.0,Basic,Quarterly,788.75,3.0,No
438610.0,36.0,Male,27.0,2.0,1.0,7.0,Basic,Annual,828.92,26.0,No
201926.0,31.0,Female,46.0,4.0,0.0,23.0,Standard,Monthly,442.0,26.0,Yes
438517.0,36.0,Male,55.0,18.0,2.0,1.0,Premium,Annual,832.71,17.0,No
1781.0,49.0,Male,39.0,13.0,10.0,20.0,Basic,Annual,869.0,3.0,Yes
35680.0,23.0,Female,40.0,25.0,6.0,10.0,Standard,Quarterly,615.0,23.0,Yes
431935.0,31.0,Male,46.0,17.0,2.0,15.0,Standard,Quarterly,672.78,21.0,No
377858.0,20.0,Male,28.0,28.0,2.0,0.0,Premium,Annual,522.36,5.0,No
402447.0,49.0,Female,45.0,9.0,3.0,5.0,Basic,Quarterly,666.39,9.0,No
288431.0,37.0,Male,56.0,29.0,1.0,16.0,Basic,Annual,699.44,16.0,No
59487.0,18.0,Female,12.0,12.0,8.0,25.0,Standard,Monthly,496.0,27.0,Yes
46966.0,48.0,Female,25.0,28.0,0.0,30.0,Basic,Quarterly,997.0,25.0,Yes
142229.0,58.0,Female,41.0,6.0,2.0,1.0,Standard,Annual,336.0,25.0,Yes
63743.0,33.0,Male,51.0,13.0,9.0,15.0,Premium,Monthly,788.0,29.0,Yes
82653.0,49.0,Female,37.0,21.0,6.0,7.0,Premium,Quarterly,414.0,19.0,Yes
395743.0,27.0,Female,4.0,19.0,2.0,18.0,Standard,Quarterly,936.09,6.0,No
259517.0,49.0,Male,46.0,18.0,9.0,25.0,Standard,Quarterly,925.45,4.0,Yes
324064.0,29.0,Male,12.0,29.0,0.0,19.0,Standard,Annual,601.68,10.0,No
92073.0,65.0,Male,34.0,29.0,6.0,6.0,Basic,Annual,257.0,23.0,Yes
72978.0,21.0,Female,8.0,27.0,7.0,5.0,Standard,Annual,814.0,7.0,Yes
10373.0,20.0,Female,9.0,15.0,6.0,19.0,Basic,Monthly,531.0,23.0,Yes
398408.0,46.0,Male,16.0,16.0,1.0,5.0,Premium,Annual,977.44,23.0,No
446590.0,21.0,Male,18.0,14.0,2.0,20.0,Basic,Quarterly,571.46,8.0,No
220558.0,18.0,Male,59.0,16.0,4.0,13.0,Premium,Quarterly,939.1,17.0,Yes
424479.0,46.0,Female,10.0,8.0,1.0,9.0,Standard,Quarterly,672.46,15.0,No
225024.0,25.0,Female,22.0,9.0,10.0,14.0,Premium,Annual,605.15,16.0,Yes
120789.0,49.0,Female,15.0,6.0,6.0,25.0,Basic,Annual,870.0,6.0,Yes
319387.0,44.0,Male,26.0,28.0,0.0,4.0,Premium,Quarterly,903.03,7.0,No
357979.0,42.0,Female,26.0,30.0,3.0,4.0,Premium,Quarterly,739.61,12.0,No
103515.0,51.0,Male,25.0,26.0,0.0,22.0,Basic,Annual,299.0,25.0,Yes
210719.0,56.0,Male,49.0,11.0,6.0,14.0,Basic,Annual,832.72,29.0,Yes
401570.0,38.0,Male,13.0,22.0,1.0,12.0,Standard,Annual,791.88,25.0,No
403982.0,49.0,Male,42.0,8.0,1.0,0.0,Premium,Annual,652.84,17.0,No
327391.0,49.0,Male,32.0,23.0,2.0,3.0,Standard,Annual,779.07,23.0,No
428982.0,22.0,Male,25.0,2.0,0.0,19.0,Standard,Quarterly,672.93,6.0,No
300154.0,36.0,Male,45.0,21.0,3.0,2.0,Basic,Quarterly,500.79,18.0,No
137747.0,47.0,Female,2.0,9.0,8.0,13.0,Standard,Monthly,663.0,10.0,Yes
148249.0,29.0,Male,58.0,16.0,7.0,22.0,Premium,Annual,241.0,21.0,Yes
102770.0,58.0,Male,36.0,18.0,3.0,4.0,Basic,Annual,268.0,16.0,Yes
278086.0,37.0,Male,48.0,4.0,0.0,8.0,Premium,Annual,502.13,16.0,No
45035.0,18.0,Male,20.0,17.0,10.0,9.0,Premium,Annual,536.0,12.0,Yes
359541.0,32.0,Male,32.0,16.0,2.0,6.0,Standard,Quarterly,851.2,20.0,No
175898.0,54.0,Male,57.0,13.0,9.0,2.0,Basic,Annual,502.0,29.0,Yes
214242.0,60.0,Male,30.0,24.0,3.0,13.0,Basic,Monthly,346.06,10.0,Yes
371018.0,31.0,Male,42.0,8.0,0.0,17.0,Premium,Quarterly,747.48,21.0,No
439029.0,37.0,Male,40.0,29.0,2.0,1.0,Standard,Quarterly,589.02,2.0,No
14988.0,44.0,Female,23.0,7.0,3.0,16.0,Basic,Annual,947.0,22.0,Yes
88746.0,37.0,Female,57.0,20.0,10.0,21.0,Standard,Quarterly,160.0,7.0,Yes
189166.0,63.0,Female,52.0,16.0,2.0,30.0,Basic,Quarterly,168.0,1.0,Yes
404801.0,31.0,Male,14.0,23.0,1.0,1.0,Standard,Quarterly,640.48,11.0,No
223452.0,43.0,Female,18.0,15.0,5.0,6.0,Premium,Quarterly,625.78,26.0,Yes
213526.0,36.0,Male,4.0,11.0,6.0,2.0,Basic,Annual,859.46,24.0,Yes
321935.0,22.0,Male,20.0,22.0,0.0,5.0,Basic,Quarterly,944.7,17.0,No
13583.0,44.0,Female,11.0,14.0,0.0,19.0,Basic,Quarterly,918.0,3.0,No
40501.0,45.0,Male,51.0,14.0,1.0,0.0,Premium,Quarterly,498.0,2.0,Yes
188765.0,29.0,Male,60.0,8.0,0.0,6.0,Premium,Quarterly,399.0,10.0,Yes
322878.0,42.0,Male,30.0,9.0,2.0,4.0,Basic,Quarterly,707.64,25.0,No
243965.0,36.0,Female,53.0,8.0,9.0,25.0,Standard,Annual,365.03,12.0,Yes
28429.0,20.0,Female,45.0,1.0,2.0,29.0,Basic,Annual,855.0,26.0,Yes
182822.0,40.0,Female,23.0,10.0,2.0,15.0,Basic,Monthly,853.0,23.0,Yes
106168.0,63.0,Female,4.0,13.0,9.0,19.0,Basic,Monthly,932.0,23.0,Yes
275841.0,48.0,Female,8.0,4.0,0.0,11.0,Standard,Annual,663.29,7.0,No
47108.0,55.0,Male,40.0,29.0,10.0,24.0,Premium,Annual,482.0,3.0,Yes
112548.0,46.0,Male,20.0,17.0,10.0,21.0,Standard,Quarterly,326.0,19.0,Yes
259360.0,22.0,Male,50.0,7.0,4.0,3.0,Basic,Annual,345.81,4.0,Yes
192886.0,49.0,Male,2.0,1.0,2.0,26.0,Standard,Monthly,428.0,1.0,Yes
31392.0,31.0,Female,51.0,17.0,1.0,12.0,Basic,Annual,830.0,30.0,Yes
222546.0,19.0,Female,20.0,23.0,4.0,27.0,Standard,Annual,914.42,11.0,Yes
404300.0,48.0,Female,2.0,18.0,4.0,20.0,Premium,Annual,642.61,5.0,No
70951.0,19.0,Female,59.0,17.0,7.0,20.0,Basic,Quarterly,600.0,17.0,Yes
40125.0,33.0,Male,27.0,12.0,8.0,9.0,Premium,Quarterly,918.0,13.0,Yes
312793.0,30.0,Female,30.0,27.0,2.0,1.0,Standard,Annual,733.98,11.0,No
86805.0,50.0,Female,36.0,10.0,8.0,10.0,Basic,Annual,134.0,28.0,Yes
264783.0,47.0,Female,29.0,25.0,3.0,7.0,Basic,Quarterly,979.0,11.0,No
193137.0,46.0,Male,27.0,2.0,6.0,11.0,Basic,Quarterly,726.0,10.0,Yes
189292.0,31.0,Male,28.0,9.0,9.0,20.0,Basic,Annual,833.0,5.0,Yes
67013.0,30.0,Male,60.0,1.0,10.0,6.0,Standard,Quarterly,757.0,25.0,Yes
439869.0,29.0,Female,51.0,10.0,2.0,15.0,Premium,Annual,905.11,12.0,No
173158.0,18.0,Female,35.0,18.0,5.0,28.0,Standard,Monthly,429.0,16.0,Yes
444105.0,30.0,Male,47.0,7.0,1.0,13.0,Basic,Quarterly,777.63,28.0,No
212156.0,27.0,Female,60.0,22.0,0.0,29.0,Premium,Monthly,600.1,28.0,Yes
157255.0,20.0,Male,1.0,13.0,4.0,14.0,Premium,Quarterly,126.0,12.0,Yes
411504.0,38.0,Male,15.0,20.0,2.0,6.0,Basic,Annual,864.37,16.0,No
148617.0,59.0,Male,41.0,15.0,8.0,14.0,Premium,Quarterly,197.0,8.0,Yes
123415.0,34.0,Male,53.0,27.0,10.0,15.0,Basic,Annual,667.0,21.0,Yes
336389.0,50.0,Female,31.0,17.0,1.0,2.0,Premium,Annual,595.75,11.0,No
403819.0,22.0,Male,7.0,26.0,1.0,9.0,Basic,Quarterly,973.14,10.0,No
15798.0,52.0,Female,15.0,5.0,7.0,4.0,Premium,Monthly,185.0,25.0,Yes
175336.0,49.0,Female,11.0,3.0,4.0,29.0,Premium,Monthly,779.0,20.0,Yes
416304.0,38.0,Male,27.0,4.0,1.0,11.0,Premium,Annual,946.49,9.0,No
289449.0,45.0,Male,38.0,5.0,4.0,11.0,Premium,Annual,543.07,16.0,No
39966.0,19.0,Female,26.0,15.0,4.0,30.0,Premium,Annual,185.0,10.0,Yes
417064.0,29.0,Female,4.0,17.0,0.0,1.0,Premium,Annual,564.45,9.0,No
320904.0,42.0,Male,41.0,6.0,3.0,14.0,Premium,Quarterly,650.41,17.0,No
15797.0,32.0,Male,26.0,8.0,9.0,8.0,Premium,Quarterly,349.0,15.0,Yes
302482.0,46.0,Male,16.0,10.0,2.0,10.0,Basic,Quarterly,940.03,1.0,No
215962.0,22.0,Female,45.0,14.0,5.0,15.0,Standard,Quarterly,109.95,13.0,Yes
409344.0,34.0,Male,54.0,15.0,3.0,1.0,Standard,Quarterly,796.08,16.0,No
172612.0,46.0,Male,24.0,7.0,9.0,15.0,Standard,Monthly,753.0,7.0,Yes
148738.0,50.0,Male,50.0,14.0,3.0,7.0,Basic,Quarterly,757.0,8.0,No
421319.0,42.0,Male,56.0,3.0,2.0,14.0,Basic,Annual,811.19,16.0,No
220393.0,56.0,Female,11.0,6.0,6.0,8.0,Basic,Annual,462.21,9.0,Yes
381694.0,34.0,Female,38.0,21.0,2.0,12.0,Basic,Annual,843.51,11.0,No
341591.0,31.0,Female,52.0,4.0,1.0,4.0,Standard,Annual,560.65,1.0,No
385857.0,33.0,Male,55.0,25.0,1.0,11.0,Premium,Annual,544.01,1.0,No
279841.0,38.0,Male,15.0,24.0,3.0,13.0,Basic,Annual,792.84,18.0,No
197260.0,59.0,Female,22.0,24.0,9.0,27.0,Standard,Annual,146.0,18.0,Yes
380838.0,40.0,Male,23.0,10.0,0.0,14.0,Basic,Quarterly,917.8,25.0,No
151129.0,27.0,Female,1.0,18.0,4.0,6.0,Basic,Quarterly,206.0,25.0,Yes
108511.0,37.0,Female,36.0,25.0,7.0,7.0,Premium,Monthly,787.0,16.0,Yes
16598.0,48.0,Male,19.0,27.0,0.0,2.0,Standard,Annual,848.0,15.0,No
89016.0,43.0,Male,44.0,17.0,0.0,29.0,Basic,Annual,448.0,24.0,Yes
81323.0,28.0,Male,39.0,14.0,2.0,3.0,Basic,Quarterly,174.0,18.0,Yes
67880.0,20.0,Male,46.0,10.0,3.0,15.0,Premium,Monthly,729.0,17.0,Yes
33304.0,26.0,Male,27.0,14.0,7.0,3.0,Basic,Annual,324.0,20.0,Yes
423318.0,50.0,Female,39.0,30.0,0.0,9.0,Basic,Annual,661.27,15.0,No
215476.0,37.0,Male,10.0,8.0,2.0,5.0,Standard,Annual,250.76,16.0,Yes
395320.0,20.0,Male,39.0,28.0,2.0,16.0,Standard,Quarterly,630.84,1.0,No
147175.0,56.0,Female,41.0,18.0,9.0,28.0,Basic,Monthly,654.0,10.0,Yes
13052.0,40.0,Female,31.0,26.0,7.0,5.0,Standard,Annual,818.0,27.0,Yes
293461.0,45.0,Female,26.0,9.0,4.0,20.0,Standard,Quarterly,914.34,2.0,No
440600.0,30.0,Female,34.0,25.0,3.0,11.0,Standard,Quarterly,651.19,5.0,No
371350.0,24.0,Female,12.0,10.0,0.0,3.0,Premium,Annual,799.38,13.0,No
53032.0,29.0,Female,17.0,12.0,6.0,14.0,Basic,Monthly,845.0,10.0,Yes
311830.0,41.0,Male,7.0,18.0,0.0,1.0,Standard,Quarterly,851.93,29.0,No
119742.0,27.0,Female,4.0,25.0,5.0,18.0,Basic,Monthly,284.0,9.0,Yes
197142.0,37.0,Male,2.0,12.0,8.0,30.0,Premium,Quarterly,365.0,6.0,Yes
59768.0,53.0,Male,39.0,18.0,8.0,25.0,Premium,Annual,702.0,6.0,Yes
303291.0,50.0,Male,35.0,19.0,0.0,9.0,Premium,Quarterly,982.52,6.0,No
318387.0,30.0,Male,43.0,10.0,2.0,19.0,Basic,Annual,583.69,21.0,No
373749.0,36.0,Male,7.0,14.0,1.0,13.0,Standard,Annual,657.18,21.0,No
339523.0,18.0,Female,56.0,28.0,0.0,12.0,Basic,Annual,734.48,3.0,No
221574.0,61.0,Male,46.0,2.0,1.0,4.0,Basic,Quarterly,801.06,18.0,Yes
1806.0,39.0,Male,50.0,15.0,6.0,24.0,Premium,Annual,714.0,12.0,Yes
147477.0,50.0,Male,1.0,22.0,1.0,6.0,Premium,Monthly,430.0,20.0,Yes
69092.0,48.0,Female,28.0,11.0,9.0,7.0,Basic,Quarterly,864.0,22.0,Yes
114973.0,57.0,Female,3.0,14.0,7.0,16.0,Standard,Monthly,255.0,28.0,Yes
252667.0,41.0,Female,3.0,2.0,8.0,12.0,Premium,Annual,130.3,15.0,Yes
64284.0,54.0,Female,14.0,15.0,8.0,11.0,Basic,Annual,929.0,7.0,Yes
411908.0,23.0,Female,35.0,7.0,1.0,0.0,Premium,Annual,516.63,5.0,No
67850.0,35.0,Female,45.0,1.0,4.0,5.0,Basic,Annual,413.0,9.0,Yes
320546.0,37.0,Male,54.0,18.0,3.0,11.0,Premium,Quarterly,637.94,16.0,No
286832.0,34.0,Male,21.0,22.0,0.0,5.0,Standard,Quarterly,873.54,19.0,No
59246.0,23.0,Male,25.0,27.0,10.0,27.0,Standard,Annual,765.0,20.0,Yes
57714.0,42.0,Female,12.0,30.0,8.0,20.0,Standard,Annual,380.0,1.0,Yes
245980.0,49.0,Male,42.0,5.0,0.0,15.0,Basic,Monthly,833.1,21.0,Yes
34633.0,52.0,Female,57.0,1.0,0.0,21.0,Basic,Monthly,650.0,18.0,Yes
151724.0,18.0,Male,42.0,10.0,4.0,20.0,Standard,Monthly,577.0,22.0,Yes
184874.0,44.0,Female,21.0,3.0,10.0,19.0,Standard,Annual,117.0,19.0,Yes
130694.0,61.0,Male,19.0,30.0,5.0,15.0,Premium,Monthly,376.0,13.0,Yes
83877.0,52.0,Female,30.0,22.0,3.0,26.0,Premium,Annual,364.0,9.0,Yes
296954.0,36.0,Male,38.0,2.0,1.0,12.0,Standard,Quarterly,674.85,12.0,No
388152.0,29.0,Female,33.0,2.0,0.0,9.0,Basic,Quarterly,920.59,1.0,No
286130.0,26.0,Female,41.0,7.0,1.0,9.0,Basic,Quarterly,749.63,13.0,No
396329.0,24.0,Male,60.0,14.0,2.0,18.0,Standard,Annual,768.25,10.0,No
165023.0,56.0,Male,37.0,10.0,6.0,29.0,Basic,Quarterly,438.0,22.0,Yes
185253.0,37.0,Male,13.0,19.0,5.0,24.0,Premium,Monthly,936.0,8.0,Yes
209859.0,29.0,Male,20.0,6.0,6.0,26.0,Standard,Monthly,855.26,7.0,Yes
52583.0,54.0,Female,24.0,6.0,0.0,0.0,Premium,Quarterly,935.0,11.0,Yes
73959.0,46.0,Female,20.0,29.0,9.0,13.0,Premium,Monthly,279.0,23.0,Yes
165606.0,39.0,Male,26.0,22.0,7.0,16.0,Premium,Quarterly,248.0,7.0,Yes
256771.0,43.0,Male,16.0,25.0,6.0,5.0,Standard,Quarterly,736.92,12.0,Yes
93518.0,39.0,Female,22.0,3.0,6.0,9.0,Premium,Annual,145.0,19.0,Yes
383104.0,27.0,Female,29.0,27.0,2.0,10.0,Premium,Quarterly,984.8,8.0,No
352621.0,19.0,Male,31.0,12.0,0.0,12.0,Basic,Annual,885.8,6.0,No
324553.0,26.0,Female,26.0,29.0,0.0,5.0,Standard,Annual,988.99,6.0,No
49593.0,35.0,Female,5.0,16.0,0.0,4.0,Standard,Quarterly,129.0,28.0,Yes
278412.0,45.0,Female,59.0,23.0,4.0,9.0,Standard,Annual,851.78,7.0,No
366439.0,29.0,Female,43.0,3.0,2.0,13.0,Basic,Quarterly,629.23,3.0,No
209944.0,57.0,Male,55.0,26.0,4.0,16.0,Basic,Quarterly,580.48,18.0,Yes
10890.0,31.0,Male,9.0,24.0,1.0,29.0,Basic,Monthly,886.0,16.0,Yes
52321.0,18.0,Female,17.0,1.0,10.0,27.0,Standard,Monthly,500.0,10.0,Yes
398343.0,40.0,Male,11.0,11.0,4.0,9.0,Premium,Annual,774.09,29.0,No
361977.0,50.0,Female,29.0,15.0,5.0,18.0,Basic,Annual,820.14,12.0,No
172448.0,27.0,Female,38.0,5.0,2.0,5.0,Premium,Annual,463.0,28.0,Yes
304764.0,45.0,Male,35.0,23.0,1.0,19.0,Premium,Annual,580.5,25.0,No
126893.0,61.0,Male,28.0,6.0,4.0,9.0,Premium,Annual,910.0,17.0,Yes
403325.0,38.0,Female,54.0,6.0,1.0,8.0,Standard,Annual,684.48,10.0,No
408988.0,18.0,Male,55.0,18.0,0.0,11.0,Premium,Annual,700.73,30.0,No
246814.0,63.0,Female,32.0,25.0,1.0,0.0,Basic,Annual,436.55,14.0,Yes
71640.0,65.0,Male,21.0,6.0,8.0,25.0,Premium,Quarterly,395.0,23.0,Yes
87568.0,41.0,Female,53.0,8.0,7.0,21.0,Premium,Monthly,805.0,16.0,Yes
245362.0,41.0,Female,15.0,2.0,1.0,23.0,Standard,Annual,948.89,20.0,Yes
261753.0,29.0,Male,49.0,22.0,0.0,16.0,Basic,Quarterly,500.93,30.0,No
138549.0,30.0,Female,31.0,28.0,1.0,16.0,Premium,Monthly,820.0,25.0,Yes
430137.0,27.0,Male,2.0,5.0,2.0,2.0,Standard,Annual,781.64,29.0,No
223750.0,51.0,Female,11.0,23.0,1.0,18.0,Premium,Annual,786.61,29.0,Yes
195639.0,36.0,Female,23.0,24.0,0.0,10.0,Premium,Annual,413.0,2.0,Yes
203852.0,33.0,Male,60.0,23.0,9.0,13.0,Basic,Annual,529.0,27.0,Yes
74346.0,64.0,Male,34.0,19.0,2.0,15.0,Basic,Monthly,521.0,18.0,Yes
122806.0,24.0,Male,45.0,7.0,8.0,13.0,Standard,Quarterly,991.0,16.0,Yes
210707.0,40.0,Female,45.0,26.0,4.0,27.0,Basic,Annual,102.56,13.0,Yes
120949.0,61.0,Female,18.0,11.0,2.0,18.0,Basic,Monthly,302.0,18.0,Yes
335402.0,46.0,Female,7.0,1.0,3.0,3.0,Basic,Annual,877.74,4.0,No
264302.0,33.0,Male,47.0,26.0,0.0,19.0,Standard,Quarterly,588.11,28.0,No
157066.0,46.0,Male,24.0,13.0,9.0,23.0,Premium,Annual,155.0,23.0,Yes
416932.0,24.0,Male,25.0,16.0,0.0,9.0,Premium,Annual,642.73,5.0,No
4698.0,47.0,Male,48.0,13.0,5.0,0.0,Basic,Quarterly,226.0,17.0,Yes
420571.0,50.0,Male,41.0,15.0,2.0,2.0,Basic,Annual,933.24,2.0,No
384610.0,38.0,Male,35.0,9.0,2.0,11.0,Premium,Quarterly,698.09,27.0,No
22373.0,49.0,Male,38.0,15.0,3.0,1.0,Standard,Annual,817.0,28.0,No
360757.0,45.0,Female,32.0,28.0,3.0,14.0,Basic,Quarterly,985.3,9.0,No
213535.0,37.0,Male,4.0,27.0,9.0,21.0,Standard,Quarterly,656.66,24.0,Yes
350230.0,24.0,Male,12.0,19.0,0.0,11.0,Premium,Quarterly,813.77,27.0,No
164005.0,50.0,Female,43.0,28.0,2.0,9.0,Premium,Annual,364.0,8.0,Yes
194835.0,30.0,Male,38.0,2.0,1.0,10.0,Basic,Quarterly,622.0,25.0,No
176730.0,41.0,Female,30.0,27.0,7.0,11.0,Basic,Monthly,202.0,10.0,Yes
257911.0,53.0,Female,3.0,4.0,1.0,30.0,Premium,Monthly,986.91,27.0,Yes
102405.0,65.0,Male,9.0,8.0,1.0,6.0,Standard,Quarterly,765.0,6.0,Yes
152391.0,47.0,Male,31.0,2.0,7.0,30.0,Premium,Annual,290.0,30.0,Yes
32568.0,53.0,Female,10.0,6.0,0.0,7.0,Premium,Annual,726.0,11.0,Yes
444210.0,40.0,Female,4.0,12.0,4.0,8.0,Premium,Annual,598.92,9.0,No
140018.0,64.0,Male,51.0,19.0,10.0,29.0,Basic,Monthly,344.0,30.0,Yes
282753.0,24.0,Female,35.0,8.0,2.0,16.0,Standard,Quarterly,567.24,13.0,No
226601.0,60.0,Male,45.0,29.0,6.0,0.0,Premium,Quarterly,862.71,20.0,Yes
69769.0,60.0,Male,57.0,30.0,9.0,18.0,Basic,Quarterly,160.0,10.0,Yes
433086.0,34.0,Female,37.0,1.0,1.0,17.0,Basic,Annual,675.66,10.0,No
53548.0,21.0,Male,36.0,8.0,8.0,3.0,Standard,Quarterly,566.0,26.0,Yes
112559.0,40.0,Female,49.0,15.0,9.0,1.0,Premium,Quarterly,626.0,22.0,Yes
214952.0,51.0,Female,30.0,20.0,8.0,8.0,Standard,Monthly,858.9,15.0,Yes
6766.0,37.0,Male,41.0,8.0,4.0,7.0,Standard,Monthly,994.0,23.0,Yes
126587.0,50.0,Male,30.0,28.0,2.0,16.0,Basic,Quarterly,338.0,15.0,Yes
75354.0,20.0,Male,42.0,2.0,2.0,18.0,Standard,Quarterly,315.0,9.0,Yes
264868.0,42.0,Male,57.0,2.0,1.0,4.0,Standard,Annual,910.33,12.0,No
206002.0,31.0,Female,30.0,20.0,5.0,1.0,Premium,Quarterly,874.73,13.0,Yes
374669.0,48.0,Male,5.0,23.0,4.0,20.0,Premium,Annual,957.36,2.0,No
244962.0,28.0,Male,20.0,27.0,0.0,10.0,Standard,Monthly,973.1,1.0,Yes
352419.0,41.0,Male,11.0,23.0,1.0,15.0,Premium,Quarterly,955.18,10.0,No
328821.0,47.0,Male,12.0,10.0,3.0,5.0,Standard,Annual,617.42,23.0,No
354470.0,48.0,Female,34.0,17.0,2.0,15.0,Basic,Annual,861.94,14.0,No
3021.0,46.0,Female,35.0,5.0,1.0,12.0,Standard,Quarterly,963.0,2.0,No
420346.0,28.0,Female,53.0,19.0,0.0,17.0,Premium,Quarterly,877.78,2.0,No
227755.0,21.0,Male,41.0,10.0,5.0,3.0,Premium,Monthly,827.82,14.0,Yes
60701.0,29.0,Female,44.0,13.0,5.0,1.0,Standard,Annual,668.0,29.0,Yes
444701.0,18.0,Male,23.0,11.0,1.0,19.0,Standard,Annual,640.14,19.0,No
260921.0,46.0,Female,41.0,6.0,3.0,18.0,Basic,Annual,831.41,2.0,No
444827.0,46.0,Male,46.0,21.0,2.0,0.0,Standard,Annual,911.1,7.0,No
425602.0,42.0,Male,31.0,8.0,2.0,14.0,Standard,Quarterly,936.75,9.0,No
135274.0,33.0,Female,35.0,21.0,4.0,1.0,Premium,Annual,853.0,16.0,Yes
342335.0,34.0,Male,38.0,14.0,1.0,20.0,Standard,Annual,812.98,11.0,No
446967.0,33.0,Male,54.0,21.0,0.0,5.0,Premium,Quarterly,944.92,5.0,No
187016.0,53.0,Male,19.0,24.0,0.0,14.0,Premium,Annual,436.0,25.0,Yes
444988.0,48.0,Male,45.0,19.0,4.0,5.0,Standard,Quarterly,529.75,16.0,No
253506.0,37.0,Female,21.0,19.0,6.0,22.0,Standard,Annual,136.02,19.0,Yes
367539.0,45.0,Male,49.0,30.0,0.0,14.0,Basic,Quarterly,766.32,9.0,No
426476.0,30.0,Female,9.0,7.0,0.0,20.0,Basic,Annual,841.22,3.0,No
7767.0,30.0,Male,43.0,19.0,8.0,23.0,Premium,Monthly,876.0,17.0,Yes
288847.0,20.0,Male,19.0,13.0,2.0,1.0,Basic,Quarterly,732.01,3.0,No
30257.0,64.0,Male,41.0,15.0,4.0,20.0,Basic,Monthly,834.0,22.0,Yes
182478.0,39.0,Female,20.0,18.0,3.0,24.0,Standard,Monthly,831.0,8.0,Yes
392727.0,28.0,Male,36.0,22.0,1.0,12.0,Standard,Quarterly,859.81,25.0,No
41782.0,26.0,Female,22.0,8.0,9.0,22.0,Basic,Annual,820.0,5.0,Yes
97980.0,22.0,Female,22.0,13.0,6.0,21.0,Standard,Monthly,812.0,6.0,Yes
338238.0,23.0,Male,21.0,20.0,1.0,14.0,Premium,Quarterly,979.33,30.0,No
45671.0,53.0,Female,50.0,23.0,10.0,26.0,Standard,Monthly,125.0,6.0,Yes
11683.0,23.0,Female,44.0,5.0,0.0,20.0,Standard,Annual,446.0,18.0,Yes
354924.0,50.0,Male,53.0,13.0,3.0,15.0,Standard,Quarterly,907.42,30.0,No
100690.0,57.0,Female,13.0,21.0,2.0,25.0,Basic,Annual,661.0,2.0,Yes
67738.0,59.0,Female,45.0,1.0,1.0,15.0,Premium,Monthly,133.0,2.0,Yes
18323.0,34.0,Male,11.0,15.0,5.0,15.0,Standard,Monthly,996.0,26.0,Yes
365596.0,34.0,Male,1.0,8.0,1.0,7.0,Premium,Quarterly,547.56,28.0,No
294339.0,39.0,Male,34.0,12.0,0.0,15.0,Basic,Quarterly,841.81,7.0,No
391698.0,32.0,Male,55.0,29.0,1.0,8.0,Standard,Quarterly,862.55,19.0,No
188904.0,42.0,Female,21.0,3.0,4.0,4.0,Standard,Annual,890.0,22.0,Yes
173666.0,26.0,Female,43.0,26.0,4.0,13.0,Premium,Annual,668.0,23.0,Yes
235877.0,30.0,Female,48.0,7.0,0.0,3.0,Premium,Monthly,537.61,13.0,Yes
168894.0,55.0,Male,44.0,14.0,6.0,3.0,Premium,Annual,402.0,5.0,Yes
206178.0,38.0,Male,8.0,8.0,8.0,23.0,Basic,Monthly,841.02,20.0,Yes
262773.0,33.0,Male,42.0,1.0,1.0,7.0,Standard,Quarterly,762.02,19.0,No
110037.0,19.0,Female,43.0,27.0,6.0,21.0,Standard,Quarterly,667.0,30.0,Yes
158705.0,46.0,Female,11.0,1.0,6.0,30.0,Basic,Annual,361.0,5.0,Yes
141734.0,45.0,Female,28.0,13.0,5.0,13.0,Basic,Monthly,459.0,2.0,Yes
197871.0,21.0,Male,6.0,4.0,1.0,11.0,Basic,Annual,770.0,5.0,No
241362.0,40.0,Female,60.0,1.0,9.0,5.0,Premium,Monthly,540.82,23.0,Yes
18049.0,49.0,Female,38.0,8.0,1.0,23.0,Premium,Annual,937.0,4.0,Yes
249833.0,23.0,Male,43.0,20.0,7.0,1.0,Basic,Quarterly,395.55,4.0,Yes
272332.0,38.0,Male,8.0,28.0,2.0,12.0,Standard,Quarterly,585.92,19.0,No
81089.0,32.0,Male,30.0,17.0,0.0,14.0,Standard,Monthly,492.0,14.0,Yes
356976.0,40.0,Male,48.0,1.0,0.0,13.0,Premium,Quarterly,897.19,18.0,No
74071.0,32.0,Male,52.0,3.0,8.0,23.0,Premium,Annual,861.0,5.0,Yes
391598.0,22.0,Female,59.0,19.0,2.0,13.0,Premium,Annual,700.24,1.0,No
128625.0,64.0,Female,7.0,24.0,0.0,30.0,Standard,Annual,218.0,7.0,Yes
372354.0,27.0,Male,30.0,6.0,2.0,10.0,Basic,Annual,792.66,27.0,No
397682.0,29.0,Male,5.0,10.0,2.0,14.0,Standard,Quarterly,769.56,21.0,No
174322.0,20.0,Female,28.0,23.0,2.0,11.0,Standard,Monthly,670.0,20.0,Yes
432420.0,49.0,Female,29.0,24.0,0.0,19.0,Standard,Annual,807.94,3.0,No
69285.0,57.0,Female,58.0,23.0,10.0,6.0,Premium,Quarterly,496.0,29.0,Yes
307489.0,22.0,Male,37.0,28.0,1.0,20.0,Basic,Quarterly,614.13,7.0,No
92182.0,57.0,Male,56.0,22.0,4.0,2.0,Premium,Quarterly,635.0,7.0,Yes
345765.0,39.0,Female,47.0,28.0,2.0,10.0,Basic,Annual,904.26,12.0,No
13820.0,22.0,Male,21.0,18.0,6.0,6.0,Basic,Quarterly,503.0,18.0,Yes
332225.0,28.0,Male,54.0,11.0,2.0,5.0,Premium,Quarterly,940.97,14.0,No
403195.0,34.0,Male,38.0,6.0,1.0,15.0,Standard,Annual,655.77,28.0,No
70310.0,35.0,Male,18.0,9.0,3.0,30.0,Premium,Quarterly,209.0,6.0,Yes
303606.0,38.0,Male,12.0,14.0,3.0,4.0,Basic,Quarterly,790.05,2.0,No
388079.0,49.0,Female,6.0,24.0,1.0,9.0,Premium,Annual,608.01,7.0,No
125841.0,53.0,Male,11.0,5.0,3.0,15.0,Basic,Monthly,762.0,30.0,Yes
289438.0,45.0,Male,6.0,22.0,3.0,17.0,Premium,Annual,654.78,30.0,No
225950.0,50.0,Male,58.0,4.0,5.0,7.0,Premium,Monthly,107.71,4.0,Yes
198692.0,37.0,Female,14.0,8.0,7.0,13.0,Premium,Annual,298.0,20.0,Yes
117197.0,54.0,Male,23.0,18.0,6.0,8.0,Basic,Monthly,386.0,23.0,Yes
257796.0,31.0,Female,23.0,13.0,9.0,29.0,Standard,Annual,662.43,9.0,Yes
434840.0,31.0,Male,46.0,4.0,0.0,10.0,Premium,Quarterly,526.07,11.0,No
186227.0,27.0,Male,60.0,24.0,4.0,17.0,Standard,Monthly,412.0,28.0,Yes
155281.0,49.0,Female,3.0,30.0,3.0,21.0,Premium,Monthly,836.0,17.0,Yes
194412.0,45.0,Male,17.0,27.0,2.0,0.0,Premium,Monthly,428.0,3.0,Yes
29959.0,29.0,Female,20.0,13.0,1.0,7.0,Standard,Quarterly,264.0,26.0,Yes
78456.0,64.0,Female,12.0,16.0,7.0,29.0,Basic,Monthly,466.0,10.0,Yes
291682.0,39.0,Male,9.0,21.0,3.0,20.0,Premium,Quarterly,876.04,30.0,No
311999.0,33.0,Male,19.0,30.0,3.0,9.0,Standard,Annual,949.9,5.0,No
315930.0,47.0,Female,36.0,23.0,2.0,9.0,Premium,Quarterly,558.52,1.0,No
276822.0,42.0,Male,43.0,26.0,3.0,7.0,Premium,Annual,693.21,9.0,No
216714.0,46.0,Male,12.0,15.0,7.0,25.0,Basic,Quarterly,281.67,1.0,Yes
345598.0,21.0,Male,39.0,12.0,1.0,7.0,Basic,Annual,755.69,8.0,No
188075.0,30.0,Male,38.0,27.0,10.0,21.0,Premium,Monthly,986.0,20.0,Yes
98562.0,62.0,Male,31.0,8.0,1.0,19.0,Standard,Monthly,644.0,9.0,Yes
436874.0,45.0,Male,18.0,29.0,4.0,19.0,Basic,Quarterly,947.25,9.0,No
61153.0,59.0,Male,26.0,14.0,8.0,24.0,Premium,Monthly,779.0,27.0,Yes
363903.0,31.0,Female,30.0,23.0,0.0,17.0,Premium,Annual,961.75,6.0,No
354271.0,37.0,Male,7.0,5.0,1.0,4.0,Standard,Quarterly,999.4,16.0,No
207945.0,35.0,Male,5.0,3.0,1.0,1.0,Basic,Quarterly,811.4,27.0,Yes
420738.0,45.0,Male,9.0,7.0,0.0,8.0,Standard,Annual,722.46,21.0,No
121895.0,51.0,Female,58.0,17.0,6.0,16.0,Premium,Quarterly,467.0,2.0,Yes
415815.0,28.0,Male,40.0,28.0,1.0,12.0,Standard,Annual,911.84,2.0,No
85933.0,60.0,Male,58.0,22.0,4.0,23.0,Basic,Quarterly,569.0,21.0,Yes
197642.0,57.0,Female,6.0,16.0,1.0,2.0,Basic,Quarterly,927.0,16.0,Yes
162494.0,51.0,Male,53.0,20.0,6.0,7.0,Standard,Annual,488.0,3.0,Yes
234944.0,20.0,Female,48.0,5.0,0.0,18.0,Standard,Annual,486.06,29.0,Yes
413246.0,42.0,Male,11.0,6.0,1.0,4.0,Basic,Annual,755.7,7.0,No
90020.0,40.0,Male,57.0,2.0,9.0,29.0,Basic,Annual,505.0,6.0,Yes
32355.0,62.0,Female,35.0,28.0,7.0,23.0,Basic,Monthly,936.0,23.0,Yes
306597.0,35.0,Male,19.0,29.0,1.0,9.0,Basic,Annual,955.33,3.0,No
73562.0,22.0,Female,40.0,30.0,1.0,28.0,Standard,Monthly,855.0,15.0,Yes
305905.0,29.0,Female,34.0,2.0,0.0,11.0,Basic,Quarterly,842.86,8.0,No
182045.0,28.0,Male,30.0,13.0,0.0,2.0,Basic,Monthly,508.0,2.0,Yes
212879.0,22.0,Male,25.0,20.0,8.0,9.0,Standard,Quarterly,226.83,4.0,Yes
335454.0,50.0,Female,12.0,26.0,2.0,0.0,Standard,Quarterly,790.28,1.0,No
425154.0,44.0,Female,29.0,20.0,1.0,20.0,Premium,Quarterly,731.4,5.0,No
57819.0,45.0,Male,7.0,4.0,9.0,10.0,Premium,Annual,653.0,21.0,Yes
372281.0,49.0,Male,12.0,13.0,1.0,17.0,Premium,Quarterly,586.46,23.0,No
139941.0,42.0,Female,2.0,25.0,2.0,12.0,Standard,Quarterly,556.0,27.0,Yes
429419.0,45.0,Male,43.0,20.0,2.0,7.0,Premium,Annual,699.84,22.0,No
314920.0,25.0,Male,38.0,10.0,0.0,20.0,Premium,Annual,676.38,2.0,No
60587.0,24.0,Female,47.0,1.0,9.0,8.0,Basic,Annual,340.0,10.0,Yes
60545.0,53.0,Female,4.0,29.0,9.0,18.0,Basic,Quarterly,233.0,10.0,Yes
276111.0,25.0,Male,29.0,20.0,2.0,10.0,Standard,Quarterly,766.1,30.0,No
413770.0,31.0,Male,51.0,8.0,0.0,7.0,Premium,Annual,840.64,27.0,No
205322.0,31.0,Male,47.0,8.0,4.0,15.0,Standard,Annual,123.02,12.0,Yes
326273.0,25.0,Female,12.0,25.0,1.0,15.0,Standard,Quarterly,970.36,12.0,No
220582.0,28.0,Male,4.0,20.0,8.0,12.0,Premium,Annual,850.53,5.0,Yes
433721.0,32.0,Male,28.0,13.0,2.0,1.0,Premium,Quarterly,813.97,10.0,No
89794.0,34.0,Male,47.0,3.0,6.0,8.0,Standard,Monthly,234.0,23.0,Yes
127526.0,33.0,Male,19.0,21.0,6.0,13.0,Premium,Quarterly,218.0,10.0,Yes
2951.0,55.0,Male,46.0,17.0,5.0,15.0,Premium,Annual,421.0,1.0,Yes
158654.0,53.0,Female,42.0,30.0,5.0,13.0,Basic,Monthly,976.0,27.0,Yes
235036.0,63.0,Male,45.0,5.0,4.0,11.0,Premium,Quarterly,691.68,20.0,Yes
226242.0,46.0,Male,9.0,8.0,9.0,28.0,Standard,Annual,855.04,26.0,Yes
87004.0,28.0,Female,30.0,22.0,2.0,18.0,Premium,Quarterly,555.0,20.0,Yes
333504.0,39.0,Male,18.0,19.0,0.0,6.0,Basic,Quarterly,619.13,3.0,No
349700.0,38.0,Male,36.0,2.0,0.0,19.0,Standard,Annual,517.02,16.0,No
159821.0,23.0,Male,60.0,24.0,4.0,21.0,Standard,Quarterly,193.0,28.0,Yes
160377.0,22.0,Female,12.0,25.0,10.0,19.0,Premium,Quarterly,805.0,30.0,Yes
198168.0,50.0,Male,54.0,12.0,6.0,26.0,Standard,Quarterly,457.0,26.0,Yes
385789.0,33.0,Female,11.0,4.0,3.0,2.0,Standard,Quarterly,936.36,9.0,No
229088.0,52.0,Male,31.0,14.0,3.0,4.0,Basic,Quarterly,837.3,10.0,Yes
64842.0,31.0,Male,22.0,22.0,2.0,6.0,Premium,Monthly,502.0,12.0,Yes
396576.0,47.0,Female,59.0,21.0,2.0,2.0,Basic,Annual,577.13,5.0,No
66242.0,22.0,Male,48.0,22.0,1.0,19.0,Premium,Monthly,113.0,1.0,Yes
149138.0,44.0,Male,6.0,14.0,0.0,11.0,Premium,Annual,817.0,4.0,No
87015.0,46.0,Female,30.0,17.0,7.0,17.0,Standard,Monthly,580.0,19.0,Yes
219522.0,36.0,Male,12.0,28.0,6.0,1.0,Basic,Annual,797.14,2.0,Yes
200606.0,61.0,Male,31.0,30.0,7.0,0.0,Standard,Monthly,593.0,24.0,Yes
330810.0,45.0,Male,29.0,6.0,1.0,7.0,Basic,Quarterly,958.2,29.0,No
208775.0,37.0,Female,17.0,7.0,2.0,30.0,Premium,Quarterly,826.42,10.0,Yes
192704.0,25.0,Male,56.0,30.0,2.0,27.0,Premium,Quarterly,685.0,6.0,Yes
423604.0,33.0,Male,56.0,4.0,3.0,13.0,Standard,Annual,735.84,22.0,No
356281.0,50.0,Male,50.0,10.0,4.0,0.0,Basic,Annual,864.51,18.0,No
388168.0,34.0,Female,40.0,29.0,3.0,17.0,Basic,Quarterly,675.76,3.0,No
54414.0,26.0,Male,41.0,1.0,0.0,5.0,Standard,Annual,417.0,13.0,Yes
5657.0,47.0,Female,45.0,6.0,0.0,25.0,Basic,Annual,718.0,8.0,Yes
328111.0,39.0,Male,33.0,25.0,3.0,11.0,Standard,Annual,687.35,13.0,No
98916.0,26.0,Female,56.0,4.0,1.0,13.0,Premium,Annual,567.0,20.0,Yes
254627.0,45.0,Female,47.0,9.0,8.0,29.0,Premium,Monthly,871.74,1.0,Yes
325000.0,40.0,Female,42.0,22.0,1.0,14.0,Standard,Quarterly,871.36,9.0,No
262344.0,30.0,Male,30.0,20.0,0.0,18.0,Standard,Annual,959.54,30.0,No
233199.0,18.0,Female,28.0,3.0,2.0,9.0,Standard,Quarterly,310.06,19.0,Yes
429099.0,31.0,Female,6.0,20.0,3.0,10.0,Premium,Annual,767.04,4.0,No
193574.0,60.0,Male,15.0,17.0,1.0,20.0,Basic,Quarterly,443.0,7.0,Yes
63577.0,57.0,Male,48.0,30.0,8.0,14.0,Standard,Annual,681.0,12.0,Yes
387310.0,21.0,Female,36.0,17.0,2.0,19.0,Premium,Annual,680.97,4.0,No
237899.0,37.0,Male,6.0,17.0,7.0,20.0,Basic,Annual,197.03,16.0,Yes
105127.0,42.0,Female,21.0,5.0,3.0,20.0,Basic,Annual,103.0,29.0,Yes
89211.0,44.0,Female,47.0,25.0,7.0,9.0,Premium,Quarterly,992.0,19.0,Yes
82083.0,21.0,Male,48.0,4.0,1.0,4.0,Basic,Quarterly,284.0,21.0,Yes
99413.0,51.0,Female,52.0,21.0,5.0,22.0,Standard,Monthly,785.0,23.0,Yes
341191.0,32.0,Male,8.0,23.0,0.0,1.0,Standard,Quarterly,525.84,23.0,No
333113.0,30.0,Male,48.0,25.0,0.0,6.0,Basic,Annual,854.34,14.0,No
318833.0,45.0,Male,33.0,4.0,3.0,14.0,Premium,Annual,878.75,7.0,No
333061.0,37.0,Male,37.0,16.0,0.0,17.0,Premium,Quarterly,642.99,20.0,No
327441.0,20.0,Male,55.0,28.0,1.0,16.0,Premium,Quarterly,651.57,25.0,No
147650.0,39.0,Female,4.0,28.0,8.0,18.0,Premium,Quarterly,321.0,23.0,Yes
117356.0,46.0,Male,31.0,22.0,3.0,19.0,Basic,Quarterly,214.0,5.0,Yes
144737.0,20.0,Female,59.0,1.0,4.0,17.0,Premium,Quarterly,350.0,2.0,Yes
214404.0,47.0,Male,30.0,12.0,8.0,9.0,Premium,Quarterly,918.49,1.0,Yes
304731.0,22.0,Male,28.0,27.0,0.0,13.0,Standard,Annual,828.35,18.0,No
411940.0,44.0,Female,3.0,17.0,1.0,2.0,Standard,Quarterly,944.5,6.0,No
166115.0,30.0,Male,49.0,27.0,1.0,11.0,Premium,Annual,616.0,15.0,No
238820.0,49.0,Female,16.0,20.0,0.0,20.0,Premium,Quarterly,245.28,10.0,Yes
166571.0,32.0,Male,29.0,4.0,3.0,19.0,Premium,Monthly,290.0,29.0,Yes
103399.0,41.0,Male,44.0,10.0,3.0,10.0,Standard,Monthly,558.0,28.0,Yes
130500.0,59.0,Female,25.0,23.0,0.0,27.0,Standard,Annual,481.0,14.0,Yes
438521.0,22.0,Male,33.0,12.0,2.0,7.0,Premium,Quarterly,866.6,24.0,No
350314.0,36.0,Male,35.0,6.0,1.0,1.0,Basic,Quarterly,632.87,30.0,No
319874.0,22.0,Female,40.0,20.0,1.0,3.0,Premium,Annual,800.5,5.0,No
78322.0,50.0,Female,32.0,3.0,10.0,16.0,Basic,Annual,209.0,5.0,Yes
102276.0,55.0,Female,11.0,18.0,8.0,15.0,Premium,Monthly,848.0,12.0,Yes
406388.0,49.0,Male,53.0,29.0,2.0,16.0,Standard,Quarterly,574.25,27.0,No
200535.0,23.0,Male,3.0,27.0,1.0,7.0,Premium,Quarterly,313.0,7.0,Yes
436715.0,44.0,Female,40.0,2.0,2.0,9.0,Standard,Quarterly,965.41,12.0,No
370239.0,36.0,Male,35.0,24.0,2.0,15.0,Premium,Quarterly,901.5,22.0,No
427866.0,37.0,Male,36.0,5.0,1.0,18.0,Basic,Quarterly,671.24,6.0,No
51048.0,58.0,Male,48.0,10.0,8.0,9.0,Basic,Annual,710.0,11.0,Yes
17257.0,48.0,Female,10.0,3.0,0.0,11.0,Premium,Monthly,419.0,24.0,Yes
406326.0,38.0,Male,37.0,28.0,1.0,20.0,Premium,Quarterly,791.19,2.0,No
109439.0,48.0,Female,60.0,17.0,2.0,21.0,Basic,Quarterly,946.0,9.0,Yes
232284.0,40.0,Female,32.0,16.0,9.0,30.0,Premium,Quarterly,725.55,16.0,Yes
86041.0,28.0,Male,41.0,18.0,7.0,16.0,Premium,Annual,170.0,7.0,Yes
1732.0,64.0,Male,39.0,26.0,9.0,3.0,Basic,Quarterly,611.0,12.0,Yes
358865.0,44.0,Male,23.0,14.0,4.0,0.0,Basic,Annual,701.94,15.0,No
335772.0,33.0,Male,51.0,18.0,1.0,10.0,Standard,Quarterly,777.25,6.0,No
148730.0,49.0,Male,13.0,15.0,4.0,1.0,Standard,Annual,487.0,1.0,Yes
236382.0,24.0,Female,28.0,5.0,1.0,12.0,Standard,Annual,563.42,30.0,Yes
226322.0,39.0,Female,41.0,3.0,4.0,13.0,Standard,Annual,262.99,23.0,Yes
121059.0,19.0,Male,14.0,4.0,7.0,11.0,Basic,Annual,542.0,12.0,Yes
181320.0,57.0,Female,18.0,20.0,6.0,9.0,Premium,Annual,876.0,21.0,Yes
6595.0,55.0,Female,11.0,11.0,4.0,3.0,Standard,Monthly,409.0,17.0,Yes
364539.0,38.0,Male,42.0,12.0,3.0,4.0,Premium,Quarterly,610.96,19.0,No
287720.0,50.0,Male,50.0,10.0,4.0,10.0,Standard,Quarterly,766.29,1.0,No
272135.0,21.0,Female,25.0,15.0,0.0,4.0,Standard,Annual,597.48,9.0,No
269543.0,42.0,Male,21.0,27.0,1.0,0.0,Basic,Annual,952.76,25.0,No
443117.0,39.0,Male,44.0,8.0,0.0,19.0,Premium,Annual,624.16,23.0,No
307508.0,23.0,Male,26.0,9.0,2.0,2.0,Premium,Quarterly,818.17,4.0,No
252038.0,38.0,Male,31.0,14.0,8.0,22.0,Basic,Quarterly,719.18,18.0,Yes
290617.0,41.0,Male,35.0,25.0,3.0,20.0,Basic,Quarterly,767.2,18.0,No
91130.0,60.0,Female,54.0,5.0,10.0,21.0,Standard,Monthly,612.0,13.0,Yes
284632.0,26.0,Male,28.0,17.0,1.0,2.0,Standard,Annual,913.7,13.0,No
21804.0,47.0,Male,38.0,11.0,2.0,18.0,Basic,Monthly,736.0,9.0,Yes
188272.0,34.0,Male,33.0,18.0,10.0,14.0,Standard,Annual,549.0,22.0,Yes
317219.0,22.0,Male,51.0,23.0,1.0,16.0,Basic,Annual,759.84,2.0,No
285715.0,45.0,Female,55.0,4.0,1.0,0.0,Premium,Quarterly,633.25,6.0,No
131183.0,44.0,Female,45.0,20.0,0.0,16.0,Standard,Monthly,506.0,21.0,Yes
226963.0,42.0,Female,54.0,22.0,5.0,3.0,Premium,Quarterly,332.37,3.0,Yes
155615.0,32.0,Female,14.0,8.0,10.0,22.0,Premium,Monthly,805.0,15.0,Yes
190160.0,20.0,Female,39.0,6.0,0.0,19.0,Basic,Annual,500.0,27.0,Yes
182384.0,27.0,Female,23.0,20.0,10.0,20.0,Premium,Quarterly,435.0,9.0,Yes
417165.0,32.0,Female,53.0,29.0,0.0,8.0,Premium,Annual,820.3,8.0,No
435856.0,48.0,Male,1.0,18.0,0.0,17.0,Premium,Annual,974.64,20.0,No
191938.0,25.0,Male,47.0,16.0,10.0,24.0,Basic,Monthly,981.0,2.0,Yes
374320.0,43.0,Female,51.0,8.0,3.0,12.0,Basic,Quarterly,966.74,8.0,No
353319.0,49.0,Female,44.0,24.0,2.0,14.0,Basic,Quarterly,913.72,7.0,No
15918.0,55.0,Male,22.0,24.0,0.0,22.0,Basic,Monthly,844.0,26.0,Yes
348012.0,31.0,Male,50.0,21.0,3.0,15.0,Standard,Quarterly,791.77,3.0,No
221669.0,59.0,Female,58.0,30.0,3.0,5.0,Basic,Quarterly,240.55,24.0,Yes
222975.0,51.0,Female,33.0,8.0,3.0,21.0,Standard,Quarterly,345.89,11.0,Yes
207725.0,39.0,Female,20.0,8.0,2.0,24.0,Standard,Monthly,871.36,19.0,Yes
318392.0,46.0,Female,44.0,15.0,2.0,20.0,Standard,Annual,965.28,12.0,No
413836.0,21.0,Male,53.0,12.0,2.0,15.0,Standard,Quarterly,972.57,13.0,No
445583.0,47.0,Male,38.0,16.0,3.0,8.0,Basic,Annual,729.08,3.0,No
93468.0,37.0,Female,34.0,3.0,0.0,1.0,Basic,Quarterly,464.0,30.0,Yes
23992.0,32.0,Female,2.0,15.0,10.0,26.0,Premium,Annual,630.0,19.0,Yes
60603.0,52.0,Female,60.0,10.0,6.0,25.0,Premium,Quarterly,717.0,19.0,Yes
330971.0,39.0,Male,55.0,22.0,0.0,18.0,Premium,Annual,819.81,3.0,No
125462.0,31.0,Female,19.0,27.0,10.0,24.0,Premium,Quarterly,918.0,30.0,Yes
272383.0,38.0,Male,1.0,4.0,1.0,16.0,Standard,Quarterly,556.27,4.0,No
216997.0,46.0,Female,32.0,11.0,5.0,4.0,Premium,Quarterly,967.01,6.0,Yes
31041.0,29.0,Female,6.0,14.0,5.0,3.0,Standard,Quarterly,729.0,2.0,Yes
126580.0,34.0,Male,49.0,26.0,10.0,15.0,Basic,Quarterly,109.0,22.0,Yes
300106.0,47.0,Male,32.0,2.0,0.0,4.0,Premium,Annual,771.36,7.0,No
281126.0,36.0,Male,53.0,23.0,1.0,16.0,Standard,Quarterly,690.86,15.0,No
200307.0,63.0,Female,39.0,12.0,4.0,27.0,Basic,Quarterly,901.0,11.0,Yes
170486.0,49.0,Female,49.0,20.0,1.0,8.0,Premium,Monthly,326.0,30.0,Yes
348997.0,41.0,Male,52.0,9.0,0.0,12.0,Premium,Annual,665.11,11.0,No
444491.0,42.0,Male,31.0,5.0,1.0,4.0,Premium,Annual,731.11,6.0,No
332274.0,23.0,Female,5.0,1.0,2.0,13.0,Standard,Annual,605.47,2.0,No
323683.0,39.0,Male,32.0,29.0,3.0,3.0,Standard,Quarterly,756.46,22.0,No
310201.0,48.0,Male,27.0,21.0,2.0,19.0,Premium,Quarterly,794.82,12.0,No
232564.0,27.0,Female,13.0,18.0,7.0,24.0,Basic,Quarterly,446.49,4.0,Yes
233610.0,30.0,Male,20.0,2.0,5.0,26.0,Basic,Quarterly,189.68,25.0,Yes
314126.0,26.0,Male,12.0,18.0,0.0,19.0,Standard,Annual,580.57,27.0,No
78249.0,49.0,Female,1.0,22.0,1.0,28.0,Standard,Monthly,148.0,27.0,Yes
418464.0,47.0,Male,21.0,11.0,1.0,15.0,Basic,Annual,983.84,26.0,No
279353.0,25.0,Male,17.0,22.0,1.0,6.0,Basic,Annual,884.83,28.0,No
73976.0,65.0,Female,42.0,27.0,7.0,29.0,Standard,Quarterly,653.0,5.0,Yes
79187.0,24.0,Female,39.0,12.0,10.0,21.0,Standard,Monthly,761.0,16.0,Yes
204087.0,40.0,Male,54.0,17.0,8.0,21.0,Basic,Annual,968.0,6.0,Yes
344406.0,43.0,Male,21.0,30.0,2.0,4.0,Standard,Quarterly,900.92,9.0,No
294702.0,24.0,Female,60.0,15.0,2.0,7.0,Basic,Annual,709.1,10.0,No
387983.0,29.0,Male,37.0,6.0,2.0,10.0,Basic,Quarterly,577.16,10.0,No
426352.0,48.0,Male,55.0,22.0,0.0,16.0,Standard,Annual,689.95,28.0,No
352962.0,32.0,Male,36.0,22.0,3.0,2.0,Basic,Annual,732.22,16.0,No
129869.0,18.0,Male,38.0,5.0,5.0,28.0,Standard,Quarterly,873.0,7.0,Yes
96643.0,64.0,Male,40.0,7.0,3.0,17.0,Standard,Monthly,949.0,27.0,Yes
2758.0,51.0,Male,2.0,10.0,7.0,4.0,Standard,Quarterly,128.0,18.0,Yes
271832.0,20.0,Male,49.0,16.0,2.0,16.0,Standard,Quarterly,542.67,19.0,No
283266.0,20.0,Female,38.0,15.0,2.0,20.0,Basic,Quarterly,565.91,2.0,No
217692.0,52.0,Female,53.0,20.0,3.0,13.0,Basic,Annual,514.23,23.0,Yes
151996.0,30.0,Female,28.0,23.0,1.0,14.0,Premium,Quarterly,968.0,19.0,Yes
312823.0,18.0,Female,52.0,18.0,1.0,11.0,Premium,Annual,883.42,7.0,No
143862.0,63.0,Female,9.0,19.0,1.0,1.0,Basic,Monthly,425.0,18.0,Yes
355696.0,27.0,Female,58.0,8.0,1.0,8.0,Standard,Annual,829.9,6.0,No
45194.0,21.0,Female,44.0,18.0,4.0,13.0,Premium,Annual,117.0,9.0,Yes
278443.0,36.0,Male,37.0,11.0,2.0,9.0,Standard,Annual,788.4,15.0,No
358436.0,37.0,Male,52.0,3.0,0.0,4.0,Premium,Quarterly,870.07,20.0,No
216452.0,65.0,Male,33.0,10.0,10.0,17.0,Standard,Annual,594.94,23.0,Yes
440921.0,42.0,Male,19.0,23.0,0.0,19.0,Premium,Quarterly,971.9,18.0,No
46571.0,21.0,Female,1.0,16.0,0.0,20.0,Premium,Monthly,650.0,27.0,Yes
128911.0,49.0,Female,37.0,30.0,6.0,14.0,Basic,Quarterly,928.0,3.0,Yes
307977.0,46.0,Male,48.0,18.0,4.0,3.0,Standard,Annual,851.38,21.0,No
191142.0,64.0,Male,21.0,28.0,2.0,15.0,Premium,Quarterly,650.0,1.0,Yes
165460.0,55.0,Male,48.0,6.0,8.0,18.0,Premium,Quarterly,592.0,20.0,Yes
423624.0,31.0,Male,38.0,19.0,2.0,17.0,Premium,Quarterly,793.88,2.0,No
233568.0,33.0,Female,27.0,30.0,3.0,24.0,Standard,Monthly,526.35,24.0,Yes
286514.0,29.0,Female,47.0,21.0,2.0,12.0,Basic,Annual,747.95,13.0,No
38962.0,23.0,Male,40.0,4.0,3.0,1.0,Standard,Annual,617.0,25.0,Yes
423293.0,41.0,Male,38.0,17.0,0.0,7.0,Standard,Quarterly,708.35,13.0,No
320019.0,36.0,Female,44.0,10.0,2.0,0.0,Premium,Annual,575.89,9.0,No
243984.0,57.0,Female,36.0,17.0,9.0,21.0,Premium,Annual,494.52,19.0,Yes
230534.0,19.0,Female,38.0,24.0,10.0,12.0,Premium,Quarterly,325.02,13.0,Yes
281933.0,30.0,Male,43.0,12.0,0.0,1.0,Basic,Quarterly,614.91,18.0,No
127898.0,39.0,Male,58.0,11.0,5.0,14.0,Standard,Annual,1000.0,12.0,Yes
263764.0,42.0,Male,25.0,2.0,4.0,20.0,Premium,Annual,679.57,18.0,No
33321.0,47.0,Male,56.0,16.0,1.0,25.0,Basic,Monthly,509.0,12.0,Yes
40235.0,20.0,Female,37.0,3.0,10.0,14.0,Basic,Quarterly,177.0,19.0,Yes
279655.0,22.0,Female,10.0,25.0,2.0,19.0,Premium,Annual,896.3,12.0,No
333826.0,43.0,Female,28.0,12.0,0.0,14.0,Standard,Quarterly,682.34,6.0,No
516.0,26.0,Male,1.0,6.0,10.0,26.0,Basic,Annual,523.0,19.0,Yes
189920.0,48.0,Female,52.0,14.0,2.0,21.0,Basic,Annual,875.0,26.0,Yes
52372.0,53.0,Female,17.0,14.0,2.0,29.0,Premium,Monthly,567.0,2.0,Yes
80761.0,36.0,Female,24.0,24.0,5.0,23.0,Premium,Quarterly,928.0,8.0,Yes
388052.0,36.0,Male,47.0,4.0,0.0,5.0,Standard,Annual,891.65,4.0,No
404573.0,28.0,Male,25.0,3.0,1.0,10.0,Standard,Annual,748.02,11.0,No
402216.0,44.0,Male,45.0,27.0,0.0,10.0,Premium,Annual,716.65,2.0,No
388213.0,30.0,Female,28.0,30.0,2.0,17.0,Basic,Annual,553.78,14.0,No
47702.0,56.0,Male,53.0,1.0,8.0,1.0,Premium,Monthly,312.0,22.0,Yes
148148.0,46.0,Male,31.0,29.0,9.0,9.0,Premium,Monthly,519.0,28.0,Yes
24432.0,64.0,Male,17.0,21.0,0.0,15.0,Basic,Monthly,139.0,24.0,Yes
223219.0,41.0,Female,58.0,8.0,4.0,23.0,Standard,Quarterly,686.03,10.0,Yes
351765.0,43.0,Male,36.0,15.0,0.0,19.0,Premium,Quarterly,658.65,17.0,No
442846.0,35.0,Male,34.0,18.0,2.0,2.0,Premium,Annual,995.74,3.0,No
402641.0,33.0,Female,32.0,17.0,2.0,0.0,Standard,Annual,556.96,14.0,No
327371.0,48.0,Female,21.0,30.0,1.0,19.0,Premium,Quarterly,776.98,9.0,No
92964.0,65.0,Female,52.0,20.0,2.0,7.0,Standard,Annual,260.0,6.0,Yes
151879.0,18.0,Female,46.0,17.0,6.0,13.0,Standard,Quarterly,561.0,23.0,Yes
199947.0,59.0,Male,32.0,8.0,0.0,13.0,Basic,Monthly,273.0,20.0,Yes
378648.0,29.0,Male,29.0,4.0,2.0,20.0,Standard,Quarterly,854.56,16.0,No
175088.0,20.0,Female,39.0,21.0,8.0,19.0,Basic,Quarterly,134.0,13.0,Yes
175100.0,60.0,Female,35.0,28.0,7.0,19.0,Standard,Annual,627.0,13.0,Yes
106130.0,41.0,Male,27.0,4.0,9.0,16.0,Premium,Monthly,911.0,21.0,Yes
86838.0,51.0,Female,41.0,10.0,2.0,21.0,Standard,Monthly,687.0,5.0,Yes
256278.0,30.0,Male,35.0,2.0,1.0,30.0,Standard,Annual,459.73,29.0,Yes
105234.0,33.0,Male,51.0,29.0,7.0,20.0,Basic,Quarterly,465.0,2.0,Yes
271225.0,40.0,Female,40.0,12.0,4.0,11.0,Standard,Quarterly,642.28,15.0,No
153612.0,64.0,Male,31.0,4.0,6.0,8.0,Basic,Annual,212.0,8.0,Yes
185771.0,54.0,Male,41.0,9.0,4.0,20.0,Basic,Quarterly,870.0,14.0,Yes
89809.0,54.0,Female,53.0,11.0,3.0,25.0,Basic,Annual,936.0,7.0,Yes
80819.0,18.0,Female,32.0,29.0,6.0,28.0,Premium,Annual,456.0,2.0,Yes
323493.0,28.0,Male,26.0,17.0,2.0,17.0,Standard,Annual,962.78,19.0,No
408094.0,47.0,Male,12.0,26.0,0.0,12.0,Standard,Annual,586.4,7.0,No
118196.0,30.0,Male,24.0,23.0,9.0,24.0,Standard,Monthly,694.0,14.0,Yes
155380.0,57.0,Female,59.0,20.0,8.0,5.0,Standard,Quarterly,215.0,2.0,Yes
130928.0,57.0,Male,24.0,7.0,4.0,6.0,Standard,Annual,150.0,22.0,Yes
204050.0,25.0,Male,5.0,22.0,6.0,25.0,Premium,Annual,649.0,4.0,Yes
294404.0,41.0,Male,44.0,21.0,3.0,5.0,Standard,Annual,653.62,26.0,No
183824.0,61.0,Female,33.0,14.0,9.0,7.0,Basic,Quarterly,861.0,29.0,Yes
293689.0,47.0,Female,35.0,7.0,3.0,16.0,Standard,Annual,832.1,2.0,No
32634.0,32.0,Female,12.0,22.0,8.0,12.0,Premium,Monthly,613.0,14.0,Yes
430599.0,20.0,Male,14.0,26.0,2.0,4.0,Basic,Quarterly,739.93,1.0,No
290751.0,29.0,Male,31.0,19.0,2.0,6.0,Standard,Annual,563.69,23.0,No
66806.0,57.0,Male,11.0,20.0,0.0,27.0,Basic,Quarterly,344.0,7.0,Yes
304609.0,37.0,Male,30.0,8.0,2.0,9.0,Premium,Quarterly,795.98,27.0,No
46229.0,57.0,Male,43.0,19.0,2.0,27.0,Premium,Monthly,334.0,11.0,Yes
362564.0,50.0,Male,37.0,28.0,0.0,8.0,Basic,Annual,889.87,12.0,No
316085.0,48.0,Male,34.0,12.0,1.0,5.0,Standard,Annual,607.35,9.0,No
236373.0,59.0,Female,49.0,22.0,8.0,15.0,Premium,Quarterly,970.64,5.0,Yes
146619.0,52.0,Female,42.0,2.0,4.0,10.0,Premium,Monthly,480.0,15.0,Yes
17828.0,53.0,Female,60.0,14.0,4.0,1.0,Standard,Quarterly,252.0,20.0,Yes
179186.0,22.0,Female,8.0,29.0,3.0,15.0,Basic,Monthly,686.0,9.0,Yes
244723.0,42.0,Female,6.0,23.0,10.0,3.0,Standard,Monthly,655.74,6.0,Yes
426384.0,38.0,Male,6.0,25.0,0.0,14.0,Premium,Quarterly,574.35,21.0,No
45711.0,61.0,Male,8.0,27.0,2.0,25.0,Standard,Annual,922.0,18.0,Yes
79613.0,51.0,Male,7.0,23.0,0.0,11.0,Basic,Annual,477.0,17.0,Yes
401026.0,25.0,Male,30.0,25.0,2.0,13.0,Standard,Annual,822.86,14.0,No
396844.0,50.0,Male,60.0,5.0,0.0,12.0,Basic,Quarterly,988.48,13.0,No
229652.0,30.0,Male,49.0,8.0,7.0,1.0,Basic,Monthly,467.57,18.0,Yes
33040.0,53.0,Male,20.0,1.0,10.0,15.0,Basic,Quarterly,232.0,12.0,Yes
230031.0,23.0,Male,11.0,7.0,4.0,28.0,Standard,Quarterly,446.04,1.0,Yes
200215.0,28.0,Female,10.0,6.0,2.0,28.0,Standard,Monthly,498.0,22.0,Yes
363894.0,50.0,Female,48.0,11.0,0.0,18.0,Premium,Annual,723.67,2.0,No
216512.0,52.0,Male,36.0,12.0,4.0,19.0,Standard,Quarterly,970.21,16.0,Yes
407391.0,46.0,Male,24.0,25.0,3.0,1.0,Basic,Annual,844.7,30.0,No
409719.0,19.0,Male,49.0,10.0,0.0,16.0,Basic,Quarterly,700.74,30.0,No
156645.0,53.0,Female,47.0,26.0,9.0,23.0,Premium,Annual,233.0,5.0,Yes
176065.0,37.0,Female,28.0,4.0,0.0,25.0,Premium,Monthly,568.0,4.0,Yes
136861.0,39.0,Female,55.0,10.0,3.0,12.0,Standard,Monthly,607.0,24.0,Yes
89443.0,31.0,Male,4.0,19.0,10.0,29.0,Premium,Quarterly,701.0,8.0,Yes
413909.0,25.0,Female,41.0,19.0,1.0,11.0,Premium,Quarterly,745.13,9.0,No
309761.0,27.0,Female,58.0,10.0,2.0,8.0,Basic,Quarterly,674.62,15.0,No
21410.0,62.0,Male,43.0,20.0,1.0,24.0,Basic,Annual,954.0,7.0,Yes
315844.0,47.0,Male,52.0,26.0,3.0,13.0,Basic,Annual,525.5,17.0,No
21082.0,21.0,Female,55.0,10.0,2.0,3.0,Premium,Annual,366.0,7.0,Yes
446579.0,36.0,Male,36.0,29.0,1.0,15.0,Basic,Annual,712.7,9.0,No
170918.0,46.0,Male,55.0,26.0,3.0,25.0,Basic,Quarterly,984.0,14.0,Yes
91380.0,53.0,Male,29.0,29.0,3.0,1.0,Premium,Annual,699.0,24.0,Yes
49765.0,33.0,Female,43.0,30.0,8.0,8.0,Basic,Annual,765.0,29.0,Yes
107336.0,28.0,Male,58.0,23.0,4.0,17.0,Premium,Quarterly,748.0,23.0,Yes
330898.0,48.0,Male,54.0,24.0,1.0,3.0,Standard,Quarterly,515.61,16.0,No
240836.0,54.0,Female,15.0,11.0,10.0,7.0,Standard,Quarterly,715.12,26.0,Yes
244378.0,37.0,Female,39.0,21.0,6.0,5.0,Standard,Monthly,774.14,26.0,Yes
349447.0,28.0,Male,51.0,14.0,2.0,2.0,Basic,Quarterly,767.14,11.0,No
201688.0,34.0,Female,31.0,14.0,10.0,3.0,Basic,Monthly,897.0,5.0,Yes
57609.0,26.0,Female,26.0,2.0,8.0,26.0,Basic,Annual,546.0,23.0,Yes
377566.0,50.0,Female,56.0,9.0,1.0,6.0,Standard,Quarterly,502.5,1.0,No
373792.0,40.0,Female,34.0,15.0,1.0,8.0,Premium,Annual,577.02,5.0,No
31554.0,22.0,Female,25.0,25.0,5.0,0.0,Basic,Quarterly,717.0,18.0,Yes
98492.0,18.0,Female,6.0,13.0,4.0,9.0,Basic,Annual,220.0,27.0,Yes
1015.0,63.0,Male,41.0,22.0,5.0,18.0,Standard,Annual,722.0,27.0,Yes
412100.0,27.0,Male,48.0,17.0,0.0,17.0,Basic,Annual,937.09,29.0,No
27511.0,47.0,Female,26.0,26.0,5.0,1.0,Basic,Monthly,161.0,9.0,Yes
158116.0,32.0,Female,44.0,13.0,10.0,18.0,Premium,Quarterly,217.0,30.0,Yes
91344.0,20.0,Male,34.0,29.0,8.0,14.0,Basic,Annual,686.0,4.0,Yes
381581.0,24.0,Male,3.0,24.0,0.0,0.0,Standard,Annual,571.7,20.0,No
180208.0,23.0,Female,37.0,2.0,4.0,20.0,Premium,Monthly,688.0,2.0,Yes
72902.0,61.0,Female,2.0,29.0,7.0,20.0,Standard,Quarterly,354.0,19.0,Yes
331285.0,37.0,Male,57.0,26.0,3.0,0.0,Standard,Quarterly,996.33,15.0,No
444484.0,27.0,Male,45.0,24.0,0.0,7.0,Basic,Annual,590.65,7.0,No
394075.0,39.0,Male,31.0,26.0,3.0,6.0,Basic,Quarterly,670.26,10.0,No
439418.0,38.0,Female,37.0,18.0,1.0,6.0,Basic,Annual,668.67,14.0,No
16647.0,18.0,Female,24.0,17.0,7.0,24.0,Premium,Annual,631.0,16.0,Yes
12097.0,61.0,Male,9.0,23.0,3.0,14.0,Basic,Monthly,746.0,27.0,Yes
310594.0,29.0,Male,9.0,15.0,2.0,15.0,Premium,Annual,945.67,17.0,No
259227.0,46.0,Male,42.0,30.0,2.0,17.0,Premium,Monthly,382.6,20.0,Yes
38329.0,61.0,Female,46.0,25.0,10.0,18.0,Basic,Monthly,903.0,20.0,Yes
313498.0,41.0,Female,22.0,21.0,2.0,9.0,Standard,Quarterly,543.0,3.0,No
166778.0,45.0,Male,53.0,18.0,5.0,25.0,Premium,Quarterly,974.0,13.0,Yes
443874.0,46.0,Male,15.0,13.0,0.0,4.0,Standard,Quarterly,618.85,27.0,No
228172.0,39.0,Female,1.0,8.0,9.0,13.0,Premium,Quarterly,659.48,3.0,Yes
432366.0,50.0,Male,60.0,8.0,1.0,6.0,Standard,Quarterly,606.99,18.0,No
369864.0,40.0,Male,46.0,1.0,2.0,7.0,Premium,Annual,951.75,16.0,No
377178.0,31.0,Female,40.0,25.0,0.0,18.0,Premium,Annual,693.84,10.0,No
446937.0,38.0,Female,25.0,22.0,2.0,15.0,Standard,Quarterly,997.46,1.0,No
336236.0,47.0,Male,28.0,2.0,1.0,13.0,Standard,Annual,667.94,29.0,No
362184.0,49.0,Male,57.0,8.0,4.0,1.0,Premium,Quarterly,502.23,28.0,No
320048.0,35.0,Female,16.0,15.0,1.0,9.0,Basic,Quarterly,941.52,5.0,No
114025.0,51.0,Female,5.0,29.0,3.0,10.0,Basic,Monthly,398.0,20.0,Yes
279402.0,33.0,Male,35.0,15.0,0.0,15.0,Basic,Annual,605.0,25.0,No
42437.0,64.0,Male,12.0,25.0,8.0,9.0,Standard,Annual,517.0,28.0,Yes
424515.0,29.0,Male,34.0,23.0,1.0,10.0,Premium,Annual,703.73,8.0,No
429085.0,30.0,Female,30.0,25.0,2.0,13.0,Premium,Quarterly,660.66,11.0,No
294098.0,20.0,Male,11.0,10.0,0.0,19.0,Premium,Annual,726.52,28.0,No
149847.0,30.0,Female,44.0,28.0,8.0,4.0,Premium,Quarterly,371.0,6.0,Yes
404566.0,44.0,Male,48.0,6.0,3.0,11.0,Basic,Annual,784.58,29.0,No
129486.0,60.0,Male,54.0,22.0,10.0,7.0,Premium,Monthly,346.0,11.0,Yes
256007.0,59.0,Female,27.0,27.0,2.0,16.0,Standard,Monthly,748.96,3.0,Yes
12266.0,46.0,Female,34.0,2.0,8.0,29.0,Basic,Quarterly,330.0,5.0,Yes
305471.0,36.0,Male,37.0,16.0,2.0,15.0,Premium,Annual,762.44,11.0,No
254845.0,43.0,Male,41.0,6.0,1.0,13.0,Basic,Monthly,721.4,15.0,Yes
121313.0,56.0,Male,20.0,15.0,3.0,18.0,Premium,Quarterly,744.0,16.0,Yes
208651.0,21.0,Female,25.0,28.0,1.0,14.0,Basic,Annual,199.76,28.0,Yes
272789.0,46.0,Female,50.0,4.0,0.0,16.0,Premium,Quarterly,959.34,5.0,No
48016.0,43.0,Female,43.0,1.0,10.0,30.0,Basic,Annual,936.0,21.0,Yes
247088.0,32.0,Female,28.0,13.0,0.0,3.0,Premium,Annual,212.76,11.0,Yes
315950.0,33.0,Male,32.0,2.0,2.0,19.0,Standard,Quarterly,986.18,20.0,No
430006.0,36.0,Female,34.0,9.0,0.0,3.0,Basic,Quarterly,694.6,7.0,No
14286.0,37.0,Male,16.0,22.0,2.0,21.0,Basic,Quarterly,306.0,14.0,Yes
120161.0,42.0,Male,8.0,11.0,9.0,28.0,Premium,Annual,667.0,14.0,Yes
222199.0,18.0,Female,54.0,6.0,8.0,1.0,Premium,Quarterly,823.96,18.0,Yes
161538.0,58.0,Female,17.0,25.0,0.0,2.0,Premium,Quarterly,929.0,5.0,Yes
87350.0,53.0,Male,18.0,1.0,1.0,28.0,Standard,Quarterly,839.0,10.0,Yes
189082.0,42.0,Male,43.0,10.0,3.0,26.0,Standard,Annual,636.0,9.0,Yes
296873.0,35.0,Male,12.0,24.0,2.0,11.0,Standard,Quarterly,633.9,6.0,No
232432.0,18.0,Female,34.0,8.0,2.0,20.0,Premium,Monthly,224.15,29.0,Yes
6058.0,37.0,Female,41.0,2.0,10.0,30.0,Basic,Annual,583.0,8.0,Yes
288284.0,34.0,Male,35.0,22.0,3.0,17.0,Standard,Annual,716.44,10.0,No
368144.0,18.0,Female,5.0,8.0,1.0,20.0,Premium,Quarterly,801.89,8.0,No
358677.0,42.0,Male,56.0,19.0,4.0,19.0,Basic,Quarterly,902.52,2.0,No
350450.0,19.0,Male,8.0,19.0,1.0,11.0,Premium,Quarterly,653.56,27.0,No
254497.0,25.0,Female,10.0,14.0,5.0,15.0,Standard,Monthly,830.78,13.0,Yes
266721.0,34.0,Male,49.0,21.0,1.0,12.0,Standard,Annual,711.3,9.0,No
281659.0,29.0,Male,55.0,6.0,0.0,16.0,Basic,Annual,837.79,9.0,No
433075.0,35.0,Female,55.0,30.0,0.0,2.0,Premium,Quarterly,845.04,7.0,No
359966.0,43.0,Female,22.0,21.0,2.0,13.0,Premium,Annual,948.58,10.0,No
391164.0,45.0,Male,55.0,30.0,4.0,1.0,Premium,Annual,676.23,27.0,No
430669.0,25.0,Female,33.0,5.0,0.0,10.0,Standard,Quarterly,820.3,4.0,No
347585.0,48.0,Male,41.0,18.0,4.0,0.0,Standard,Annual,780.45,10.0,No
295874.0,47.0,Female,54.0,24.0,1.0,19.0,Premium,Annual,686.88,14.0,No
179043.0,22.0,Male,17.0,8.0,6.0,1.0,Basic,Monthly,528.0,10.0,Yes
121320.0,45.0,Male,36.0,27.0,0.0,11.0,Standard,Monthly,644.0,20.0,Yes
428172.0,36.0,Male,1.0,5.0,2.0,18.0,Premium,Quarterly,571.52,2.0,No
380534.0,40.0,Male,40.0,22.0,1.0,12.0,Standard,Quarterly,547.01,26.0,No
216009.0,23.0,Female,15.0,17.0,8.0,26.0,Basic,Quarterly,904.46,15.0,Yes
236415.0,26.0,Female,25.0,18.0,2.0,21.0,Basic,Monthly,342.6,11.0,Yes
142638.0,44.0,Female,41.0,10.0,10.0,1.0,Premium,Quarterly,701.0,3.0,Yes
16451.0,36.0,Male,35.0,20.0,3.0,15.0,Standard,Monthly,524.0,11.0,Yes
212746.0,44.0,Female,10.0,16.0,8.0,12.0,Standard,Monthly,600.83,13.0,Yes
306629.0,39.0,Male,44.0,3.0,2.0,8.0,Premium,Annual,988.14,16.0,No
331764.0,38.0,Female,38.0,18.0,1.0,8.0,Premium,Quarterly,698.89,15.0,No
348870.0,38.0,Male,33.0,4.0,3.0,16.0,Standard,Annual,549.33,19.0,No
103460.0,18.0,Female,4.0,3.0,0.0,27.0,Standard,Quarterly,582.0,21.0,Yes
445707.0,49.0,Male,44.0,23.0,2.0,1.0,Standard,Annual,545.84,26.0,No
242312.0,52.0,Female,24.0,4.0,8.0,28.0,Basic,Annual,103.8,5.0,Yes
246249.0,29.0,Female,12.0,14.0,5.0,2.0,Premium,Quarterly,688.06,23.0,Yes
359277.0,43.0,Male,35.0,29.0,1.0,20.0,Premium,Quarterly,637.91,23.0,No
85010.0,61.0,Male,23.0,26.0,6.0,8.0,Basic,Monthly,118.0,15.0,Yes
301055.0,46.0,Female,48.0,29.0,2.0,11.0,Standard,Annual,732.65,5.0,No
219271.0,19.0,Female,24.0,9.0,3.0,27.0,Standard,Quarterly,354.33,18.0,Yes
82937.0,65.0,Male,44.0,23.0,8.0,20.0,Standard,Monthly,445.0,26.0,Yes
231043.0,26.0,Female,22.0,30.0,1.0,11.0,Basic,Quarterly,440.4,28.0,Yes
228687.0,50.0,Male,28.0,21.0,8.0,28.0,Premium,Monthly,603.52,5.0,Yes
108392.0,27.0,Male,10.0,3.0,3.0,6.0,Premium,Annual,720.0,30.0,Yes
150455.0,48.0,Female,17.0,12.0,10.0,12.0,Standard,Annual,570.0,7.0,Yes
93517.0,18.0,Female,6.0,27.0,2.0,18.0,Basic,Annual,361.0,13.0,Yes
112275.0,20.0,Male,9.0,10.0,8.0,8.0,Premium,Annual,218.0,8.0,Yes
256110.0,41.0,Male,34.0,22.0,8.0,7.0,Premium,Annual,432.21,27.0,Yes
299573.0,43.0,Female,4.0,20.0,3.0,18.0,Premium,Quarterly,747.69,9.0,No
364078.0,27.0,Male,3.0,22.0,0.0,1.0,Standard,Annual,523.56,26.0,No
417370.0,42.0,Male,57.0,29.0,3.0,1.0,Premium,Annual,765.26,28.0,No
96586.0,35.0,Male,42.0,6.0,8.0,1.0,Basic,Quarterly,380.0,22.0,Yes
367357.0,39.0,Female,35.0,6.0,3.0,7.0,Premium,Quarterly,638.75,15.0,No
427895.0,36.0,Male,32.0,16.0,1.0,0.0,Standard,Annual,848.22,21.0,No
335640.0,22.0,Female,4.0,12.0,0.0,0.0,Premium,Annual,584.15,15.0,No
378686.0,37.0,Female,19.0,27.0,3.0,15.0,Basic,Quarterly,561.1,7.0,No
271314.0,42.0,Male,55.0,2.0,4.0,19.0,Premium,Annual,570.18,15.0,No
7343.0,33.0,Male,4.0,28.0,8.0,5.0,Premium,Quarterly,619.0,25.0,Yes
449240.0,32.0,Female,31.0,23.0,3.0,11.0,Premium,Annual,947.18,8.0,No
301012.0,33.0,Male,4.0,18.0,0.0,2.0,Premium,Annual,791.7,15.0,No
253884.0,29.0,Male,11.0,20.0,8.0,25.0,Standard,Annual,949.38,30.0,Yes
301955.0,39.0,Female,47.0,30.0,3.0,14.0,Premium,Annual,862.68,7.0,No
54642.0,46.0,Male,6.0,29.0,8.0,16.0,Premium,Quarterly,416.0,25.0,Yes
247082.0,26.0,Female,33.0,21.0,6.0,29.0,Standard,Monthly,821.21,30.0,Yes
411344.0,45.0,Male,10.0,9.0,4.0,12.0,Standard,Annual,639.11,11.0,No
308558.0,47.0,Male,39.0,28.0,2.0,3.0,Basic,Annual,885.96,25.0,No
36414.0,18.0,Female,21.0,21.0,1.0,22.0,Standard,Monthly,927.0,14.0,Yes
255497.0,62.0,Male,54.0,2.0,5.0,30.0,Standard,Monthly,885.38,13.0,Yes
291084.0,33.0,Male,52.0,25.0,2.0,1.0,Basic,Annual,668.1,21.0,No
226048.0,54.0,Male,33.0,27.0,3.0,29.0,Standard,Monthly,992.49,11.0,Yes
301600.0,18.0,Male,38.0,7.0,0.0,15.0,Premium,Quarterly,980.64,20.0,No
363351.0,46.0,Female,15.0,23.0,0.0,2.0,Premium,Quarterly,719.97,11.0,No
309829.0,43.0,Male,43.0,26.0,3.0,1.0,Premium,Annual,899.83,16.0,No
263087.0,45.0,Male,40.0,18.0,4.0,12.0,Basic,Quarterly,825.85,24.0,No
88503.0,65.0,Female,48.0,3.0,6.0,8.0,Standard,Annual,818.0,6.0,Yes
144566.0,63.0,Female,15.0,27.0,4.0,17.0,Premium,Quarterly,216.0,24.0,Yes
444305.0,43.0,Female,15.0,28.0,0.0,12.0,Premium,Quarterly,855.82,12.0,No
196337.0,62.0,Female,53.0,13.0,4.0,17.0,Standard,Monthly,552.0,9.0,Yes
302341.0,47.0,Female,49.0,2.0,4.0,20.0,Basic,Quarterly,965.27,3.0,No
122893.0,32.0,Male,26.0,3.0,8.0,29.0,Premium,Annual,722.0,18.0,Yes
187649.0,59.0,Female,44.0,13.0,8.0,0.0,Premium,Monthly,319.0,30.0,Yes
284743.0,32.0,Female,55.0,9.0,1.0,8.0,Premium,Quarterly,747.06,9.0,No
117602.0,42.0,Female,10.0,22.0,8.0,22.0,Basic,Quarterly,891.0,11.0,Yes
366193.0,50.0,Male,1.0,1.0,2.0,16.0,Premium,Annual,746.35,27.0,No
118136.0,40.0,Male,59.0,6.0,9.0,7.0,Premium,Quarterly,221.0,30.0,Yes
326611.0,42.0,Female,30.0,30.0,2.0,3.0,Basic,Quarterly,719.48,13.0,No
300466.0,36.0,Male,59.0,15.0,0.0,14.0,Basic,Quarterly,624.24,19.0,No
419305.0,42.0,Male,43.0,12.0,2.0,6.0,Premium,Annual,744.94,28.0,No
64033.0,19.0,Male,48.0,9.0,3.0,25.0,Standard,Annual,652.0,15.0,Yes
287438.0,23.0,Female,52.0,30.0,1.0,17.0,Basic,Quarterly,693.11,15.0,No
60231.0,23.0,Female,18.0,2.0,7.0,20.0,Standard,Quarterly,935.0,1.0,Yes
284428.0,46.0,Male,44.0,30.0,4.0,20.0,Premium,Annual,983.41,5.0,No
238004.0,50.0,Male,44.0,27.0,5.0,20.0,Premium,Monthly,302.02,7.0,Yes
369852.0,34.0,Female,38.0,24.0,2.0,0.0,Standard,Quarterly,928.39,7.0,No
417302.0,25.0,Female,10.0,11.0,1.0,11.0,Basic,Annual,588.5,6.0,No
169827.0,55.0,Female,60.0,9.0,9.0,9.0,Standard,Monthly,331.0,12.0,Yes
238018.0,44.0,Male,38.0,3.0,6.0,24.0,Standard,Quarterly,968.61,16.0,Yes
187445.0,59.0,Male,60.0,11.0,10.0,20.0,Basic,Quarterly,962.0,8.0,Yes
376252.0,24.0,Female,37.0,23.0,2.0,18.0,Standard,Annual,504.19,5.0,No
218096.0,63.0,Male,49.0,12.0,7.0,8.0,Standard,Quarterly,499.19,28.0,Yes
349576.0,30.0,Female,53.0,3.0,1.0,14.0,Standard,Quarterly,895.05,11.0,No
259624.0,34.0,Male,46.0,3.0,2.0,10.0,Standard,Monthly,499.83,2.0,Yes
22097.0,35.0,Male,12.0,23.0,1.0,20.0,Premium,Annual,549.0,10.0,No
155004.0,28.0,Male,20.0,9.0,8.0,6.0,Basic,Quarterly,959.0,1.0,Yes
215362.0,18.0,Male,53.0,9.0,5.0,21.0,Standard,Monthly,753.61,25.0,Yes
236354.0,48.0,Female,13.0,9.0,3.0,12.0,Basic,Quarterly,568.69,3.0,Yes
152850.0,28.0,Female,13.0,6.0,8.0,29.0,Basic,Quarterly,461.0,19.0,Yes
330500.0,39.0,Female,42.0,7.0,1.0,16.0,Standard,Quarterly,739.33,7.0,No
155657.0,31.0,Male,43.0,30.0,3.0,1.0,Standard,Monthly,828.0,14.0,Yes
300115.0,28.0,Male,57.0,3.0,1.0,2.0,Basic,Annual,746.93,4.0,No
82343.0,33.0,Female,28.0,23.0,8.0,3.0,Basic,Monthly,208.0,10.0,Yes
240977.0,39.0,Male,53.0,29.0,8.0,28.0,Basic,Quarterly,875.81,10.0,Yes
318835.0,37.0,Female,51.0,13.0,3.0,15.0,Standard,Annual,665.78,12.0,No
282746.0,40.0,Female,37.0,28.0,0.0,16.0,Standard,Annual,676.46,10.0,No
38540.0,54.0,Male,6.0,2.0,0.0,5.0,Standard,Monthly,822.0,26.0,Yes
73549.0,56.0,Female,44.0,8.0,8.0,3.0,Premium,Monthly,450.0,8.0,Yes
100984.0,30.0,Female,32.0,7.0,0.0,28.0,Standard,Quarterly,514.0,13.0,Yes
222424.0,59.0,Female,39.0,5.0,10.0,5.0,Basic,Quarterly,910.68,13.0,Yes
187844.0,19.0,Female,25.0,3.0,2.0,6.0,Standard,Quarterly,281.0,29.0,Yes
330384.0,30.0,Male,2.0,23.0,0.0,11.0,Premium,Annual,814.93,20.0,No
426266.0,30.0,Male,51.0,1.0,2.0,13.0,Basic,Annual,752.91,22.0,No
339537.0,40.0,Female,23.0,28.0,0.0,17.0,Standard,Quarterly,794.18,14.0,No
149218.0,27.0,Male,8.0,19.0,2.0,18.0,Premium,Annual,362.0,7.0,Yes
305166.0,48.0,Male,11.0,28.0,2.0,3.0,Standard,Quarterly,727.55,30.0,No
314843.0,44.0,Male,40.0,15.0,0.0,5.0,Basic,Annual,656.21,9.0,No
257454.0,56.0,Male,56.0,19.0,10.0,2.0,Standard,Annual,549.22,7.0,Yes
320112.0,49.0,Female,33.0,12.0,0.0,16.0,Standard,Annual,654.21,10.0,No
125735.0,32.0,Male,52.0,9.0,6.0,7.0,Premium,Monthly,484.0,24.0,Yes
280384.0,40.0,Female,45.0,7.0,2.0,14.0,Standard,Annual,870.04,5.0,No
272095.0,43.0,Male,35.0,20.0,0.0,7.0,Standard,Annual,973.55,26.0,No
316772.0,38.0,Female,52.0,19.0,0.0,4.0,Basic,Annual,724.79,9.0,No
268807.0,22.0,Female,57.0,14.0,1.0,15.0,Standard,Quarterly,556.58,3.0,No
66109.0,31.0,Male,26.0,10.0,0.0,22.0,Basic,Monthly,536.0,9.0,Yes
16178.0,44.0,Male,34.0,27.0,10.0,15.0,Basic,Monthly,427.0,26.0,Yes
303012.0,30.0,Female,22.0,14.0,2.0,0.0,Basic,Annual,806.74,11.0,No
412890.0,21.0,Female,41.0,22.0,1.0,4.0,Basic,Quarterly,961.33,4.0,No
137680.0,39.0,Female,18.0,3.0,10.0,1.0,Basic,Quarterly,217.0,3.0,Yes
154008.0,63.0,Female,40.0,15.0,7.0,12.0,Standard,Monthly,158.0,21.0,Yes
372368.0,40.0,Female,9.0,14.0,2.0,1.0,Standard,Quarterly,836.32,4.0,No
298301.0,39.0,Male,31.0,17.0,0.0,3.0,Basic,Quarterly,912.87,10.0,No
434596.0,40.0,Male,30.0,3.0,3.0,20.0,Standard,Quarterly,648.71,4.0,No
43397.0,25.0,Male,21.0,29.0,4.0,15.0,Premium,Annual,835.0,8.0,Yes
374604.0,42.0,Male,47.0,19.0,3.0,6.0,Standard,Annual,840.75,9.0,No
242417.0,35.0,Female,23.0,6.0,10.0,29.0,Basic,Monthly,273.55,26.0,Yes
387324.0,30.0,Female,41.0,24.0,3.0,0.0,Premium,Annual,789.39,10.0,No
267882.0,21.0,Male,19.0,11.0,2.0,6.0,Premium,Quarterly,875.49,17.0,No
292600.0,35.0,Male,6.0,10.0,1.0,5.0,Basic,Quarterly,817.45,15.0,No
76668.0,55.0,Female,18.0,20.0,4.0,5.0,Standard,Quarterly,722.0,14.0,Yes
196158.0,64.0,Male,30.0,12.0,8.0,7.0,Premium,Annual,932.0,27.0,Yes
312462.0,25.0,Male,11.0,19.0,1.0,0.0,Basic,Quarterly,994.15,18.0,No
213702.0,34.0,Female,22.0,1.0,0.0,12.0,Basic,Annual,800.61,8.0,Yes
54107.0,44.0,Female,23.0,26.0,10.0,4.0,Basic,Quarterly,780.0,16.0,Yes
102019.0,44.0,Female,60.0,5.0,10.0,4.0,Basic,Monthly,505.0,24.0,Yes
428630.0,50.0,Male,21.0,24.0,5.0,6.0,Basic,Annual,867.11,30.0,No
65957.0,28.0,Female,30.0,12.0,10.0,28.0,Standard,Monthly,119.0,21.0,Yes
77160.0,26.0,Male,12.0,10.0,6.0,25.0,Standard,Annual,452.0,19.0,Yes
10277.0,51.0,Female,41.0,19.0,2.0,30.0,Basic,Quarterly,433.0,10.0,Yes
232959.0,35.0,Male,15.0,17.0,3.0,6.0,Basic,Quarterly,228.76,3.0,Yes
31525.0,58.0,Female,46.0,28.0,8.0,15.0,Premium,Annual,184.0,30.0,Yes
733.0,59.0,Male,29.0,13.0,0.0,3.0,Premium,Quarterly,737.0,9.0,Yes
409012.0,48.0,Female,45.0,7.0,2.0,19.0,Basic,Annual,972.99,5.0,No
313923.0,30.0,Male,38.0,6.0,3.0,14.0,Premium,Quarterly,706.92,12.0,No
402849.0,45.0,Male,51.0,10.0,4.0,9.0,Basic,Annual,773.35,1.0,No
337472.0,42.0,Male,33.0,24.0,0.0,1.0,Premium,Annual,888.96,22.0,No
142784.0,62.0,Female,56.0,3.0,2.0,30.0,Basic,Monthly,855.0,12.0,Yes
236572.0,39.0,Male,29.0,14.0,7.0,12.0,Basic,Annual,236.62,2.0,Yes
100340.0,19.0,Female,12.0,25.0,8.0,7.0,Premium,Quarterly,357.0,6.0,Yes
96462.0,54.0,Female,44.0,10.0,10.0,16.0,Standard,Quarterly,223.0,23.0,Yes
127760.0,32.0,Male,25.0,14.0,9.0,24.0,Premium,Annual,790.0,28.0,Yes
20733.0,53.0,Female,33.0,19.0,5.0,15.0,Standard,Quarterly,522.0,11.0,Yes
177429.0,31.0,Male,34.0,9.0,7.0,16.0,Premium,Annual,141.0,13.0,Yes
149950.0,25.0,Male,31.0,20.0,10.0,11.0,Basic,Quarterly,660.0,11.0,Yes
36194.0,43.0,Male,34.0,8.0,6.0,3.0,Basic,Annual,181.0,9.0,Yes
82278.0,23.0,Female,30.0,1.0,6.0,10.0,Premium,Quarterly,555.0,12.0,Yes
320430.0,50.0,Male,21.0,18.0,2.0,2.0,Standard,Annual,742.0,11.0,No
234674.0,22.0,Female,17.0,18.0,1.0,16.0,Premium,Annual,750.46,20.0,Yes
235806.0,48.0,Female,20.0,30.0,3.0,16.0,Standard,Annual,201.47,27.0,Yes
177087.0,33.0,Male,16.0,1.0,3.0,23.0,Basic,Quarterly,474.0,24.0,Yes
296253.0,41.0,Male,26.0,25.0,0.0,4.0,Basic,Annual,673.63,18.0,No
20629.0,54.0,Female,48.0,8.0,3.0,21.0,Standard,Annual,263.0,3.0,Yes
27546.0,21.0,Female,4.0,15.0,8.0,6.0,Premium,Monthly,974.0,28.0,Yes
262766.0,29.0,Female,25.0,26.0,0.0,6.0,Standard,Quarterly,576.08,12.0,No
181084.0,20.0,Male,12.0,17.0,2.0,0.0,Standard,Annual,628.0,14.0,No
285291.0,33.0,Male,15.0,16.0,0.0,14.0,Premium,Annual,651.85,6.0,No
95388.0,30.0,Male,53.0,8.0,9.0,14.0,Basic,Annual,250.0,6.0,Yes
19695.0,21.0,Female,32.0,4.0,3.0,12.0,Standard,Quarterly,767.0,13.0,Yes
36937.0,40.0,Female,7.0,1.0,4.0,3.0,Basic,Quarterly,173.0,1.0,Yes
5746.0,31.0,Male,10.0,2.0,4.0,23.0,Premium,Quarterly,988.0,28.0,Yes
299885.0,38.0,Male,21.0,19.0,2.0,3.0,Standard,Annual,702.87,6.0,No
436972.0,43.0,Female,4.0,18.0,3.0,6.0,Premium,Quarterly,726.83,9.0,No
160666.0,34.0,Male,39.0,16.0,4.0,29.0,Basic,Quarterly,152.0,22.0,Yes
274114.0,39.0,Male,18.0,21.0,3.0,9.0,Standard,Annual,540.02,21.0,No
175869.0,59.0,Female,44.0,4.0,3.0,20.0,Standard,Monthly,723.0,24.0,Yes
163074.0,53.0,Female,25.0,4.0,2.0,21.0,Basic,Monthly,719.0,26.0,Yes
182694.0,20.0,Male,43.0,25.0,6.0,5.0,Basic,Quarterly,424.0,11.0,Yes
313065.0,19.0,Female,59.0,26.0,0.0,16.0,Basic,Quarterly,537.58,2.0,No
6643.0,42.0,Female,30.0,4.0,4.0,25.0,Standard,Quarterly,766.0,25.0,Yes
176829.0,54.0,Female,44.0,19.0,5.0,11.0,Basic,Quarterly,412.0,5.0,Yes
9750.0,61.0,Female,17.0,28.0,7.0,26.0,Premium,Monthly,574.0,19.0,Yes
89732.0,23.0,Male,20.0,6.0,7.0,22.0,Premium,Monthly,485.0,18.0,Yes
76079.0,60.0,Female,10.0,26.0,10.0,10.0,Standard,Quarterly,100.0,7.0,Yes
266734.0,27.0,Female,36.0,28.0,0.0,1.0,Basic,Annual,604.82,10.0,No
237634.0,31.0,Male,59.0,25.0,6.0,18.0,Standard,Annual,655.08,23.0,Yes
143508.0,56.0,Male,31.0,2.0,2.0,29.0,Premium,Annual,429.0,17.0,Yes
333961.0,47.0,Male,58.0,18.0,0.0,3.0,Standard,Annual,893.39,26.0,No
120281.0,25.0,Female,7.0,4.0,7.0,17.0,Basic,Quarterly,384.0,12.0,Yes
315412.0,46.0,Male,3.0,8.0,3.0,19.0,Standard,Quarterly,549.38,28.0,No
431192.0,42.0,Male,23.0,23.0,2.0,2.0,Basic,Annual,638.23,2.0,No
19208.0,27.0,Male,17.0,24.0,10.0,22.0,Standard,Monthly,108.0,24.0,Yes
280644.0,29.0,Male,55.0,11.0,1.0,1.0,Standard,Quarterly,786.36,29.0,No
256424.0,49.0,Female,53.0,27.0,2.0,21.0,Basic,Annual,358.08,12.0,Yes
167487.0,57.0,Female,30.0,26.0,0.0,27.0,Basic,Monthly,385.0,16.0,Yes
340525.0,37.0,Female,23.0,28.0,1.0,2.0,Premium,Quarterly,601.84,13.0,No
387189.0,26.0,Male,45.0,18.0,1.0,16.0,Premium,Annual,977.96,30.0,No
49920.0,48.0,Female,44.0,25.0,0.0,23.0,Basic,Quarterly,796.0,18.0,Yes
82807.0,26.0,Male,49.0,29.0,7.0,8.0,Premium,Monthly,733.0,28.0,Yes
180842.0,55.0,Male,1.0,1.0,1.0,20.0,Standard,Annual,278.0,11.0,Yes
71517.0,63.0,Female,18.0,27.0,6.0,22.0,Basic,Monthly,779.0,24.0,Yes
45947.0,49.0,Female,18.0,10.0,8.0,28.0,Basic,Monthly,457.0,8.0,Yes
418682.0,24.0,Male,12.0,11.0,2.0,17.0,Standard,Annual,940.87,2.0,No
54244.0,64.0,Male,2.0,10.0,1.0,25.0,Basic,Quarterly,123.0,13.0,Yes
296410.0,46.0,Female,41.0,23.0,0.0,19.0,Basic,Annual,546.31,15.0,No
355746.0,22.0,Male,38.0,30.0,2.0,8.0,Premium,Annual,786.29,24.0,No
202340.0,41.0,Female,33.0,9.0,6.0,1.0,Premium,Quarterly,869.0,13.0,Yes
138851.0,42.0,Female,50.0,23.0,7.0,27.0,Basic,Monthly,469.0,25.0,Yes
360183.0,50.0,Male,38.0,14.0,4.0,8.0,Premium,Quarterly,948.99,29.0,No
369419.0,32.0,Male,7.0,21.0,2.0,12.0,Premium,Quarterly,970.64,24.0,No
19513.0,61.0,Male,15.0,27.0,3.0,18.0,Premium,Monthly,290.0,18.0,Yes
221504.0,60.0,Male,59.0,15.0,5.0,3.0,Premium,Annual,789.52,2.0,Yes
39183.0,36.0,Female,7.0,23.0,9.0,18.0,Standard,Quarterly,860.0,24.0,Yes
218934.0,56.0,Male,30.0,30.0,8.0,24.0,Premium,Annual,474.01,24.0,Yes
166478.0,34.0,Male,25.0,9.0,9.0,27.0,Standard,Quarterly,404.0,26.0,Yes
432000.0,26.0,Female,15.0,29.0,1.0,10.0,Basic,Annual,629.77,6.0,No
31329.0,41.0,Male,6.0,23.0,5.0,12.0,Basic,Annual,952.0,27.0,Yes
332166.0,41.0,Male,31.0,20.0,3.0,9.0,Premium,Annual,838.15,18.0,No
264094.0,42.0,Female,42.0,2.0,0.0,10.0,Premium,Quarterly,975.95,5.0,No
168924.0,31.0,Male,51.0,5.0,8.0,6.0,Premium,Quarterly,233.0,18.0,Yes
258878.0,19.0,Female,40.0,8.0,9.0,14.0,Basic,Monthly,466.14,8.0,Yes
39486.0,20.0,Female,51.0,22.0,8.0,23.0,Premium,Annual,156.0,25.0,Yes
280274.0,20.0,Male,26.0,13.0,1.0,2.0,Standard,Annual,558.55,16.0,No
139966.0,61.0,Male,15.0,9.0,3.0,20.0,Standard,Quarterly,998.0,5.0,Yes
165578.0,41.0,Male,24.0,23.0,10.0,13.0,Basic,Monthly,907.0,9.0,Yes
188446.0,29.0,Female,27.0,9.0,4.0,23.0,Premium,Quarterly,418.0,30.0,Yes
263729.0,31.0,Female,36.0,3.0,3.0,4.0,Premium,Quarterly,699.12,10.0,No
422616.0,46.0,Male,27.0,30.0,2.0,7.0,Standard,Quarterly,833.01,25.0,No
347369.0,40.0,Male,59.0,22.0,1.0,16.0,Premium,Annual,548.51,13.0,No
413098.0,23.0,Female,50.0,14.0,0.0,3.0,Standard,Quarterly,586.4,12.0,No
234201.0,57.0,Female,11.0,12.0,3.0,12.0,Basic,Annual,892.93,1.0,Yes
131069.0,34.0,Female,16.0,21.0,6.0,8.0,Standard,Annual,658.0,14.0,Yes
90776.0,65.0,Female,9.0,25.0,7.0,1.0,Premium,Annual,257.0,12.0,Yes
32142.0,38.0,Male,16.0,20.0,10.0,25.0,Standard,Monthly,986.0,9.0,Yes
182036.0,55.0,Male,35.0,3.0,9.0,15.0,Basic,Quarterly,465.0,2.0,Yes
351977.0,33.0,Male,17.0,17.0,3.0,7.0,Basic,Annual,876.77,13.0,No
299693.0,22.0,Male,18.0,24.0,0.0,12.0,Premium,Quarterly,633.46,20.0,No
156519.0,43.0,Female,10.0,24.0,8.0,29.0,Standard,Annual,127.0,29.0,Yes
316150.0,40.0,Male,4.0,1.0,0.0,3.0,Premium,Quarterly,924.06,11.0,No
341376.0,37.0,Male,37.0,21.0,0.0,11.0,Premium,Annual,872.82,6.0,No
148299.0,40.0,Male,11.0,5.0,4.0,2.0,Basic,Annual,464.0,10.0,Yes
28614.0,40.0,Male,6.0,9.0,7.0,7.0,Basic,Annual,412.0,20.0,Yes
120039.0,20.0,Female,36.0,30.0,6.0,15.0,Premium,Monthly,676.0,28.0,Yes
260173.0,20.0,Male,33.0,14.0,1.0,8.0,Premium,Annual,955.7,23.0,No
122899.0,54.0,Male,17.0,18.0,7.0,28.0,Premium,Monthly,495.0,19.0,Yes
307008.0,30.0,Male,51.0,5.0,1.0,10.0,Basic,Quarterly,853.02,6.0,No
214626.0,61.0,Female,36.0,14.0,2.0,10.0,Standard,Monthly,264.87,23.0,Yes
407695.0,32.0,Male,42.0,1.0,1.0,9.0,Premium,Quarterly,689.74,7.0,No
217095.0,18.0,Male,41.0,30.0,4.0,29.0,Premium,Quarterly,731.89,9.0,Yes
263916.0,46.0,Female,57.0,1.0,2.0,11.0,Basic,Quarterly,806.12,4.0,No
69163.0,22.0,Female,42.0,14.0,2.0,7.0,Premium,Annual,429.0,28.0,Yes
260426.0,46.0,Male,27.0,11.0,10.0,16.0,Standard,Monthly,492.49,10.0,Yes
161767.0,57.0,Female,33.0,11.0,9.0,19.0,Premium,Monthly,882.0,6.0,Yes
229012.0,28.0,Male,41.0,3.0,3.0,11.0,Basic,Annual,289.96,8.0,Yes
162953.0,53.0,Male,49.0,2.0,6.0,8.0,Basic,Annual,493.0,3.0,Yes
165016.0,53.0,Female,44.0,17.0,3.0,0.0,Premium,Monthly,626.0,16.0,Yes
239022.0,34.0,Female,24.0,9.0,2.0,7.0,Standard,Annual,336.04,11.0,Yes
141976.0,58.0,Female,36.0,6.0,1.0,26.0,Standard,Quarterly,868.0,23.0,Yes
68285.0,64.0,Male,37.0,25.0,7.0,17.0,Premium,Monthly,656.0,12.0,Yes
389381.0,50.0,Male,44.0,18.0,4.0,6.0,Basic,Annual,698.29,9.0,No
190672.0,23.0,Male,41.0,25.0,5.0,5.0,Standard,Annual,429.0,18.0,Yes
287447.0,43.0,Male,25.0,5.0,4.0,9.0,Basic,Quarterly,814.56,22.0,No
131273.0,55.0,Female,6.0,25.0,0.0,7.0,Standard,Quarterly,719.0,18.0,Yes
105884.0,61.0,Male,10.0,22.0,9.0,7.0,Basic,Annual,585.0,25.0,Yes
116710.0,42.0,Female,31.0,3.0,0.0,15.0,Standard,Quarterly,459.0,14.0,Yes
225880.0,59.0,Male,38.0,20.0,8.0,19.0,Basic,Annual,370.12,28.0,Yes
4087.0,38.0,Female,9.0,29.0,5.0,10.0,Basic,Monthly,756.0,15.0,Yes
87999.0,63.0,Male,50.0,22.0,1.0,20.0,Basic,Monthly,566.0,26.0,Yes
182069.0,31.0,Female,18.0,5.0,6.0,9.0,Standard,Annual,651.0,23.0,Yes
153321.0,26.0,Male,21.0,23.0,7.0,1.0,Basic,Annual,895.0,17.0,Yes
253147.0,20.0,Female,12.0,6.0,3.0,1.0,Premium,Quarterly,546.55,3.0,Yes
216339.0,30.0,Female,38.0,29.0,1.0,20.0,Standard,Monthly,795.38,14.0,Yes
270414.0,30.0,Female,11.0,18.0,3.0,0.0,Premium,Annual,626.57,13.0,No
319480.0,46.0,Male,21.0,27.0,4.0,17.0,Premium,Quarterly,773.94,23.0,No
182278.0,31.0,Female,27.0,7.0,7.0,14.0,Standard,Annual,571.0,25.0,Yes
105724.0,50.0,Male,46.0,27.0,5.0,29.0,Basic,Quarterly,769.0,6.0,Yes
206992.0,55.0,Male,58.0,1.0,0.0,20.0,Premium,Monthly,136.36,9.0,Yes
419095.0,37.0,Male,11.0,30.0,0.0,7.0,Standard,Quarterly,778.31,7.0,No
143219.0,54.0,Male,18.0,17.0,3.0,24.0,Premium,Monthly,595.0,28.0,Yes
288103.0,31.0,Male,36.0,16.0,1.0,19.0,Standard,Quarterly,946.64,19.0,No
236410.0,18.0,Female,10.0,12.0,5.0,28.0,Basic,Annual,139.13,18.0,Yes
351171.0,27.0,Male,41.0,12.0,0.0,7.0,Standard,Annual,551.5,28.0,No
373534.0,36.0,Male,32.0,2.0,2.0,10.0,Basic,Annual,732.83,11.0,No
25542.0,52.0,Female,23.0,21.0,2.0,24.0,Standard,Annual,244.0,22.0,Yes
378566.0,35.0,Female,38.0,26.0,2.0,2.0,Premium,Annual,520.94,13.0,No
194559.0,24.0,Male,44.0,20.0,6.0,4.0,Premium,Monthly,864.0,15.0,Yes
144463.0,26.0,Male,38.0,3.0,9.0,23.0,Standard,Monthly,640.0,2.0,Yes
333385.0,18.0,Female,18.0,18.0,0.0,2.0,Basic,Quarterly,931.19,14.0,No
309557.0,26.0,Male,33.0,5.0,0.0,9.0,Standard,Quarterly,796.34,14.0,No
153119.0,36.0,Male,12.0,8.0,5.0,22.0,Premium,Annual,126.0,12.0,Yes
446807.0,21.0,Male,30.0,30.0,1.0,2.0,Basic,Quarterly,694.79,11.0,No
359890.0,50.0,Male,3.0,1.0,2.0,0.0,Standard,Annual,963.43,8.0,No
90586.0,51.0,Male,54.0,3.0,6.0,2.0,Premium,Quarterly,338.0,19.0,Yes
542.0,61.0,Female,21.0,27.0,0.0,8.0,Standard,Annual,950.0,25.0,Yes
260675.0,31.0,Female,48.0,16.0,7.0,24.0,Premium,Annual,686.24,28.0,Yes
24196.0,54.0,Male,7.0,7.0,6.0,17.0,Standard,Quarterly,114.0,12.0,Yes
6262.0,63.0,Male,51.0,23.0,8.0,9.0,Basic,Quarterly,354.0,4.0,Yes
200698.0,64.0,Male,35.0,19.0,2.0,11.0,Premium,Quarterly,100.0,18.0,Yes
277462.0,31.0,Male,24.0,11.0,3.0,12.0,Standard,Annual,672.28,3.0,No
315048.0,27.0,Female,48.0,3.0,1.0,9.0,Basic,Quarterly,707.53,2.0,No
163140.0,59.0,Male,25.0,26.0,4.0,11.0,Basic,Monthly,314.0,23.0,Yes
222457.0,32.0,Male,40.0,23.0,9.0,24.0,Premium,Annual,562.63,19.0,Yes
101476.0,54.0,Male,40.0,3.0,6.0,0.0,Basic,Monthly,603.0,26.0,Yes
359628.0,26.0,Female,38.0,10.0,0.0,7.0,Premium,Annual,523.56,13.0,No
99226.0,24.0,Female,31.0,3.0,5.0,7.0,Basic,Quarterly,587.0,3.0,Yes
368990.0,40.0,Male,46.0,6.0,0.0,10.0,Basic,Quarterly,695.05,11.0,No
335807.0,20.0,Female,8.0,23.0,0.0,14.0,Premium,Quarterly,697.73,6.0,No
324478.0,23.0,Male,44.0,8.0,0.0,4.0,Basic,Annual,720.57,15.0,No
33642.0,46.0,Male,58.0,25.0,0.0,2.0,Premium,Monthly,643.0,2.0,Yes
45357.0,64.0,Male,48.0,3.0,0.0,0.0,Premium,Quarterly,768.0,18.0,Yes
62421.0,50.0,Female,4.0,14.0,5.0,28.0,Premium,Quarterly,490.0,11.0,Yes
282835.0,50.0,Male,47.0,16.0,4.0,13.0,Standard,Annual,694.48,28.0,No
368262.0,32.0,Male,17.0,18.0,1.0,5.0,Premium,Quarterly,614.55,18.0,No
24740.0,65.0,Male,46.0,24.0,2.0,30.0,Standard,Quarterly,984.0,25.0,Yes
143832.0,32.0,Female,28.0,24.0,6.0,14.0,Premium,Monthly,191.0,24.0,Yes
148595.0,52.0,Male,44.0,13.0,3.0,17.0,Basic,Quarterly,584.0,23.0,Yes
445185.0,39.0,Male,14.0,28.0,1.0,15.0,Premium,Annual,635.44,18.0,No
385103.0,32.0,Female,20.0,13.0,0.0,18.0,Premium,Quarterly,539.32,9.0,No
36478.0,41.0,Female,60.0,4.0,9.0,6.0,Standard,Monthly,293.0,2.0,Yes
398766.0,38.0,Male,34.0,20.0,2.0,5.0,Premium,Quarterly,894.91,23.0,No
278571.0,32.0,Male,28.0,17.0,0.0,14.0,Basic,Quarterly,905.34,27.0,No
417631.0,45.0,Male,59.0,28.0,3.0,6.0,Standard,Annual,919.06,12.0,No
350225.0,41.0,Male,57.0,14.0,3.0,0.0,Premium,Quarterly,562.16,27.0,No
401075.0,21.0,Female,27.0,19.0,2.0,4.0,Basic,Quarterly,620.36,4.0,No
227580.0,47.0,Female,25.0,6.0,1.0,13.0,Basic,Monthly,917.14,23.0,Yes
254580.0,45.0,Male,60.0,17.0,3.0,17.0,Basic,Monthly,426.84,16.0,Yes
235111.0,36.0,Male,17.0,16.0,4.0,19.0,Premium,Annual,108.18,24.0,Yes
195707.0,55.0,Female,46.0,21.0,9.0,13.0,Basic,Monthly,455.0,10.0,Yes
273190.0,46.0,Male,22.0,11.0,2.0,14.0,Premium,Quarterly,909.98,5.0,No
151625.0,29.0,Female,11.0,14.0,6.0,6.0,Basic,Quarterly,840.0,29.0,Yes
243219.0,19.0,Male,10.0,11.0,3.0,0.0,Basic,Monthly,568.34,6.0,Yes
146497.0,59.0,Female,56.0,22.0,7.0,1.0,Basic,Annual,528.0,27.0,Yes
175644.0,35.0,Male,3.0,20.0,3.0,24.0,Basic,Quarterly,930.0,23.0,Yes
367969.0,44.0,Male,23.0,21.0,2.0,9.0,Premium,Quarterly,631.1,9.0,No
103496.0,54.0,Male,20.0,24.0,1.0,26.0,Standard,Monthly,730.0,24.0,Yes
415920.0,41.0,Male,55.0,26.0,4.0,14.0,Basic,Quarterly,925.25,23.0,No
19587.0,27.0,Male,20.0,8.0,0.0,16.0,Standard,Quarterly,440.0,29.0,Yes
340660.0,31.0,Male,28.0,7.0,0.0,16.0,Basic,Annual,504.66,3.0,No
171907.0,29.0,Female,54.0,19.0,9.0,17.0,Standard,Annual,282.0,3.0,Yes
194017.0,61.0,Female,49.0,10.0,8.0,29.0,Standard,Monthly,342.0,29.0,Yes
289714.0,36.0,Male,22.0,30.0,2.0,4.0,Standard,Quarterly,926.63,22.0,No
308710.0,18.0,Male,29.0,14.0,1.0,16.0,Standard,Annual,897.17,12.0,No
15277.0,28.0,Female,37.0,23.0,3.0,3.0,Premium,Monthly,605.0,1.0,Yes
87778.0,50.0,Male,50.0,19.0,3.0,15.0,Premium,Quarterly,103.0,10.0,Yes
21200.0,43.0,Female,51.0,24.0,7.0,6.0,Premium,Annual,942.0,7.0,Yes
305476.0,42.0,Female,25.0,19.0,4.0,13.0,Premium,Annual,997.37,11.0,No
11414.0,55.0,Female,7.0,28.0,5.0,15.0,Standard,Quarterly,580.0,8.0,Yes
73167.0,35.0,Female,27.0,9.0,10.0,20.0,Basic,Annual,544.0,22.0,Yes
435853.0,36.0,Female,34.0,18.0,3.0,16.0,Standard,Annual,521.04,2.0,No
17313.0,31.0,Female,56.0,1.0,0.0,29.0,Basic,Monthly,185.0,30.0,Yes
104294.0,63.0,Female,35.0,23.0,8.0,12.0,Premium,Annual,144.0,9.0,Yes
437653.0,47.0,Male,30.0,2.0,0.0,15.0,Basic,Annual,733.34,25.0,No
64839.0,38.0,Female,44.0,27.0,1.0,2.0,Standard,Quarterly,748.0,21.0,Yes
122809.0,54.0,Female,38.0,4.0,4.0,15.0,Premium,Monthly,307.0,18.0,Yes
211434.0,30.0,Male,38.0,15.0,5.0,14.0,Basic,Quarterly,548.26,12.0,Yes
329759.0,48.0,Male,56.0,28.0,3.0,11.0,Premium,Quarterly,540.01,24.0,No
78724.0,63.0,Male,47.0,12.0,1.0,20.0,Standard,Monthly,978.0,15.0,Yes
383455.0,22.0,Male,32.0,12.0,1.0,4.0,Basic,Annual,781.86,9.0,No
278931.0,28.0,Male,54.0,24.0,1.0,7.0,Basic,Quarterly,595.37,23.0,No
132031.0,49.0,Female,16.0,26.0,7.0,9.0,Standard,Annual,428.0,27.0,Yes
176463.0,38.0,Male,28.0,21.0,9.0,20.0,Basic,Annual,722.0,11.0,Yes
6176.0,46.0,Female,31.0,15.0,2.0,10.0,Premium,Quarterly,328.0,17.0,Yes
142314.0,55.0,Male,9.0,23.0,0.0,30.0,Premium,Quarterly,683.0,9.0,Yes
164530.0,65.0,Female,22.0,20.0,7.0,6.0,Standard,Quarterly,423.0,1.0,Yes
66561.0,29.0,Male,38.0,21.0,0.0,21.0,Standard,Annual,580.0,17.0,Yes
227243.0,25.0,Female,32.0,14.0,6.0,16.0,Standard,Monthly,436.76,30.0,Yes
261292.0,43.0,Female,7.0,5.0,4.0,2.0,Basic,Annual,981.12,4.0,No
368404.0,47.0,Male,37.0,18.0,1.0,16.0,Premium,Quarterly,565.39,5.0,No
176581.0,47.0,Male,47.0,27.0,2.0,15.0,Basic,Quarterly,344.0,4.0,Yes
435979.0,26.0,Male,14.0,14.0,1.0,19.0,Basic,Quarterly,512.81,30.0,No
189922.0,44.0,Male,23.0,18.0,0.0,25.0,Premium,Annual,794.0,29.0,Yes
174030.0,49.0,Female,9.0,20.0,5.0,18.0,Premium,Monthly,701.0,8.0,Yes
318295.0,39.0,Female,24.0,26.0,0.0,3.0,Basic,Quarterly,867.34,6.0,No
284787.0,43.0,Female,46.0,24.0,4.0,19.0,Standard,Annual,624.79,5.0,No
393769.0,18.0,Female,26.0,17.0,0.0,15.0,Standard,Annual,656.91,5.0,No
103614.0,41.0,Male,15.0,8.0,2.0,27.0,Premium,Monthly,470.0,15.0,Yes
387534.0,48.0,Male,29.0,3.0,1.0,12.0,Premium,Quarterly,565.79,7.0,No
309686.0,39.0,Female,13.0,24.0,0.0,19.0,Standard,Annual,893.66,7.0,No
389150.0,39.0,Male,29.0,24.0,3.0,11.0,Premium,Annual,986.61,21.0,No
15402.0,35.0,Male,52.0,28.0,5.0,5.0,Premium,Annual,242.0,26.0,Yes
382453.0,34.0,Female,18.0,19.0,1.0,10.0,Basic,Quarterly,875.38,11.0,No
216116.0,47.0,Female,49.0,7.0,3.0,19.0,Basic,Annual,714.18,29.0,Yes
375779.0,26.0,Male,11.0,22.0,0.0,18.0,Premium,Quarterly,584.17,3.0,No
119348.0,31.0,Male,51.0,29.0,8.0,27.0,Premium,Quarterly,722.0,21.0,Yes
218854.0,20.0,Female,20.0,11.0,6.0,4.0,Premium,Quarterly,996.08,29.0,Yes
269211.0,47.0,Male,46.0,14.0,0.0,8.0,Basic,Annual,729.17,19.0,No
395435.0,42.0,Male,22.0,24.0,2.0,6.0,Standard,Quarterly,636.88,23.0,No
240897.0,53.0,Female,42.0,15.0,4.0,7.0,Premium,Annual,693.98,25.0,Yes
215951.0,26.0,Female,13.0,29.0,9.0,28.0,Premium,Monthly,755.47,3.0,Yes
99262.0,55.0,Male,15.0,20.0,10.0,15.0,Basic,Annual,380.0,3.0,Yes
50328.0,49.0,Female,46.0,13.0,4.0,2.0,Basic,Annual,471.0,5.0,Yes
223242.0,41.0,Male,37.0,24.0,8.0,15.0,Basic,Monthly,791.97,10.0,Yes
106603.0,25.0,Female,32.0,8.0,9.0,26.0,Basic,Monthly,837.0,10.0,Yes
378395.0,36.0,Female,21.0,26.0,2.0,5.0,Standard,Annual,609.41,1.0,No
412242.0,42.0,Male,25.0,10.0,1.0,8.0,Premium,Quarterly,727.14,18.0,No
356595.0,37.0,Male,25.0,11.0,1.0,0.0,Basic,Quarterly,526.62,14.0,No
7294.0,63.0,Male,24.0,30.0,9.0,18.0,Premium,Quarterly,490.0,2.0,Yes
426232.0,45.0,Male,27.0,30.0,2.0,6.0,Standard,Quarterly,745.36,11.0,No
68841.0,43.0,Male,9.0,11.0,6.0,13.0,Premium,Quarterly,987.0,30.0,Yes
400721.0,25.0,Male,32.0,30.0,2.0,13.0,Standard,Quarterly,867.91,12.0,No
255939.0,39.0,Male,15.0,5.0,5.0,25.0,Basic,Quarterly,539.25,23.0,Yes
133072.0,19.0,Female,31.0,19.0,9.0,10.0,Premium,Monthly,662.0,24.0,Yes
348315.0,30.0,Male,22.0,16.0,0.0,15.0,Basic,Annual,740.39,8.0,No
426145.0,40.0,Male,45.0,26.0,3.0,0.0,Basic,Annual,881.25,12.0,No
92066.0,55.0,Female,57.0,29.0,9.0,8.0,Premium,Monthly,362.0,10.0,Yes
314433.0,39.0,Male,7.0,19.0,2.0,3.0,Premium,Quarterly,696.55,6.0,No
26607.0,25.0,Male,50.0,18.0,8.0,26.0,Basic,Annual,852.0,20.0,Yes
180086.0,58.0,Male,53.0,17.0,4.0,20.0,Basic,Monthly,508.0,24.0,Yes
95052.0,19.0,Male,39.0,26.0,1.0,13.0,Standard,Monthly,326.0,8.0,Yes
65355.0,31.0,Female,45.0,22.0,7.0,0.0,Premium,Annual,395.0,8.0,Yes
410316.0,22.0,Female,58.0,8.0,2.0,7.0,Basic,Quarterly,928.77,1.0,No
391479.0,46.0,Male,10.0,1.0,3.0,2.0,Premium,Quarterly,880.61,11.0,No
385846.0,32.0,Male,48.0,30.0,0.0,7.0,Standard,Annual,870.45,6.0,No
334824.0,41.0,Male,12.0,21.0,3.0,20.0,Standard,Quarterly,948.48,3.0,No
355864.0,20.0,Male,27.0,5.0,1.0,16.0,Standard,Annual,843.42,10.0,No
157455.0,29.0,Female,3.0,24.0,2.0,12.0,Standard,Annual,527.0,27.0,Yes
284611.0,46.0,Male,2.0,29.0,0.0,16.0,Standard,Annual,555.99,6.0,No
350586.0,28.0,Male,16.0,26.0,0.0,20.0,Standard,Quarterly,798.4,19.0,No
58491.0,56.0,Male,19.0,15.0,7.0,2.0,Standard,Annual,291.0,28.0,Yes
17959.0,44.0,Male,11.0,24.0,7.0,2.0,Premium,Quarterly,871.0,6.0,Yes
197385.0,35.0,Male,5.0,13.0,0.0,17.0,Standard,Monthly,233.0,14.0,Yes
45974.0,53.0,Female,9.0,25.0,0.0,0.0,Standard,Annual,448.0,29.0,Yes
299264.0,43.0,Male,8.0,2.0,1.0,6.0,Premium,Quarterly,773.81,29.0,No
362595.0,18.0,Male,25.0,2.0,0.0,16.0,Premium,Annual,547.36,24.0,No
85277.0,60.0,Male,6.0,16.0,3.0,19.0,Premium,Annual,937.0,11.0,Yes
160331.0,28.0,Male,4.0,17.0,7.0,5.0,Premium,Quarterly,167.0,15.0,Yes
306291.0,29.0,Male,30.0,29.0,2.0,12.0,Premium,Quarterly,591.77,19.0,No
412442.0,25.0,Male,48.0,3.0,1.0,11.0,Basic,Quarterly,806.69,29.0,No
196512.0,23.0,Male,6.0,18.0,8.0,6.0,Standard,Annual,469.0,3.0,Yes
70204.0,64.0,Female,10.0,29.0,0.0,3.0,Premium,Annual,815.0,27.0,Yes
364545.0,23.0,Female,55.0,15.0,1.0,11.0,Basic,Annual,998.6,5.0,No
418213.0,41.0,Male,55.0,7.0,3.0,9.0,Standard,Quarterly,544.04,27.0,No
329866.0,37.0,Male,33.0,13.0,3.0,1.0,Basic,Annual,787.65,21.0,No
158743.0,63.0,Female,25.0,13.0,1.0,5.0,Premium,Monthly,686.0,18.0,Yes
151848.0,64.0,Male,26.0,12.0,6.0,0.0,Standard,Quarterly,806.0,26.0,Yes
312341.0,29.0,Male,3.0,18.0,1.0,8.0,Standard,Quarterly,660.63,29.0,No
305737.0,45.0,Female,27.0,8.0,0.0,17.0,Standard,Quarterly,919.33,8.0,No
121027.0,19.0,Female,28.0,18.0,1.0,1.0,Premium,Annual,462.0,28.0,Yes
303901.0,21.0,Male,49.0,27.0,2.0,15.0,Standard,Annual,502.76,10.0,No
199760.0,54.0,Female,48.0,23.0,0.0,16.0,Standard,Annual,930.0,30.0,Yes
252170.0,64.0,Female,9.0,5.0,4.0,19.0,Basic,Quarterly,582.19,21.0,Yes
58701.0,45.0,Female,37.0,2.0,4.0,27.0,Standard,Annual,299.0,1.0,Yes
266397.0,30.0,Female,43.0,16.0,2.0,11.0,Premium,Quarterly,572.37,3.0,No
363401.0,49.0,Female,41.0,12.0,4.0,4.0,Premium,Quarterly,606.37,4.0,No
155781.0,37.0,Female,21.0,3.0,9.0,8.0,Standard,Annual,306.0,25.0,Yes
432490.0,44.0,Male,46.0,4.0,3.0,17.0,Standard,Annual,547.94,27.0,No
221659.0,54.0,Female,49.0,26.0,9.0,15.0,Premium,Quarterly,958.03,13.0,Yes
211803.0,25.0,Female,32.0,10.0,10.0,6.0,Standard,Annual,109.33,6.0,Yes
60475.0,30.0,Female,5.0,30.0,2.0,9.0,Premium,Monthly,405.0,26.0,Yes
410692.0,37.0,Female,36.0,16.0,2.0,8.0,Premium,Annual,930.0,10.0,No
297623.0,50.0,Female,58.0,24.0,2.0,7.0,Premium,Annual,642.65,14.0,No
405358.0,37.0,Male,16.0,10.0,1.0,16.0,Premium,Quarterly,641.29,25.0,No
364629.0,47.0,Female,42.0,27.0,4.0,13.0,Standard,Annual,879.57,3.0,No
405924.0,30.0,Male,39.0,24.0,0.0,4.0,Standard,Annual,662.91,18.0,No
370906.0,27.0,Female,15.0,19.0,2.0,18.0,Premium,Annual,663.29,12.0,No
83179.0,37.0,Female,42.0,16.0,6.0,28.0,Basic,Monthly,756.0,13.0,Yes
107494.0,40.0,Female,22.0,5.0,8.0,18.0,Standard,Monthly,199.0,19.0,Yes
71034.0,21.0,Male,39.0,9.0,0.0,15.0,Basic,Quarterly,121.0,18.0,Yes
207581.0,38.0,Male,18.0,28.0,6.0,6.0,Standard,Annual,534.0,21.0,Yes
228664.0,65.0,Female,6.0,13.0,1.0,12.0,Basic,Monthly,640.5,21.0,Yes
414956.0,33.0,Male,59.0,11.0,1.0,8.0,Standard,Quarterly,734.11,21.0,No
109161.0,56.0,Female,43.0,13.0,9.0,8.0,Basic,Monthly,513.0,26.0,Yes
221602.0,61.0,Male,29.0,17.0,7.0,3.0,Premium,Quarterly,846.24,21.0,Yes
389416.0,48.0,Female,33.0,22.0,2.0,0.0,Standard,Annual,929.01,4.0,No
395803.0,42.0,Female,49.0,2.0,2.0,9.0,Premium,Annual,918.51,12.0,No
40926.0,26.0,Male,27.0,21.0,2.0,18.0,Premium,Quarterly,482.0,19.0,Yes
54980.0,63.0,Female,45.0,19.0,7.0,14.0,Basic,Quarterly,474.0,29.0,Yes
48521.0,29.0,Female,10.0,5.0,6.0,29.0,Standard,Quarterly,271.0,17.0,Yes
392834.0,21.0,Male,48.0,1.0,0.0,0.0,Standard,Quarterly,912.64,23.0,No
156982.0,42.0,Female,53.0,24.0,3.0,20.0,Basic,Quarterly,471.0,25.0,Yes
225258.0,60.0,Female,29.0,30.0,4.0,7.0,Premium,Annual,641.91,9.0,Yes
395567.0,45.0,Male,55.0,21.0,3.0,1.0,Premium,Quarterly,883.22,25.0,No
312418.0,40.0,Male,53.0,15.0,0.0,1.0,Premium,Annual,586.49,1.0,No
230551.0,51.0,Male,10.0,29.0,10.0,16.0,Premium,Monthly,260.59,3.0,Yes
94301.0,41.0,Female,57.0,5.0,1.0,0.0,Standard,Monthly,678.0,4.0,Yes
64346.0,30.0,Male,50.0,13.0,8.0,19.0,Standard,Monthly,607.0,21.0,Yes
114974.0,50.0,Male,56.0,15.0,8.0,26.0,Premium,Annual,576.0,1.0,Yes
405322.0,37.0,Male,8.0,9.0,2.0,13.0,Basic,Quarterly,549.28,4.0,No
364651.0,37.0,Male,46.0,15.0,2.0,19.0,Premium,Quarterly,903.33,4.0,No
230974.0,45.0,Female,56.0,5.0,0.0,29.0,Basic,Quarterly,323.19,24.0,Yes
20912.0,47.0,Male,25.0,28.0,4.0,7.0,Standard,Annual,582.0,30.0,No
320230.0,37.0,Male,25.0,19.0,0.0,7.0,Standard,Quarterly,849.15,25.0,No
438336.0,38.0,Male,6.0,12.0,2.0,12.0,Basic,Annual,529.61,8.0,No
267516.0,48.0,Male,25.0,8.0,1.0,19.0,Premium,Quarterly,820.67,17.0,No
259821.0,36.0,Female,20.0,17.0,2.0,27.0,Premium,Annual,347.45,21.0,Yes
237004.0,59.0,Female,43.0,6.0,4.0,23.0,Premium,Annual,614.03,3.0,Yes
97767.0,64.0,Female,45.0,6.0,1.0,21.0,Standard,Annual,645.0,30.0,Yes
126072.0,26.0,Female,35.0,3.0,7.0,30.0,Basic,Quarterly,849.0,26.0,Yes
243156.0,63.0,Female,53.0,5.0,4.0,13.0,Premium,Quarterly,476.52,22.0,Yes
189383.0,38.0,Male,2.0,16.0,6.0,13.0,Premium,Monthly,697.0,14.0,Yes
56821.0,46.0,Male,47.0,1.0,10.0,19.0,Premium,Quarterly,277.0,8.0,Yes
266464.0,39.0,Female,45.0,3.0,2.0,17.0,Premium,Annual,620.93,4.0,No
186424.0,20.0,Female,19.0,23.0,6.0,19.0,Basic,Monthly,120.0,15.0,Yes
276370.0,38.0,Female,13.0,12.0,2.0,17.0,Premium,Annual,608.72,11.0,No
270023.0,36.0,Male,24.0,10.0,0.0,2.0,Basic,Quarterly,909.42,12.0,No
305829.0,30.0,Female,11.0,25.0,2.0,7.0,Basic,Quarterly,680.68,9.0,No
431202.0,24.0,Female,32.0,15.0,2.0,12.0,Standard,Quarterly,527.72,7.0,No
243956.0,45.0,Male,51.0,21.0,1.0,27.0,Basic,Annual,471.14,6.0,Yes
251072.0,47.0,Male,2.0,3.0,10.0,14.0,Standard,Annual,172.32,22.0,Yes
240434.0,38.0,Male,7.0,3.0,4.0,17.0,Premium,Annual,266.28,28.0,Yes
420716.0,18.0,Male,50.0,27.0,0.0,5.0,Basic,Annual,678.57,11.0,No
385666.0,25.0,Female,37.0,15.0,2.0,3.0,Basic,Annual,953.92,9.0,No
206854.0,52.0,Male,53.0,26.0,10.0,27.0,Basic,Quarterly,462.74,3.0,Yes
320407.0,42.0,Female,52.0,12.0,1.0,5.0,Standard,Quarterly,528.38,13.0,No
32199.0,33.0,Male,56.0,3.0,2.0,3.0,Basic,Annual,248.0,14.0,Yes
109042.0,20.0,Female,5.0,6.0,3.0,17.0,Standard,Monthly,933.0,8.0,Yes
339906.0,24.0,Female,46.0,7.0,1.0,14.0,Premium,Annual,517.56,8.0,No
6524.0,63.0,Female,35.0,25.0,3.0,21.0,Standard,Annual,111.0,24.0,Yes
19642.0,26.0,Female,3.0,6.0,9.0,30.0,Basic,Annual,519.0,1.0,Yes
94612.0,63.0,Female,18.0,6.0,2.0,8.0,Basic,Quarterly,292.0,2.0,Yes
96853.0,35.0,Male,23.0,14.0,4.0,16.0,Basic,Quarterly,111.0,24.0,Yes
346541.0,31.0,Female,49.0,1.0,0.0,4.0,Premium,Quarterly,640.7,8.0,No
232802.0,30.0,Male,34.0,19.0,5.0,19.0,Basic,Annual,614.32,22.0,Yes
115908.0,21.0,Female,52.0,29.0,5.0,23.0,Basic,Annual,805.0,7.0,Yes
441736.0,31.0,Female,29.0,8.0,2.0,4.0,Basic,Quarterly,859.93,4.0,No
100308.0,22.0,Male,9.0,10.0,8.0,6.0,Premium,Quarterly,104.0,22.0,Yes
10557.0,29.0,Female,34.0,30.0,4.0,4.0,Premium,Monthly,698.0,5.0,Yes
377382.0,31.0,Female,39.0,15.0,3.0,11.0,Premium,Annual,893.59,13.0,No
317555.0,47.0,Female,2.0,19.0,3.0,16.0,Premium,Annual,564.26,4.0,No
398684.0,40.0,Male,47.0,20.0,1.0,13.0,Premium,Quarterly,799.59,2.0,No
200231.0,49.0,Female,45.0,21.0,2.0,11.0,Standard,Monthly,291.0,4.0,Yes
57964.0,61.0,Male,48.0,5.0,7.0,25.0,Basic,Annual,376.0,17.0,Yes
13760.0,55.0,Female,17.0,3.0,8.0,4.0,Standard,Annual,824.0,16.0,Yes
357888.0,46.0,Female,38.0,11.0,2.0,2.0,Premium,Annual,998.18,10.0,No
3535.0,19.0,Female,7.0,25.0,8.0,3.0,Standard,Monthly,991.0,11.0,Yes
435924.0,23.0,Male,45.0,11.0,2.0,5.0,Premium,Quarterly,899.29,11.0,No
259332.0,19.0,Male,51.0,2.0,7.0,8.0,Basic,Monthly,992.25,8.0,Yes
448364.0,35.0,Male,22.0,22.0,3.0,5.0,Basic,Quarterly,572.11,22.0,No
290067.0,28.0,Female,18.0,13.0,0.0,13.0,Basic,Annual,642.37,4.0,No
254982.0,39.0,Male,51.0,10.0,4.0,16.0,Standard,Monthly,425.56,24.0,Yes
162793.0,65.0,Female,39.0,12.0,7.0,7.0,Premium,Monthly,336.0,22.0,Yes
337999.0,47.0,Male,5.0,7.0,0.0,14.0,Standard,Quarterly,543.12,3.0,No
320625.0,49.0,Male,8.0,29.0,4.0,15.0,Standard,Quarterly,567.24,21.0,No
60457.0,52.0,Male,17.0,12.0,2.0,8.0,Standard,Monthly,585.0,16.0,Yes
414885.0,22.0,Female,52.0,12.0,0.0,5.0,Premium,Quarterly,865.63,12.0,No
95920.0,20.0,Female,51.0,28.0,0.0,6.0,Basic,Annual,759.0,25.0,Yes
208813.0,28.0,Female,17.0,14.0,4.0,30.0,Premium,Monthly,860.66,22.0,Yes
160782.0,31.0,Male,59.0,24.0,5.0,13.0,Premium,Monthly,550.0,20.0,Yes
427411.0,33.0,Male,56.0,23.0,3.0,10.0,Standard,Quarterly,744.93,5.0,No
153408.0,64.0,Male,34.0,30.0,4.0,0.0,Standard,Annual,677.0,13.0,Yes
92541.0,32.0,Female,4.0,27.0,7.0,26.0,Standard,Monthly,177.0,26.0,Yes
251775.0,34.0,Female,59.0,20.0,1.0,24.0,Basic,Quarterly,318.09,17.0,Yes
262179.0,41.0,Male,1.0,2.0,4.0,19.0,Standard,Quarterly,526.9,19.0,No
393708.0,39.0,Male,26.0,14.0,2.0,15.0,Premium,Annual,626.02,5.0,No
343526.0,20.0,Male,14.0,27.0,2.0,19.0,Standard,Annual,702.34,14.0,No
110325.0,32.0,Female,45.0,13.0,9.0,6.0,Premium,Monthly,933.0,5.0,Yes
40211.0,59.0,Male,45.0,24.0,6.0,18.0,Standard,Monthly,972.0,22.0,Yes
8893.0,38.0,Female,2.0,14.0,0.0,26.0,Premium,Monthly,174.0,23.0,Yes
102162.0,63.0,Male,30.0,29.0,8.0,3.0,Basic,Annual,921.0,23.0,Yes
159489.0,29.0,Female,21.0,5.0,8.0,25.0,Basic,Annual,401.0,9.0,Yes
376006.0,43.0,Female,26.0,13.0,2.0,8.0,Premium,Annual,889.68,2.0,No
269640.0,45.0,Male,21.0,13.0,4.0,5.0,Basic,Annual,617.67,11.0,No
414654.0,24.0,Male,57.0,18.0,1.0,8.0,Basic,Quarterly,644.16,23.0,No
351332.0,48.0,Male,15.0,18.0,4.0,11.0,Premium,Quarterly,974.15,13.0,No
133967.0,62.0,Male,5.0,2.0,8.0,22.0,Premium,Quarterly,931.0,10.0,Yes
168233.0,46.0,Male,42.0,6.0,10.0,28.0,Standard,Annual,473.0,6.0,Yes
155756.0,47.0,Male,46.0,21.0,7.0,5.0,Premium,Quarterly,946.0,9.0,Yes
261052.0,38.0,Male,23.0,19.0,3.0,14.0,Premium,Annual,822.0,6.0,No
244229.0,48.0,Female,36.0,7.0,5.0,15.0,Standard,Monthly,945.0,24.0,Yes
427254.0,27.0,Male,26.0,30.0,1.0,1.0,Standard,Annual,741.85,25.0,No
396075.0,31.0,Male,21.0,26.0,2.0,17.0,Premium,Annual,616.01,17.0,No
295912.0,26.0,Male,44.0,9.0,1.0,2.0,Basic,Annual,687.87,8.0,No
237666.0,48.0,Male,21.0,20.0,3.0,25.0,Premium,Annual,481.2,23.0,Yes
321238.0,49.0,Female,30.0,22.0,0.0,19.0,Standard,Quarterly,946.53,4.0,No
438226.0,35.0,Female,53.0,14.0,0.0,1.0,Basic,Annual,524.1,15.0,No
438347.0,35.0,Male,46.0,13.0,0.0,11.0,Standard,Annual,557.34,3.0,No
137423.0,57.0,Female,24.0,27.0,1.0,6.0,Standard,Monthly,321.0,5.0,Yes
27712.0,64.0,Female,11.0,28.0,9.0,26.0,Standard,Monthly,476.0,20.0,Yes
388208.0,21.0,Male,46.0,12.0,2.0,8.0,Basic,Quarterly,910.35,1.0,No
341865.0,18.0,Male,25.0,28.0,0.0,4.0,Basic,Quarterly,924.77,25.0,No
265211.0,20.0,Male,30.0,16.0,2.0,2.0,Basic,Annual,747.4,29.0,No
264561.0,24.0,Male,44.0,17.0,0.0,1.0,Standard,Quarterly,704.95,18.0,No
119086.0,36.0,Female,36.0,26.0,9.0,8.0,Basic,Monthly,109.0,2.0,Yes
272081.0,20.0,Female,53.0,7.0,0.0,19.0,Standard,Quarterly,805.63,2.0,No
430866.0,34.0,Female,31.0,2.0,2.0,6.0,Standard,Quarterly,991.87,15.0,No
259099.0,28.0,Female,59.0,10.0,4.0,25.0,Standard,Monthly,932.68,21.0,Yes
296937.0,48.0,Male,11.0,29.0,0.0,6.0,Standard,Annual,984.32,13.0,No
317045.0,50.0,Male,57.0,24.0,1.0,20.0,Premium,Annual,967.26,9.0,No
291661.0,46.0,Male,17.0,29.0,4.0,4.0,Basic,Annual,566.41,16.0,No
424012.0,42.0,Male,2.0,27.0,0.0,11.0,Standard,Annual,624.43,14.0,No
197224.0,35.0,Male,29.0,20.0,10.0,3.0,Premium,Annual,919.0,20.0,Yes
62477.0,40.0,Female,20.0,21.0,3.0,6.0,Standard,Monthly,830.0,26.0,Yes
423629.0,45.0,Male,11.0,27.0,3.0,10.0,Basic,Quarterly,524.64,6.0,No
441562.0,28.0,Male,59.0,8.0,0.0,0.0,Premium,Quarterly,690.75,28.0,No
260475.0,60.0,Male,59.0,30.0,9.0,1.0,Standard,Quarterly,850.99,30.0,Yes
377704.0,34.0,Female,2.0,25.0,2.0,19.0,Standard,Quarterly,709.05,8.0,No
160542.0,23.0,Female,32.0,4.0,6.0,29.0,Premium,Monthly,682.0,28.0,Yes
324048.0,40.0,Female,11.0,7.0,2.0,8.0,Premium,Quarterly,852.38,8.0,No
12732.0,25.0,Female,28.0,2.0,6.0,23.0,Premium,Annual,393.0,8.0,Yes
296055.0,23.0,Male,29.0,8.0,0.0,19.0,Premium,Quarterly,580.15,22.0,No
114041.0,30.0,Male,40.0,9.0,10.0,20.0,Basic,Annual,923.0,12.0,Yes
75548.0,43.0,Female,57.0,24.0,5.0,29.0,Premium,Monthly,975.0,13.0,Yes
130258.0,43.0,Male,13.0,23.0,5.0,12.0,Standard,Monthly,997.0,18.0,Yes
180174.0,38.0,Female,45.0,8.0,2.0,10.0,Basic,Annual,456.0,21.0,Yes
402574.0,48.0,Male,47.0,19.0,3.0,4.0,Premium,Annual,823.78,16.0,No
286512.0,37.0,Male,18.0,23.0,2.0,2.0,Standard,Annual,757.04,6.0,No
414269.0,30.0,Female,13.0,12.0,1.0,1.0,Standard,Annual,521.16,8.0,No
388604.0,19.0,Female,23.0,17.0,0.0,14.0,Premium,Quarterly,898.84,10.0,No
262594.0,47.0,Female,10.0,24.0,4.0,8.0,Premium,Quarterly,755.16,15.0,No
314439.0,47.0,Male,55.0,30.0,0.0,4.0,Standard,Annual,838.34,30.0,No
233775.0,38.0,Female,59.0,25.0,10.0,4.0,Premium,Annual,706.0,14.0,Yes
211001.0,19.0,Female,15.0,21.0,7.0,13.0,Premium,Monthly,531.08,4.0,Yes
133336.0,34.0,Female,12.0,28.0,7.0,15.0,Basic,Quarterly,287.0,16.0,Yes
384302.0,30.0,Female,57.0,13.0,2.0,5.0,Premium,Annual,669.18,12.0,No
1187.0,24.0,Female,46.0,19.0,1.0,22.0,Basic,Annual,663.0,21.0,Yes
326475.0,27.0,Male,48.0,17.0,2.0,12.0,Standard,Annual,984.89,11.0,No
438484.0,35.0,Female,17.0,13.0,0.0,16.0,Standard,Annual,725.37,9.0,No
264197.0,44.0,Female,20.0,13.0,3.0,18.0,Standard,Annual,751.03,14.0,No
275072.0,32.0,Female,24.0,16.0,0.0,8.0,Basic,Quarterly,952.15,6.0,No
173176.0,41.0,Female,20.0,11.0,8.0,13.0,Premium,Monthly,130.0,4.0,Yes
315093.0,29.0,Female,30.0,12.0,2.0,20.0,Standard,Quarterly,649.35,10.0,No
167376.0,22.0,Male,54.0,27.0,3.0,24.0,Premium,Quarterly,850.0,19.0,Yes
389764.0,29.0,Male,34.0,12.0,1.0,18.0,Premium,Annual,747.39,8.0,No
46337.0,61.0,Female,39.0,12.0,9.0,23.0,Premium,Quarterly,104.0,28.0,Yes
250547.0,43.0,Male,4.0,28.0,9.0,24.0,Standard,Annual,315.24,9.0,Yes
295048.0,22.0,Male,6.0,6.0,2.0,2.0,Standard,Annual,896.47,17.0,No
24189.0,36.0,Male,10.0,8.0,0.0,16.0,Premium,Quarterly,179.0,27.0,Yes
198402.0,52.0,Male,36.0,17.0,6.0,2.0,Basic,Annual,528.0,13.0,Yes
378254.0,31.0,Male,55.0,28.0,1.0,12.0,Premium,Annual,826.58,6.0,No
343947.0,29.0,Male,57.0,2.0,2.0,6.0,Premium,Annual,942.29,26.0,No
129471.0,52.0,Female,48.0,9.0,6.0,13.0,Premium,Quarterly,587.0,20.0,Yes
210522.0,47.0,Female,40.0,5.0,2.0,25.0,Standard,Quarterly,423.97,24.0,Yes
276757.0,47.0,Male,28.0,11.0,3.0,19.0,Premium,Annual,812.4,1.0,No
53748.0,63.0,Female,37.0,3.0,1.0,23.0,Standard,Annual,696.0,2.0,Yes
345807.0,43.0,Female,30.0,15.0,2.0,4.0,Standard,Quarterly,919.11,15.0,No
220828.0,24.0,Male,22.0,18.0,10.0,15.0,Premium,Annual,958.58,26.0,Yes
142389.0,52.0,Female,30.0,13.0,9.0,2.0,Basic,Quarterly,841.0,26.0,Yes
357424.0,30.0,Male,44.0,15.0,1.0,19.0,Standard,Annual,786.04,13.0,No
328116.0,31.0,Male,18.0,17.0,3.0,12.0,Premium,Quarterly,937.09,19.0,No
80403.0,59.0,Female,58.0,1.0,9.0,9.0,Premium,Monthly,424.0,7.0,Yes
272738.0,42.0,Male,10.0,20.0,3.0,18.0,Basic,Annual,873.28,9.0,No
118300.0,19.0,Male,44.0,22.0,4.0,5.0,Premium,Monthly,221.0,17.0,Yes
359954.0,41.0,Female,9.0,16.0,1.0,17.0,Premium,Annual,837.66,10.0,No
223074.0,51.0,Male,60.0,1.0,0.0,12.0,Premium,Monthly,362.53,4.0,Yes
156180.0,32.0,Male,6.0,26.0,1.0,4.0,Basic,Monthly,918.0,23.0,Yes
387590.0,37.0,Male,19.0,11.0,2.0,16.0,Basic,Quarterly,985.02,8.0,No
342930.0,47.0,Male,10.0,13.0,3.0,5.0,Basic,Quarterly,586.99,10.0,No
375005.0,32.0,Female,39.0,8.0,2.0,10.0,Standard,Annual,936.42,3.0,No
196676.0,34.0,Male,1.0,28.0,0.0,13.0,Standard,Monthly,771.0,3.0,Yes
275664.0,40.0,Male,33.0,19.0,2.0,12.0,Basic,Quarterly,726.85,21.0,No
196819.0,28.0,Female,32.0,8.0,10.0,9.0,Basic,Annual,544.0,28.0,Yes
10919.0,29.0,Female,12.0,6.0,7.0,16.0,Premium,Annual,877.0,22.0,Yes
352594.0,28.0,Female,11.0,10.0,0.0,8.0,Standard,Quarterly,629.82,5.0,No
187071.0,52.0,Male,55.0,1.0,5.0,20.0,Premium,Annual,621.0,21.0,Yes
202862.0,44.0,Male,20.0,30.0,2.0,25.0,Premium,Annual,556.0,11.0,Yes
197278.0,31.0,Female,19.0,27.0,5.0,16.0,Premium,Quarterly,958.0,27.0,Yes
27272.0,54.0,Female,3.0,15.0,7.0,6.0,Basic,Quarterly,391.0,27.0,Yes
223392.0,26.0,Female,26.0,15.0,2.0,15.0,Premium,Annual,141.74,11.0,Yes
299889.0,49.0,Female,26.0,13.0,4.0,12.0,Basic,Quarterly,617.0,10.0,No
180276.0,39.0,Male,52.0,26.0,8.0,0.0,Basic,Monthly,337.0,23.0,Yes
90543.0,63.0,Female,52.0,22.0,4.0,11.0,Standard,Annual,381.0,7.0,Yes
413021.0,22.0,Male,27.0,27.0,0.0,20.0,Basic,Annual,848.81,1.0,No
437803.0,27.0,Female,35.0,29.0,2.0,4.0,Basic,Quarterly,895.51,14.0,No
399452.0,43.0,Male,24.0,28.0,3.0,14.0,Premium,Quarterly,505.34,25.0,No
112219.0,63.0,Male,54.0,28.0,6.0,9.0,Premium,Monthly,152.0,14.0,Yes
288174.0,18.0,Female,17.0,22.0,0.0,0.0,Standard,Annual,726.63,2.0,No
364392.0,46.0,Female,6.0,26.0,3.0,12.0,Premium,Annual,708.62,1.0,No
408688.0,28.0,Male,49.0,4.0,0.0,20.0,Premium,Quarterly,533.51,20.0,No
315166.0,50.0,Male,56.0,17.0,3.0,7.0,Standard,Annual,706.21,28.0,No
223008.0,40.0,Female,21.0,22.0,9.0,16.0,Standard,Monthly,548.54,11.0,Yes
75949.0,35.0,Male,45.0,10.0,4.0,6.0,Basic,Monthly,984.0,30.0,Yes
7650.0,20.0,Female,11.0,16.0,7.0,12.0,Standard,Quarterly,785.0,4.0,Yes
3997.0,57.0,Male,10.0,14.0,8.0,2.0,Standard,Quarterly,916.0,21.0,Yes
181705.0,48.0,Female,16.0,27.0,1.0,3.0,Basic,Quarterly,152.0,14.0,Yes
73857.0,36.0,Female,8.0,4.0,9.0,22.0,Standard,Quarterly,198.0,9.0,Yes
308598.0,47.0,Male,36.0,6.0,2.0,14.0,Premium,Annual,717.2,10.0,No
232607.0,53.0,Female,57.0,27.0,9.0,28.0,Standard,Annual,704.99,18.0,Yes
297436.0,41.0,Male,49.0,24.0,2.0,0.0,Basic,Quarterly,603.22,30.0,No
216672.0,18.0,Male,21.0,9.0,10.0,10.0,Premium,Quarterly,684.47,18.0,Yes
162106.0,32.0,Female,35.0,22.0,10.0,9.0,Standard,Monthly,866.0,6.0,Yes
234660.0,30.0,Male,23.0,3.0,1.0,23.0,Basic,Monthly,467.05,20.0,Yes
128940.0,31.0,Male,9.0,28.0,5.0,12.0,Standard,Quarterly,234.0,2.0,Yes
442900.0,26.0,Male,1.0,5.0,2.0,5.0,Premium,Quarterly,814.63,14.0,No
359483.0,50.0,Male,42.0,4.0,3.0,5.0,Basic,Annual,685.94,21.0,No
226257.0,27.0,Male,17.0,19.0,9.0,11.0,Basic,Annual,303.14,25.0,Yes
51256.0,36.0,Male,20.0,25.0,5.0,17.0,Basic,Monthly,711.0,19.0,Yes
87875.0,41.0,Male,32.0,3.0,0.0,2.0,Standard,Quarterly,457.0,13.0,Yes
70739.0,49.0,Female,5.0,30.0,6.0,14.0,Premium,Monthly,730.0,6.0,Yes
277899.0,47.0,Male,10.0,7.0,2.0,0.0,Standard,Annual,962.25,2.0,No
167216.0,21.0,Male,57.0,28.0,2.0,27.0,Standard,Monthly,560.0,9.0,Yes
82168.0,34.0,Female,27.0,17.0,0.0,29.0,Premium,Monthly,472.0,17.0,Yes
391648.0,29.0,Male,39.0,3.0,2.0,20.0,Standard,Annual,743.2,30.0,No
88777.0,57.0,Male,48.0,17.0,4.0,6.0,Premium,Quarterly,982.0,21.0,Yes
289552.0,45.0,Female,56.0,16.0,4.0,14.0,Basic,Annual,767.03,14.0,No
375581.0,47.0,Female,14.0,27.0,0.0,2.0,Premium,Annual,865.13,1.0,No
224194.0,46.0,Female,8.0,9.0,5.0,15.0,Premium,Monthly,560.5,12.0,Yes
173990.0,18.0,Male,53.0,13.0,6.0,28.0,Basic,Quarterly,670.0,11.0,Yes
5345.0,43.0,Female,36.0,21.0,5.0,1.0,Premium,Quarterly,358.0,21.0,Yes
419233.0,41.0,Male,34.0,26.0,4.0,2.0,Premium,Quarterly,861.22,7.0,No
283863.0,30.0,Female,25.0,11.0,1.0,18.0,Basic,Annual,565.23,6.0,No
66624.0,42.0,Male,39.0,10.0,8.0,12.0,Premium,Annual,168.0,10.0,Yes
315919.0,44.0,Female,51.0,29.0,1.0,9.0,Premium,Annual,619.08,6.0,No
392995.0,48.0,Male,26.0,3.0,4.0,13.0,Basic,Annual,872.65,11.0,No
115074.0,51.0,Female,6.0,27.0,4.0,16.0,Premium,Annual,715.0,3.0,Yes
379655.0,46.0,Male,54.0,13.0,1.0,15.0,Basic,Quarterly,637.92,25.0,No
430943.0,42.0,Female,27.0,29.0,1.0,6.0,Standard,Quarterly,671.72,7.0,No
158265.0,45.0,Male,14.0,5.0,5.0,22.0,Premium,Annual,153.0,8.0,Yes
108648.0,29.0,Female,20.0,2.0,0.0,0.0,Basic,Quarterly,528.0,25.0,Yes
218550.0,30.0,Male,31.0,19.0,2.0,26.0,Standard,Monthly,642.42,27.0,Yes
80440.0,52.0,Male,2.0,9.0,10.0,20.0,Premium,Annual,654.0,8.0,Yes
301933.0,33.0,Female,12.0,24.0,0.0,11.0,Premium,Quarterly,516.18,4.0,No
85674.0,65.0,Female,58.0,12.0,1.0,16.0,Basic,Monthly,190.0,15.0,Yes
214531.0,45.0,Male,57.0,5.0,2.0,16.0,Standard,Quarterly,420.31,19.0,Yes
426047.0,28.0,Male,59.0,8.0,2.0,10.0,Basic,Quarterly,871.83,18.0,No
214749.0,34.0,Female,3.0,27.0,8.0,16.0,Standard,Annual,844.26,27.0,Yes
412957.0,28.0,Male,16.0,25.0,1.0,19.0,Basic,Quarterly,836.01,20.0,No
270971.0,34.0,Male,33.0,10.0,1.0,14.0,Basic,Annual,841.47,14.0,No
74572.0,59.0,Male,45.0,18.0,5.0,2.0,Basic,Quarterly,160.0,11.0,Yes
87247.0,19.0,Female,55.0,19.0,5.0,16.0,Premium,Quarterly,936.0,18.0,Yes
389249.0,49.0,Female,53.0,9.0,2.0,5.0,Premium,Quarterly,887.9,8.0,No
34448.0,52.0,Female,11.0,14.0,5.0,6.0,Premium,Monthly,464.0,4.0,Yes
326387.0,49.0,Female,22.0,24.0,1.0,7.0,Standard,Quarterly,919.98,10.0,No
157573.0,58.0,Male,23.0,22.0,0.0,24.0,Basic,Quarterly,240.0,24.0,Yes
186895.0,29.0,Female,16.0,26.0,6.0,4.0,Basic,Annual,882.0,10.0,Yes
16307.0,62.0,Male,15.0,28.0,4.0,8.0,Basic,Quarterly,911.0,17.0,Yes
223434.0,48.0,Male,8.0,20.0,1.0,23.0,Standard,Quarterly,156.16,2.0,Yes
381706.0,20.0,Female,13.0,20.0,2.0,13.0,Basic,Annual,727.6,9.0,No
103409.0,38.0,Female,54.0,17.0,2.0,12.0,Basic,Monthly,625.0,22.0,Yes
94106.0,40.0,Female,7.0,25.0,7.0,21.0,Standard,Monthly,798.0,2.0,Yes
167578.0,52.0,Female,24.0,6.0,8.0,0.0,Basic,Annual,486.0,11.0,Yes
80886.0,42.0,Female,41.0,6.0,9.0,4.0,Basic,Monthly,394.0,21.0,Yes
415133.0,35.0,Female,34.0,26.0,3.0,2.0,Premium,Quarterly,686.99,4.0,No
279585.0,47.0,Male,23.0,20.0,4.0,0.0,Standard,Annual,612.59,22.0,No
24594.0,29.0,Male,10.0,26.0,6.0,5.0,Basic,Annual,255.0,17.0,Yes
421914.0,41.0,Male,27.0,7.0,1.0,6.0,Basic,Annual,892.56,12.0,No
185877.0,63.0,Female,51.0,20.0,9.0,28.0,Basic,Quarterly,139.0,19.0,Yes
224720.0,51.0,Male,55.0,18.0,10.0,22.0,Basic,Quarterly,798.75,17.0,Yes
72924.0,48.0,Male,43.0,10.0,8.0,27.0,Basic,Annual,622.0,7.0,Yes
396467.0,30.0,Male,9.0,9.0,1.0,12.0,Basic,Quarterly,928.72,5.0,No
282253.0,42.0,Male,35.0,4.0,2.0,10.0,Standard,Quarterly,603.65,5.0,No
97316.0,21.0,Male,8.0,4.0,1.0,23.0,Premium,Quarterly,496.0,6.0,Yes
115570.0,32.0,Female,48.0,18.0,8.0,15.0,Standard,Annual,217.0,28.0,Yes
10434.0,45.0,Female,22.0,22.0,7.0,30.0,Standard,Annual,470.0,6.0,Yes
107606.0,32.0,Female,15.0,19.0,8.0,24.0,Standard,Annual,693.0,21.0,Yes
338386.0,42.0,Male,20.0,27.0,4.0,1.0,Premium,Annual,523.45,5.0,No
230001.0,18.0,Female,38.0,29.0,3.0,22.0,Standard,Monthly,634.55,26.0,Yes
249961.0,57.0,Female,24.0,1.0,6.0,9.0,Basic,Monthly,696.18,1.0,Yes
186412.0,38.0,Female,46.0,27.0,6.0,13.0,Standard,Monthly,150.0,24.0,Yes
366369.0,34.0,Female,56.0,15.0,1.0,9.0,Basic,Annual,923.02,6.0,No
117674.0,47.0,Male,42.0,28.0,5.0,6.0,Premium,Annual,376.0,29.0,Yes
104099.0,35.0,Female,42.0,11.0,3.0,7.0,Premium,Monthly,495.0,24.0,Yes
183624.0,62.0,Female,42.0,8.0,0.0,17.0,Standard,Annual,378.0,30.0,Yes
342197.0,32.0,Male,31.0,21.0,2.0,10.0,Standard,Quarterly,904.47,25.0,No
42385.0,37.0,Male,30.0,5.0,5.0,0.0,Premium,Annual,140.0,23.0,Yes
131566.0,31.0,Male,39.0,5.0,8.0,16.0,Premium,Quarterly,826.0,12.0,Yes
38965.0,18.0,Male,1.0,8.0,10.0,3.0,Standard,Quarterly,823.0,26.0,Yes
134037.0,22.0,Male,13.0,18.0,3.0,2.0,Standard,Annual,388.0,19.0,Yes
281181.0,45.0,Male,3.0,29.0,0.0,5.0,Standard,Quarterly,813.69,11.0,No
150538.0,57.0,Female,23.0,15.0,0.0,6.0,Basic,Monthly,860.0,12.0,Yes
32628.0,55.0,Male,3.0,1.0,8.0,24.0,Standard,Monthly,152.0,11.0,Yes
37426.0,51.0,Male,23.0,15.0,10.0,29.0,Premium,Monthly,153.0,11.0,Yes
370187.0,48.0,Female,53.0,10.0,1.0,6.0,Standard,Annual,867.55,15.0,No
305149.0,30.0,Male,51.0,18.0,1.0,8.0,Standard,Quarterly,939.35,9.0,No
261164.0,37.0,Female,43.0,20.0,2.0,6.0,Basic,Annual,719.03,3.0,No
268706.0,47.0,Male,21.0,24.0,2.0,2.0,Premium,Quarterly,879.32,28.0,No
123718.0,62.0,Male,50.0,8.0,9.0,10.0,Basic,Quarterly,285.0,10.0,Yes
200976.0,47.0,Female,49.0,30.0,10.0,15.0,Standard,Monthly,312.0,19.0,Yes
266979.0,47.0,Male,28.0,28.0,0.0,12.0,Standard,Quarterly,503.21,20.0,No
373100.0,34.0,Male,39.0,6.0,2.0,14.0,Premium,Annual,983.13,5.0,No
62179.0,62.0,Male,55.0,6.0,10.0,4.0,Basic,Quarterly,549.0,2.0,Yes
98891.0,29.0,Male,21.0,9.0,1.0,8.0,Premium,Quarterly,171.0,18.0,Yes
81982.0,51.0,Female,32.0,29.0,6.0,9.0,Standard,Monthly,937.0,16.0,Yes
442620.0,26.0,Male,11.0,15.0,0.0,9.0,Basic,Quarterly,849.58,5.0,No
335872.0,42.0,Female,26.0,8.0,4.0,11.0,Standard,Quarterly,803.45,3.0,No
17487.0,25.0,Female,50.0,5.0,1.0,5.0,Basic,Monthly,576.0,5.0,Yes
379371.0,42.0,Male,39.0,12.0,1.0,5.0,Premium,Annual,860.41,11.0,No
3767.0,43.0,Male,16.0,29.0,8.0,17.0,Premium,Quarterly,445.0,8.0,Yes
150636.0,48.0,Male,19.0,6.0,2.0,21.0,Standard,Monthly,618.0,7.0,Yes
30945.0,52.0,Male,41.0,20.0,4.0,3.0,Premium,Quarterly,561.0,6.0,Yes
181553.0,55.0,Male,10.0,11.0,8.0,13.0,Premium,Quarterly,327.0,12.0,Yes
186704.0,58.0,Female,46.0,18.0,1.0,15.0,Premium,Annual,730.0,9.0,Yes
431626.0,38.0,Female,4.0,11.0,2.0,4.0,Standard,Quarterly,585.45,15.0,No
151444.0,58.0,Male,33.0,26.0,8.0,13.0,Basic,Annual,782.0,20.0,Yes
205311.0,19.0,Male,1.0,11.0,3.0,5.0,Premium,Quarterly,106.29,5.0,Yes
425049.0,31.0,Male,5.0,19.0,1.0,11.0,Premium,Annual,575.88,19.0,No
426672.0,40.0,Female,21.0,28.0,0.0,7.0,Basic,Quarterly,865.23,1.0,No
437544.0,24.0,Male,56.0,23.0,1.0,15.0,Premium,Annual,903.49,18.0,No
72988.0,32.0,Female,54.0,13.0,9.0,13.0,Basic,Monthly,572.0,21.0,Yes
36753.0,34.0,Female,57.0,15.0,5.0,13.0,Basic,Monthly,969.0,22.0,Yes
423298.0,36.0,Male,51.0,16.0,1.0,3.0,Premium,Quarterly,973.75,7.0,No
143057.0,31.0,Male,52.0,25.0,9.0,24.0,Basic,Annual,202.0,10.0,Yes
235696.0,26.0,Male,39.0,22.0,5.0,28.0,Premium,Annual,474.07,7.0,Yes
104404.0,64.0,Female,23.0,12.0,9.0,18.0,Premium,Monthly,278.0,12.0,Yes
440929.0,25.0,Male,46.0,19.0,2.0,10.0,Premium,Annual,946.45,17.0,No
145405.0,18.0,Female,43.0,1.0,4.0,21.0,Premium,Annual,748.0,20.0,Yes
64817.0,23.0,Female,47.0,10.0,5.0,26.0,Basic,Annual,597.0,10.0,Yes
132802.0,62.0,Male,51.0,17.0,9.0,30.0,Standard,Annual,730.0,1.0,Yes
154586.0,62.0,Male,18.0,10.0,3.0,28.0,Premium,Annual,948.0,4.0,Yes
142982.0,49.0,Female,41.0,6.0,10.0,23.0,Standard,Annual,650.0,6.0,Yes
59193.0,44.0,Male,18.0,16.0,10.0,0.0,Premium,Annual,572.0,27.0,Yes
107759.0,64.0,Female,27.0,6.0,0.0,9.0,Basic,Quarterly,121.0,12.0,Yes
386022.0,46.0,Female,18.0,15.0,2.0,9.0,Basic,Quarterly,895.66,11.0,No
67874.0,43.0,Female,14.0,5.0,8.0,20.0,Standard,Monthly,746.0,8.0,Yes
58793.0,40.0,Male,14.0,25.0,0.0,26.0,Standard,Quarterly,896.0,11.0,Yes
228722.0,47.0,Male,47.0,20.0,10.0,23.0,Standard,Monthly,847.92,15.0,Yes
69259.0,54.0,Male,17.0,9.0,2.0,27.0,Premium,Quarterly,512.0,4.0,Yes
30802.0,35.0,Female,18.0,30.0,4.0,16.0,Standard,Annual,957.0,13.0,Yes
114463.0,53.0,Male,4.0,16.0,9.0,21.0,Premium,Annual,564.0,19.0,Yes
424317.0,31.0,Male,6.0,16.0,0.0,20.0,Standard,Annual,657.5,6.0,No
114659.0,33.0,Male,48.0,3.0,4.0,27.0,Premium,Monthly,636.0,10.0,Yes
95915.0,18.0,Male,6.0,10.0,2.0,22.0,Standard,Annual,588.0,7.0,Yes
37602.0,51.0,Female,28.0,21.0,6.0,20.0,Premium,Quarterly,215.0,3.0,Yes
416479.0,22.0,Male,35.0,20.0,2.0,18.0,Standard,Annual,872.86,2.0,No
356658.0,27.0,Male,44.0,10.0,0.0,8.0,Premium,Annual,863.94,4.0,No
324681.0,31.0,Male,37.0,26.0,3.0,11.0,Premium,Quarterly,827.72,22.0,No
62151.0,49.0,Male,3.0,6.0,8.0,20.0,Basic,Monthly,780.0,20.0,Yes
364023.0,46.0,Female,27.0,29.0,0.0,11.0,Standard,Quarterly,840.86,9.0,No
98382.0,34.0,Male,56.0,12.0,7.0,12.0,Premium,Annual,196.0,26.0,Yes
17514.0,63.0,Female,32.0,9.0,10.0,26.0,Premium,Quarterly,388.0,7.0,Yes
242719.0,50.0,Male,21.0,3.0,2.0,12.0,Basic,Quarterly,446.94,8.0,Yes
138502.0,44.0,Female,35.0,9.0,7.0,25.0,Standard,Annual,374.0,2.0,Yes
318101.0,23.0,Female,32.0,24.0,0.0,12.0,Standard,Quarterly,990.7,6.0,No
48327.0,26.0,Female,33.0,15.0,9.0,3.0,Premium,Annual,432.0,2.0,Yes
214099.0,45.0,Female,17.0,23.0,5.0,13.0,Basic,Quarterly,819.26,29.0,Yes
103056.0,24.0,Female,42.0,8.0,2.0,1.0,Basic,Quarterly,444.0,14.0,Yes
190217.0,37.0,Male,6.0,1.0,5.0,18.0,Standard,Quarterly,870.0,4.0,Yes
296072.0,46.0,Male,4.0,5.0,4.0,17.0,Standard,Annual,707.08,24.0,No
186194.0,29.0,Male,28.0,15.0,2.0,18.0,Premium,Quarterly,593.0,6.0,No
265508.0,20.0,Male,38.0,26.0,0.0,10.0,Standard,Quarterly,639.75,28.0,No
290068.0,29.0,Male,16.0,27.0,0.0,8.0,Standard,Quarterly,801.57,6.0,No
375381.0,25.0,Male,58.0,30.0,1.0,11.0,Premium,Annual,782.33,17.0,No
340840.0,38.0,Female,30.0,23.0,0.0,16.0,Premium,Quarterly,951.15,1.0,No
249687.0,21.0,Female,36.0,2.0,2.0,18.0,Premium,Quarterly,251.29,11.0,Yes
164667.0,48.0,Male,2.0,3.0,8.0,21.0,Standard,Annual,583.0,11.0,Yes
268993.0,38.0,Male,54.0,17.0,0.0,9.0,Standard,Quarterly,594.03,22.0,No
387062.0,36.0,Female,52.0,22.0,0.0,13.0,Standard,Annual,666.62,1.0,No
243898.0,46.0,Female,41.0,27.0,0.0,3.0,Basic,Monthly,325.86,19.0,Yes
367448.0,29.0,Male,39.0,8.0,0.0,1.0,Standard,Quarterly,640.25,8.0,No
176440.0,62.0,Male,10.0,19.0,4.0,29.0,Standard,Annual,913.0,15.0,Yes
62602.0,51.0,Male,13.0,2.0,8.0,4.0,Standard,Monthly,455.0,13.0,Yes
303479.0,49.0,Female,34.0,29.0,2.0,16.0,Basic,Quarterly,616.26,6.0,No
437228.0,40.0,Male,33.0,16.0,3.0,17.0,Standard,Annual,755.61,22.0,No
101200.0,25.0,Female,17.0,26.0,8.0,23.0,Premium,Quarterly,811.0,7.0,Yes
293599.0,31.0,Male,36.0,24.0,1.0,3.0,Premium,Quarterly,555.82,4.0,No
372049.0,41.0,Male,8.0,25.0,1.0,6.0,Standard,Quarterly,955.5,5.0,No
202435.0,51.0,Female,12.0,20.0,1.0,10.0,Basic,Monthly,369.0,27.0,Yes
8205.0,23.0,Male,5.0,15.0,3.0,4.0,Standard,Monthly,547.0,2.0,Yes
396420.0,46.0,Male,25.0,29.0,2.0,5.0,Standard,Quarterly,722.25,4.0,No
398532.0,42.0,Male,39.0,6.0,4.0,14.0,Basic,Quarterly,711.91,24.0,No
237948.0,47.0,Male,49.0,4.0,9.0,24.0,Standard,Quarterly,193.78,29.0,Yes
430204.0,35.0,Female,49.0,18.0,0.0,19.0,Premium,Quarterly,742.38,8.0,No
76095.0,27.0,Female,22.0,1.0,8.0,11.0,Basic,Quarterly,668.0,30.0,Yes
283346.0,37.0,Female,46.0,15.0,3.0,10.0,Standard,Annual,967.9,8.0,No
23875.0,51.0,Male,51.0,30.0,5.0,24.0,Premium,Monthly,824.0,3.0,Yes
6998.0,53.0,Male,4.0,20.0,3.0,2.0,Basic,Annual,375.0,16.0,Yes
284242.0,42.0,Male,17.0,16.0,0.0,17.0,Standard,Annual,674.3,1.0,No
146528.0,24.0,Female,3.0,23.0,4.0,20.0,Basic,Monthly,286.0,18.0,Yes
413748.0,37.0,Male,5.0,11.0,2.0,5.0,Premium,Quarterly,918.33,10.0,No
184595.0,36.0,Male,44.0,4.0,3.0,7.0,Basic,Quarterly,684.0,25.0,No
240206.0,59.0,Female,23.0,30.0,8.0,7.0,Standard,Monthly,425.18,1.0,Yes
212071.0,26.0,Female,1.0,4.0,1.0,7.0,Basic,Annual,736.68,23.0,Yes
242038.0,64.0,Male,33.0,8.0,1.0,30.0,Standard,Annual,408.67,20.0,Yes
139690.0,19.0,Male,47.0,4.0,9.0,28.0,Standard,Quarterly,184.0,23.0,Yes
308763.0,49.0,Female,28.0,23.0,1.0,18.0,Basic,Annual,870.74,10.0,No
293032.0,46.0,Female,14.0,17.0,2.0,18.0,Premium,Quarterly,855.97,6.0,No
76552.0,37.0,Female,32.0,22.0,4.0,26.0,Basic,Quarterly,525.0,9.0,Yes
357834.0,43.0,Male,52.0,25.0,4.0,13.0,Basic,Quarterly,818.82,20.0,No
111476.0,39.0,Female,2.0,10.0,10.0,1.0,Basic,Monthly,855.0,24.0,Yes
434618.0,41.0,Male,28.0,22.0,4.0,11.0,Basic,Annual,853.03,13.0,No
399219.0,47.0,Female,11.0,23.0,2.0,11.0,Premium,Annual,776.86,4.0,No
211369.0,65.0,Female,48.0,20.0,3.0,6.0,Premium,Quarterly,973.19,29.0,Yes
349678.0,43.0,Male,47.0,10.0,4.0,6.0,Premium,Quarterly,940.8,17.0,No
118371.0,47.0,Female,10.0,8.0,6.0,25.0,Standard,Monthly,703.0,7.0,Yes
187278.0,20.0,Male,40.0,4.0,0.0,28.0,Premium,Annual,818.0,6.0,Yes
167145.0,63.0,Male,5.0,24.0,8.0,5.0,Premium,Annual,546.0,29.0,Yes
110607.0,56.0,Male,45.0,24.0,7.0,25.0,Standard,Quarterly,940.0,5.0,Yes
263877.0,25.0,Male,45.0,9.0,2.0,12.0,Basic,Quarterly,525.6,22.0,No
309398.0,26.0,Male,28.0,22.0,2.0,19.0,Premium,Annual,916.58,1.0,No
294444.0,47.0,Male,32.0,29.0,2.0,20.0,Standard,Annual,799.3,23.0,No
304484.0,48.0,Female,42.0,25.0,2.0,19.0,Basic,Annual,563.95,15.0,No
33555.0,19.0,Female,24.0,24.0,8.0,12.0,Standard,Annual,905.0,18.0,Yes
24183.0,25.0,Female,8.0,16.0,2.0,13.0,Basic,Monthly,667.0,17.0,Yes
319785.0,28.0,Female,8.0,18.0,2.0,19.0,Premium,Annual,747.91,12.0,No
137383.0,50.0,Male,22.0,1.0,0.0,25.0,Standard,Quarterly,262.0,25.0,Yes
241807.0,60.0,Female,57.0,6.0,4.0,20.0,Standard,Monthly,341.77,7.0,Yes
253752.0,24.0,Female,53.0,20.0,7.0,2.0,Premium,Monthly,109.12,30.0,Yes
278522.0,50.0,Male,46.0,8.0,3.0,16.0,Standard,Quarterly,884.01,25.0,No
242924.0,26.0,Male,44.0,23.0,10.0,23.0,Basic,Quarterly,151.89,23.0,Yes
208628.0,53.0,Female,7.0,13.0,3.0,17.0,Standard,Monthly,201.47,16.0,Yes
388261.0,48.0,Male,29.0,5.0,3.0,2.0,Premium,Quarterly,571.62,15.0,No
374644.0,41.0,Female,39.0,20.0,3.0,19.0,Basic,Quarterly,626.36,8.0,No
126986.0,49.0,Male,37.0,14.0,7.0,30.0,Basic,Quarterly,432.0,27.0,Yes
260281.0,35.0,Female,11.0,26.0,1.0,12.0,Standard,Monthly,611.22,30.0,Yes
27473.0,22.0,Female,38.0,8.0,6.0,1.0,Premium,Monthly,945.0,18.0,Yes
346385.0,43.0,Male,48.0,17.0,1.0,5.0,Standard,Annual,703.96,30.0,No
373300.0,25.0,Male,22.0,16.0,0.0,9.0,Basic,Quarterly,593.22,18.0,No
269920.0,50.0,Male,58.0,6.0,5.0,10.0,Standard,Annual,791.46,4.0,No
23095.0,27.0,Female,23.0,7.0,5.0,8.0,Standard,Annual,669.0,22.0,Yes
396861.0,43.0,Male,48.0,12.0,3.0,17.0,Standard,Quarterly,985.57,1.0,No
282801.0,36.0,Female,57.0,23.0,0.0,6.0,Premium,Annual,688.57,8.0,No
341495.0,32.0,Male,50.0,25.0,3.0,19.0,Standard,Annual,941.0,9.0,No
347583.0,26.0,Female,5.0,27.0,0.0,14.0,Standard,Annual,510.32,9.0,No
121231.0,21.0,Male,40.0,28.0,5.0,21.0,Standard,Quarterly,114.0,23.0,Yes
47924.0,22.0,Female,37.0,21.0,2.0,15.0,Premium,Annual,229.0,14.0,Yes
425672.0,35.0,Female,46.0,23.0,2.0,0.0,Premium,Quarterly,727.89,3.0,No
69593.0,22.0,Female,32.0,21.0,8.0,23.0,Standard,Quarterly,347.0,22.0,Yes
400818.0,36.0,Male,32.0,26.0,2.0,2.0,Standard,Annual,650.01,2.0,No
104867.0,36.0,Male,32.0,7.0,6.0,4.0,Basic,Quarterly,847.0,5.0,Yes
110937.0,53.0,Male,27.0,27.0,5.0,11.0,Basic,Monthly,195.0,20.0,Yes
55420.0,29.0,Female,28.0,15.0,4.0,1.0,Standard,Annual,469.0,10.0,Yes
109607.0,63.0,Female,60.0,22.0,8.0,28.0,Premium,Quarterly,305.0,9.0,Yes
368796.0,37.0,Male,5.0,16.0,1.0,4.0,Premium,Annual,696.11,18.0,No
343689.0,50.0,Male,43.0,5.0,0.0,2.0,Standard,Annual,873.65,20.0,No
294386.0,30.0,Female,7.0,22.0,0.0,1.0,Premium,Quarterly,935.77,9.0,No
434120.0,21.0,Male,9.0,20.0,1.0,9.0,Basic,Annual,673.3,15.0,No
40045.0,29.0,Male,38.0,7.0,5.0,27.0,Standard,Quarterly,931.0,5.0,Yes
157563.0,56.0,Female,28.0,5.0,3.0,3.0,Premium,Monthly,538.0,16.0,Yes
146488.0,34.0,Male,27.0,17.0,9.0,25.0,Premium,Monthly,649.0,27.0,Yes
386187.0,32.0,Male,20.0,22.0,0.0,9.0,Standard,Quarterly,965.15,5.0,No
145691.0,47.0,Male,31.0,24.0,8.0,2.0,Standard,Annual,595.0,28.0,Yes
20091.0,58.0,Female,22.0,7.0,3.0,3.0,Premium,Annual,415.0,25.0,Yes
25153.0,26.0,Female,59.0,13.0,9.0,28.0,Standard,Monthly,383.0,21.0,Yes
340728.0,40.0,Female,32.0,3.0,4.0,7.0,Premium,Quarterly,769.48,14.0,No
80239.0,44.0,Male,3.0,2.0,10.0,28.0,Basic,Annual,893.0,14.0,Yes
417310.0,43.0,Male,5.0,25.0,2.0,19.0,Premium,Annual,822.65,1.0,No
336075.0,39.0,Male,31.0,30.0,2.0,14.0,Standard,Quarterly,561.56,7.0,No
281023.0,34.0,Male,35.0,13.0,2.0,10.0,Basic,Annual,858.96,13.0,No
347129.0,49.0,Female,56.0,9.0,4.0,13.0,Premium,Annual,737.57,11.0,No
208985.0,49.0,Male,41.0,23.0,2.0,20.0,Basic,Quarterly,425.98,23.0,Yes
108316.0,54.0,Male,9.0,19.0,4.0,12.0,Basic,Annual,893.0,25.0,Yes
243672.0,43.0,Female,35.0,20.0,10.0,21.0,Basic,Monthly,703.0,14.0,Yes
230720.0,44.0,Male,34.0,28.0,5.0,7.0,Basic,Quarterly,271.95,3.0,Yes
398845.0,24.0,Female,25.0,10.0,0.0,20.0,Premium,Annual,686.8,9.0,No
227804.0,35.0,Female,45.0,19.0,1.0,6.0,Basic,Monthly,164.2,15.0,Yes
137874.0,44.0,Female,50.0,17.0,3.0,18.0,Premium,Quarterly,371.0,26.0,Yes
281053.0,21.0,Male,31.0,20.0,1.0,6.0,Premium,Quarterly,992.69,1.0,No
249439.0,63.0,Male,57.0,21.0,0.0,15.0,Basic,Annual,916.08,6.0,Yes
364262.0,47.0,Male,54.0,8.0,2.0,12.0,Basic,Quarterly,814.96,12.0,No
429771.0,36.0,Male,13.0,18.0,1.0,11.0,Premium,Quarterly,938.29,17.0,No
127899.0,55.0,Female,43.0,2.0,10.0,20.0,Premium,Quarterly,527.0,24.0,Yes
374485.0,37.0,Male,32.0,3.0,2.0,17.0,Premium,Annual,529.15,26.0,No
172782.0,51.0,Female,9.0,7.0,3.0,2.0,Standard,Annual,192.0,10.0,Yes
109942.0,52.0,Male,11.0,28.0,4.0,14.0,Basic,Quarterly,251.0,12.0,Yes
356285.0,40.0,Female,38.0,25.0,4.0,20.0,Basic,Quarterly,723.05,2.0,No
28458.0,51.0,Male,13.0,10.0,6.0,14.0,Premium,Monthly,881.0,6.0,Yes
96137.0,37.0,Female,58.0,25.0,8.0,1.0,Standard,Quarterly,692.0,13.0,Yes
52277.0,27.0,Male,46.0,15.0,4.0,19.0,Standard,Annual,741.0,19.0,Yes
357606.0,29.0,Male,58.0,11.0,2.0,8.0,Premium,Quarterly,523.76,2.0,No
77193.0,58.0,Male,43.0,4.0,9.0,20.0,Basic,Monthly,531.0,9.0,Yes
73426.0,33.0,Female,50.0,28.0,7.0,6.0,Basic,Annual,761.0,13.0,Yes
370842.0,18.0,Male,29.0,17.0,1.0,8.0,Premium,Quarterly,561.46,16.0,No
371537.0,44.0,Male,21.0,17.0,0.0,2.0,Basic,Annual,892.29,26.0,No
115610.0,64.0,Male,10.0,27.0,6.0,9.0,Premium,Quarterly,813.0,22.0,Yes
34569.0,26.0,Male,17.0,14.0,5.0,4.0,Standard,Quarterly,952.0,6.0,Yes
439204.0,38.0,Male,58.0,14.0,3.0,9.0,Premium,Quarterly,817.9,12.0,No
111232.0,60.0,Female,1.0,17.0,3.0,3.0,Basic,Monthly,381.0,19.0,Yes
401862.0,29.0,Female,34.0,5.0,1.0,6.0,Basic,Quarterly,653.43,15.0,No
207158.0,41.0,Female,2.0,14.0,0.0,9.0,Premium,Quarterly,390.6,23.0,Yes
202354.0,22.0,Female,53.0,28.0,1.0,3.0,Standard,Annual,657.0,3.0,No
184818.0,35.0,Male,33.0,5.0,8.0,26.0,Premium,Monthly,659.0,17.0,Yes
266094.0,46.0,Male,58.0,6.0,0.0,15.0,Standard,Quarterly,516.04,8.0,No
286599.0,48.0,Male,31.0,13.0,2.0,9.0,Premium,Annual,855.47,7.0,No
327390.0,44.0,Male,33.0,22.0,1.0,7.0,Premium,Quarterly,912.19,8.0,No
224475.0,31.0,Male,60.0,20.0,4.0,29.0,Premium,Quarterly,293.58,6.0,Yes
286671.0,22.0,Male,60.0,11.0,2.0,13.0,Premium,Quarterly,524.3,29.0,No
268150.0,34.0,Male,54.0,30.0,3.0,19.0,Premium,Quarterly,884.77,27.0,No
443006.0,47.0,Male,31.0,20.0,4.0,7.0,Basic,Annual,927.61,3.0,No
24166.0,47.0,Male,10.0,29.0,0.0,12.0,Standard,Monthly,325.0,12.0,Yes
53708.0,18.0,Male,17.0,3.0,5.0,1.0,Premium,Annual,866.0,14.0,Yes
255981.0,59.0,Male,44.0,22.0,9.0,21.0,Standard,Quarterly,378.03,11.0,Yes
129302.0,55.0,Male,47.0,8.0,6.0,19.0,Basic,Monthly,136.0,19.0,Yes
218805.0,40.0,Male,47.0,1.0,9.0,16.0,Premium,Quarterly,894.52,19.0,Yes
150018.0,40.0,Male,44.0,25.0,5.0,12.0,Standard,Monthly,547.0,2.0,Yes
338026.0,28.0,Female,47.0,12.0,2.0,17.0,Premium,Annual,899.78,13.0,No
263003.0,48.0,Male,41.0,14.0,1.0,14.0,Basic,Quarterly,566.3,1.0,No
137565.0,18.0,Female,3.0,27.0,1.0,23.0,Standard,Monthly,633.0,6.0,Yes
323096.0,37.0,Male,47.0,21.0,0.0,15.0,Basic,Annual,709.94,23.0,No
72603.0,50.0,Female,58.0,13.0,2.0,20.0,Standard,Annual,299.0,26.0,Yes
326009.0,44.0,Female,51.0,13.0,3.0,3.0,Standard,Quarterly,865.14,10.0,No
381902.0,34.0,Female,36.0,30.0,2.0,8.0,Basic,Quarterly,601.5,10.0,No
165246.0,29.0,Female,26.0,7.0,9.0,3.0,Standard,Quarterly,175.0,3.0,Yes
133981.0,28.0,Female,51.0,25.0,5.0,30.0,Basic,Monthly,872.0,28.0,Yes
335150.0,22.0,Male,2.0,6.0,1.0,20.0,Standard,Quarterly,593.28,27.0,No
432360.0,24.0,Male,4.0,15.0,2.0,1.0,Premium,Annual,888.95,2.0,No
375449.0,41.0,Female,48.0,24.0,0.0,9.0,Premium,Quarterly,527.37,11.0,No
36430.0,24.0,Male,21.0,2.0,7.0,20.0,Basic,Monthly,450.0,26.0,Yes
89049.0,28.0,Female,48.0,24.0,6.0,18.0,Premium,Quarterly,526.0,8.0,Yes
215453.0,56.0,Female,49.0,4.0,4.0,12.0,Premium,Monthly,967.46,2.0,Yes
79030.0,39.0,Female,28.0,9.0,7.0,12.0,Standard,Annual,402.0,27.0,Yes
360987.0,37.0,Female,5.0,20.0,2.0,17.0,Standard,Quarterly,662.26,11.0,No
96773.0,26.0,Female,29.0,17.0,1.0,25.0,Basic,Annual,424.0,25.0,Yes
123528.0,28.0,Female,17.0,30.0,5.0,19.0,Basic,Monthly,690.0,7.0,Yes
343110.0,18.0,Male,42.0,11.0,1.0,0.0,Basic,Annual,669.54,5.0,No
170751.0,50.0,Male,6.0,15.0,9.0,6.0,Basic,Quarterly,303.0,12.0,Yes
178119.0,65.0,Female,54.0,12.0,8.0,17.0,Standard,Quarterly,973.0,21.0,Yes
375411.0,49.0,Female,34.0,24.0,1.0,7.0,Standard,Annual,961.06,9.0,No
13391.0,64.0,Male,41.0,12.0,1.0,1.0,Standard,Monthly,254.0,1.0,Yes
97170.0,54.0,Female,11.0,11.0,8.0,26.0,Basic,Quarterly,271.0,13.0,Yes
349462.0,41.0,Female,27.0,22.0,2.0,5.0,Premium,Annual,901.91,12.0,No
205910.0,48.0,Male,4.0,15.0,9.0,24.0,Standard,Quarterly,427.07,28.0,Yes
363836.0,34.0,Male,38.0,13.0,1.0,12.0,Standard,Annual,744.34,20.0,No
276755.0,19.0,Male,56.0,21.0,0.0,8.0,Premium,Annual,790.5,6.0,No
75572.0,53.0,Female,7.0,25.0,3.0,28.0,Basic,Quarterly,508.0,14.0,Yes
374542.0,35.0,Male,21.0,18.0,1.0,13.0,Basic,Quarterly,936.78,7.0,No
135719.0,45.0,Male,12.0,17.0,7.0,9.0,Premium,Quarterly,776.0,22.0,Yes
211932.0,49.0,Female,58.0,10.0,0.0,25.0,Premium,Annual,723.08,20.0,Yes
86629.0,34.0,Female,28.0,29.0,4.0,27.0,Basic,Monthly,444.0,29.0,Yes
122638.0,45.0,Male,40.0,21.0,7.0,23.0,Premium,Annual,454.0,17.0,Yes
79476.0,62.0,Female,4.0,14.0,2.0,22.0,Premium,Annual,950.0,4.0,Yes
180819.0,30.0,Male,7.0,9.0,7.0,25.0,Standard,Monthly,391.0,5.0,Yes
181407.0,37.0,Female,32.0,14.0,4.0,23.0,Basic,Monthly,131.0,22.0,Yes
270232.0,33.0,Female,28.0,10.0,3.0,3.0,Premium,Quarterly,585.06,5.0,No
148652.0,47.0,Male,23.0,3.0,9.0,26.0,Standard,Monthly,192.0,28.0,Yes
360724.0,45.0,Male,25.0,22.0,2.0,2.0,Basic,Quarterly,738.64,25.0,No
75794.0,41.0,Female,27.0,10.0,6.0,2.0,Basic,Quarterly,782.0,13.0,Yes
416128.0,21.0,Male,16.0,22.0,2.0,0.0,Premium,Quarterly,585.58,26.0,No
150431.0,56.0,Female,3.0,1.0,0.0,6.0,Premium,Annual,395.0,7.0,Yes
146857.0,37.0,Male,26.0,22.0,10.0,21.0,Standard,Monthly,247.0,24.0,Yes
135118.0,44.0,Female,19.0,1.0,6.0,16.0,Basic,Monthly,653.0,4.0,Yes
76700.0,21.0,Male,52.0,25.0,8.0,26.0,Premium,Annual,254.0,12.0,Yes
336167.0,37.0,Male,21.0,12.0,1.0,17.0,Standard,Quarterly,743.41,24.0,No
422528.0,37.0,Female,58.0,9.0,3.0,1.0,Premium,Quarterly,701.01,12.0,No
355407.0,45.0,Female,7.0,6.0,3.0,15.0,Basic,Quarterly,527.82,12.0,No
376328.0,34.0,Male,44.0,22.0,0.0,1.0,Basic,Quarterly,908.88,2.0,No
196824.0,19.0,Female,16.0,5.0,9.0,30.0,Basic,Annual,474.0,29.0,Yes
97169.0,24.0,Male,28.0,2.0,5.0,29.0,Basic,Annual,510.0,22.0,Yes
29307.0,28.0,Female,43.0,19.0,5.0,23.0,Standard,Monthly,349.0,22.0,Yes
372716.0,48.0,Male,45.0,3.0,3.0,8.0,Premium,Quarterly,515.44,8.0,No
242168.0,26.0,Male,59.0,10.0,1.0,21.0,Standard,Annual,526.79,23.0,Yes
287698.0,36.0,Male,20.0,16.0,3.0,8.0,Basic,Annual,509.32,15.0,No
23605.0,60.0,Male,33.0,9.0,2.0,19.0,Premium,Monthly,101.0,17.0,Yes
158234.0,57.0,Male,26.0,1.0,9.0,19.0,Basic,Quarterly,785.0,27.0,Yes
218201.0,51.0,Male,8.0,19.0,3.0,2.0,Standard,Quarterly,591.45,13.0,Yes
385759.0,47.0,Male,54.0,20.0,3.0,9.0,Premium,Annual,717.82,24.0,No
173339.0,47.0,Male,51.0,22.0,7.0,20.0,Premium,Annual,455.0,15.0,Yes
255370.0,19.0,Male,27.0,18.0,8.0,9.0,Premium,Quarterly,214.79,20.0,Yes
282944.0,42.0,Male,37.0,6.0,4.0,11.0,Premium,Quarterly,573.18,30.0,No
187190.0,65.0,Female,24.0,11.0,9.0,19.0,Premium,Annual,361.0,22.0,Yes
191684.0,20.0,Male,42.0,26.0,7.0,4.0,Standard,Annual,177.0,10.0,Yes
349268.0,19.0,Male,40.0,4.0,1.0,2.0,Premium,Annual,636.71,10.0,No
369190.0,50.0,Male,14.0,12.0,5.0,5.0,Basic,Quarterly,890.02,7.0,No
379847.0,38.0,Male,37.0,17.0,0.0,18.0,Standard,Quarterly,552.58,29.0,No
251475.0,24.0,Female,28.0,24.0,1.0,25.0,Premium,Monthly,958.92,22.0,Yes
121161.0,42.0,Male,27.0,3.0,10.0,27.0,Basic,Quarterly,285.0,24.0,Yes
169717.0,51.0,Female,2.0,1.0,3.0,10.0,Standard,Monthly,497.0,30.0,Yes
276334.0,34.0,Male,21.0,24.0,2.0,4.0,Basic,Quarterly,954.64,18.0,No
106165.0,62.0,Female,44.0,4.0,9.0,20.0,Basic,Monthly,877.0,19.0,Yes
36941.0,44.0,Male,1.0,14.0,8.0,14.0,Standard,Quarterly,639.0,15.0,Yes
40514.0,63.0,Female,52.0,5.0,1.0,23.0,Standard,Monthly,553.0,18.0,Yes
349866.0,30.0,Female,34.0,24.0,1.0,13.0,Premium,Quarterly,681.96,2.0,No
306906.0,20.0,Male,27.0,17.0,0.0,0.0,Standard,Quarterly,985.06,12.0,No
407158.0,30.0,Female,9.0,6.0,3.0,0.0,Premium,Annual,935.71,2.0,No
397249.0,25.0,Female,40.0,8.0,0.0,2.0,Premium,Annual,925.88,2.0,No
84268.0,30.0,Female,51.0,5.0,8.0,2.0,Standard,Monthly,661.0,28.0,Yes
277669.0,21.0,Female,51.0,30.0,1.0,10.0,Basic,Annual,679.61,2.0,No
107294.0,63.0,Male,16.0,5.0,6.0,20.0,Standard,Annual,232.0,13.0,Yes
412370.0,23.0,Male,22.0,15.0,1.0,4.0,Premium,Annual,927.67,20.0,No
35652.0,38.0,Female,57.0,7.0,3.0,8.0,Premium,Monthly,868.0,22.0,Yes
113704.0,54.0,Female,42.0,28.0,2.0,27.0,Standard,Monthly,126.0,19.0,Yes
178384.0,25.0,Female,58.0,17.0,0.0,18.0,Basic,Monthly,551.0,5.0,Yes
404612.0,32.0,Female,43.0,9.0,1.0,2.0,Premium,Annual,570.71,9.0,No
174982.0,64.0,Female,46.0,13.0,8.0,21.0,Basic,Quarterly,556.0,24.0,Yes
284219.0,39.0,Male,17.0,15.0,3.0,9.0,Basic,Quarterly,644.77,28.0,No
390118.0,40.0,Female,32.0,21.0,2.0,1.0,Standard,Quarterly,792.65,10.0,No
70648.0,59.0,Female,52.0,20.0,8.0,6.0,Standard,Annual,821.0,30.0,Yes
447187.0,48.0,Female,24.0,15.0,0.0,5.0,Basic,Quarterly,518.27,10.0,No
21102.0,41.0,Male,10.0,28.0,5.0,8.0,Premium,Quarterly,577.0,29.0,Yes
218068.0,57.0,Male,24.0,11.0,10.0,17.0,Premium,Monthly,434.31,13.0,Yes
137948.0,63.0,Male,18.0,26.0,10.0,8.0,Premium,Quarterly,754.0,8.0,Yes
347571.0,28.0,Male,28.0,27.0,0.0,0.0,Premium,Annual,539.57,6.0,No
313038.0,45.0,Male,4.0,11.0,1.0,17.0,Premium,Annual,504.51,12.0,No
35624.0,55.0,Male,19.0,9.0,0.0,17.0,Basic,Quarterly,897.0,14.0,Yes
210091.0,21.0,Female,9.0,9.0,8.0,0.0,Premium,Quarterly,101.45,9.0,Yes
426439.0,32.0,Male,7.0,4.0,2.0,2.0,Standard,Quarterly,664.56,2.0,No
40564.0,53.0,Female,22.0,19.0,7.0,13.0,Premium,Annual,416.0,26.0,Yes
61424.0,53.0,Female,48.0,10.0,10.0,23.0,Premium,Monthly,426.0,22.0,Yes
89633.0,46.0,Male,20.0,26.0,8.0,13.0,Standard,Quarterly,883.0,16.0,Yes
178164.0,40.0,Female,6.0,9.0,3.0,6.0,Standard,Monthly,683.0,28.0,Yes
431821.0,33.0,Male,10.0,11.0,3.0,17.0,Standard,Annual,725.73,21.0,No
430319.0,32.0,Female,20.0,23.0,1.0,7.0,Premium,Quarterly,771.72,1.0,No
433982.0,45.0,Female,40.0,11.0,1.0,11.0,Premium,Quarterly,661.46,2.0,No
435893.0,34.0,Female,21.0,23.0,1.0,5.0,Standard,Quarterly,524.72,3.0,No
19477.0,31.0,Male,54.0,16.0,1.0,25.0,Basic,Quarterly,924.0,13.0,Yes
203224.0,26.0,Female,5.0,30.0,2.0,23.0,Premium,Monthly,713.0,29.0,Yes
188595.0,32.0,Male,53.0,7.0,7.0,10.0,Premium,Monthly,214.0,15.0,Yes
121897.0,64.0,Male,45.0,11.0,0.0,7.0,Premium,Monthly,506.0,3.0,Yes
207169.0,61.0,Male,10.0,5.0,9.0,29.0,Premium,Annual,729.78,30.0,Yes
380035.0,46.0,Female,10.0,23.0,3.0,12.0,Standard,Quarterly,528.43,15.0,No
383746.0,38.0,Male,51.0,27.0,2.0,3.0,Premium,Annual,957.03,11.0,No
196176.0,50.0,Female,46.0,12.0,6.0,5.0,Premium,Monthly,472.0,6.0,Yes
219597.0,42.0,Female,27.0,30.0,2.0,12.0,Standard,Monthly,307.32,25.0,Yes
30773.0,31.0,Male,60.0,13.0,5.0,20.0,Premium,Monthly,987.0,18.0,Yes
244504.0,25.0,Female,40.0,4.0,9.0,2.0,Standard,Annual,927.15,7.0,Yes
93528.0,21.0,Female,43.0,17.0,4.0,28.0,Basic,Annual,389.0,29.0,Yes
57540.0,25.0,Male,2.0,29.0,5.0,19.0,Premium,Monthly,277.0,16.0,Yes
71092.0,31.0,Female,60.0,2.0,8.0,6.0,Premium,Annual,341.0,27.0,Yes
442156.0,33.0,Male,31.0,12.0,1.0,10.0,Basic,Quarterly,820.06,29.0,No
271758.0,26.0,Female,32.0,25.0,0.0,10.0,Standard,Quarterly,869.15,13.0,No
352958.0,40.0,Male,32.0,17.0,3.0,3.0,Standard,Annual,701.95,7.0,No
196329.0,43.0,Male,21.0,15.0,2.0,27.0,Premium,Monthly,601.0,25.0,Yes
233581.0,63.0,Female,16.0,15.0,3.0,20.0,Standard,Monthly,266.15,25.0,Yes
351700.0,49.0,Male,28.0,11.0,0.0,11.0,Basic,Quarterly,935.73,29.0,No
147352.0,33.0,Female,28.0,15.0,10.0,17.0,Premium,Annual,298.0,15.0,Yes
26032.0,27.0,Female,55.0,22.0,8.0,29.0,Standard,Quarterly,389.0,13.0,Yes
249850.0,52.0,Female,14.0,5.0,5.0,7.0,Standard,Monthly,828.47,15.0,Yes
358229.0,26.0,Male,56.0,13.0,1.0,2.0,Standard,Quarterly,580.88,9.0,No
275219.0,26.0,Male,51.0,5.0,0.0,8.0,Standard,Annual,567.2,14.0,No
446019.0,41.0,Male,33.0,4.0,0.0,14.0,Standard,Quarterly,741.1,7.0,No
155772.0,27.0,Female,5.0,18.0,8.0,29.0,Basic,Monthly,257.0,3.0,Yes
354776.0,31.0,Male,9.0,23.0,2.0,9.0,Basic,Annual,976.16,13.0,No
62423.0,41.0,Female,54.0,4.0,1.0,9.0,Basic,Monthly,389.0,1.0,Yes
393530.0,50.0,Female,46.0,10.0,2.0,17.0,Standard,Annual,821.02,3.0,No
268369.0,37.0,Male,10.0,3.0,1.0,0.0,Basic,Quarterly,897.6,8.0,No
272676.0,34.0,Female,7.0,14.0,1.0,18.0,Standard,Quarterly,921.65,15.0,No
436549.0,50.0,Female,35.0,30.0,2.0,19.0,Basic,Quarterly,717.53,8.0,No
243491.0,46.0,Female,31.0,22.0,6.0,15.0,Basic,Quarterly,272.37,29.0,Yes
357715.0,31.0,Female,43.0,20.0,3.0,9.0,Standard,Annual,711.72,11.0,No
383647.0,45.0,Female,41.0,20.0,3.0,16.0,Standard,Annual,958.01,5.0,No
158011.0,48.0,Male,35.0,21.0,3.0,20.0,Basic,Monthly,268.0,15.0,Yes
204616.0,22.0,Male,13.0,24.0,1.0,8.0,Standard,Monthly,868.39,30.0,Yes
184436.0,28.0,Male,35.0,14.0,6.0,23.0,Premium,Annual,707.0,10.0,Yes
80634.0,57.0,Female,17.0,3.0,1.0,11.0,Standard,Quarterly,451.0,21.0,Yes
360479.0,31.0,Male,32.0,23.0,1.0,11.0,Standard,Annual,696.27,4.0,No
218876.0,29.0,Female,29.0,6.0,7.0,26.0,Standard,Annual,454.68,17.0,Yes
358952.0,22.0,Male,8.0,8.0,2.0,5.0,Premium,Annual,789.53,27.0,No
432735.0,25.0,Male,30.0,2.0,0.0,15.0,Standard,Annual,592.28,6.0,No
2195.0,20.0,Male,42.0,25.0,0.0,9.0,Premium,Quarterly,524.0,15.0,No
442498.0,44.0,Male,30.0,16.0,0.0,20.0,Standard,Annual,730.98,22.0,No
103335.0,30.0,Male,22.0,30.0,10.0,10.0,Premium,Quarterly,692.0,20.0,Yes
435146.0,33.0,Male,47.0,6.0,1.0,12.0,Standard,Annual,959.65,11.0,No
99483.0,20.0,Female,5.0,23.0,7.0,9.0,Standard,Monthly,401.0,9.0,Yes
395647.0,43.0,Female,34.0,11.0,3.0,7.0,Basic,Annual,634.57,3.0,No
243901.0,39.0,Female,29.0,20.0,8.0,12.0,Premium,Monthly,379.22,13.0,Yes
336670.0,44.0,Male,9.0,8.0,1.0,13.0,Premium,Quarterly,870.38,7.0,No
279415.0,37.0,Male,15.0,26.0,2.0,7.0,Premium,Annual,698.17,22.0,No
241600.0,27.0,Male,18.0,15.0,6.0,16.0,Standard,Annual,335.83,26.0,Yes
308346.0,41.0,Female,48.0,10.0,2.0,19.0,Premium,Quarterly,613.82,10.0,No
301565.0,24.0,Male,37.0,20.0,0.0,4.0,Premium,Annual,665.58,23.0,No
167602.0,49.0,Male,50.0,18.0,4.0,6.0,Basic,Quarterly,248.0,14.0,Yes
102834.0,63.0,Female,23.0,27.0,2.0,26.0,Standard,Quarterly,734.0,2.0,Yes
127207.0,39.0,Female,22.0,13.0,0.0,29.0,Basic,Monthly,849.0,15.0,Yes
272762.0,32.0,Female,11.0,17.0,0.0,2.0,Premium,Annual,705.3,6.0,No
155486.0,28.0,Male,42.0,11.0,5.0,3.0,Premium,Annual,684.0,21.0,Yes
430602.0,32.0,Male,53.0,6.0,3.0,4.0,Premium,Quarterly,526.79,13.0,No
383794.0,28.0,Male,34.0,22.0,1.0,7.0,Premium,Annual,982.1,8.0,No
256490.0,63.0,Male,60.0,1.0,10.0,5.0,Standard,Annual,406.9,4.0,Yes
188775.0,46.0,Female,53.0,1.0,0.0,23.0,Standard,Annual,381.0,4.0,Yes
220371.0,50.0,Female,23.0,2.0,10.0,19.0,Standard,Annual,227.86,3.0,Yes
261531.0,28.0,Male,52.0,24.0,1.0,18.0,Basic,Quarterly,867.5,13.0,No
254041.0,59.0,Male,41.0,26.0,4.0,25.0,Standard,Annual,564.62,25.0,Yes
92927.0,27.0,Male,12.0,16.0,6.0,21.0,Basic,Monthly,544.0,11.0,Yes
376096.0,47.0,Male,15.0,10.0,4.0,9.0,Standard,Quarterly,635.25,28.0,No
44369.0,59.0,Male,46.0,5.0,2.0,25.0,Premium,Annual,372.0,3.0,Yes
305099.0,25.0,Male,4.0,14.0,0.0,8.0,Premium,Quarterly,534.02,19.0,No
206441.0,31.0,Male,23.0,10.0,5.0,19.0,Premium,Monthly,615.37,22.0,Yes
205822.0,48.0,Male,18.0,15.0,8.0,10.0,Standard,Monthly,907.86,29.0,Yes
386910.0,27.0,Male,54.0,3.0,2.0,15.0,Premium,Quarterly,603.0,5.0,No
196949.0,38.0,Female,38.0,5.0,7.0,27.0,Basic,Monthly,478.0,15.0,Yes
255002.0,24.0,Male,38.0,9.0,8.0,19.0,Standard,Annual,886.99,30.0,Yes
300661.0,48.0,Male,16.0,21.0,1.0,3.0,Premium,Quarterly,626.55,17.0,No
399795.0,37.0,Male,50.0,9.0,3.0,0.0,Basic,Annual,530.44,21.0,No
160434.0,30.0,Female,33.0,13.0,1.0,13.0,Premium,Annual,746.0,1.0,No
52089.0,36.0,Male,53.0,4.0,7.0,14.0,Standard,Annual,743.0,8.0,Yes
390430.0,44.0,Male,31.0,17.0,3.0,4.0,Premium,Annual,985.79,16.0,No
238795.0,45.0,Male,32.0,19.0,6.0,1.0,Standard,Annual,197.77,27.0,Yes
270420.0,23.0,Female,50.0,20.0,1.0,4.0,Premium,Quarterly,724.68,9.0,No
400965.0,47.0,Female,30.0,24.0,2.0,4.0,Basic,Annual,753.35,1.0,No
433834.0,27.0,Female,52.0,26.0,2.0,9.0,Standard,Annual,846.31,2.0,No
14093.0,57.0,Female,57.0,26.0,0.0,9.0,Premium,Annual,182.0,6.0,Yes
38568.0,18.0,Female,58.0,4.0,0.0,29.0,Basic,Quarterly,132.0,18.0,Yes
123266.0,59.0,Male,26.0,10.0,0.0,19.0,Standard,Quarterly,315.0,12.0,Yes
417990.0,42.0,Male,58.0,2.0,4.0,12.0,Basic,Quarterly,533.13,11.0,No
314747.0,47.0,Male,56.0,3.0,0.0,3.0,Premium,Annual,968.0,18.0,No
211511.0,45.0,Male,24.0,17.0,9.0,21.0,Basic,Monthly,862.28,2.0,Yes
377777.0,19.0,Male,15.0,10.0,0.0,3.0,Basic,Annual,794.05,9.0,No
333465.0,21.0,Female,25.0,1.0,2.0,2.0,Basic,Annual,812.21,5.0,No
293749.0,50.0,Male,58.0,20.0,5.0,14.0,Basic,Annual,822.79,30.0,No
85884.0,40.0,Female,59.0,4.0,9.0,21.0,Premium,Quarterly,646.0,16.0,Yes
72179.0,49.0,Female,34.0,27.0,1.0,27.0,Standard,Monthly,932.0,23.0,Yes
358115.0,49.0,Female,16.0,27.0,0.0,2.0,Premium,Annual,986.94,12.0,No
342917.0,44.0,Male,26.0,12.0,1.0,5.0,Basic,Quarterly,577.59,26.0,No
27871.0,29.0,Female,34.0,11.0,4.0,17.0,Basic,Monthly,960.0,23.0,Yes
23191.0,35.0,Female,8.0,10.0,3.0,6.0,Standard,Quarterly,837.0,12.0,No
155000.0,25.0,Male,54.0,26.0,6.0,9.0,Basic,Quarterly,773.0,5.0,Yes
46552.0,36.0,Female,22.0,27.0,7.0,1.0,Basic,Monthly,141.0,27.0,Yes
8351.0,45.0,Male,9.0,20.0,4.0,29.0,Basic,Quarterly,620.0,7.0,Yes
8433.0,53.0,Female,29.0,15.0,5.0,12.0,Basic,Quarterly,513.0,1.0,Yes
12265.0,63.0,Female,3.0,13.0,7.0,28.0,Standard,Monthly,781.0,18.0,Yes
106830.0,44.0,Male,7.0,10.0,9.0,8.0,Premium,Annual,411.0,23.0,Yes
58538.0,65.0,Male,39.0,14.0,3.0,23.0,Premium,Annual,203.0,23.0,Yes
192434.0,49.0,Female,25.0,9.0,1.0,1.0,Premium,Monthly,508.0,22.0,Yes
279908.0,41.0,Female,43.0,1.0,4.0,0.0,Standard,Quarterly,946.03,3.0,No
101107.0,59.0,Male,33.0,9.0,5.0,25.0,Basic,Annual,964.0,1.0,Yes
130753.0,62.0,Male,47.0,23.0,9.0,16.0,Premium,Quarterly,506.0,28.0,Yes
113374.0,36.0,Male,5.0,21.0,6.0,29.0,Standard,Annual,311.0,13.0,Yes
239462.0,19.0,Male,57.0,21.0,5.0,27.0,Premium,Annual,699.3,18.0,Yes
175479.0,56.0,Male,44.0,20.0,8.0,20.0,Standard,Annual,576.0,30.0,Yes
366016.0,45.0,Male,27.0,27.0,3.0,6.0,Basic,Quarterly,973.31,22.0,No
91036.0,21.0,Male,7.0,28.0,2.0,14.0,Basic,Quarterly,174.0,21.0,Yes
292031.0,49.0,Male,59.0,26.0,4.0,6.0,Premium,Quarterly,784.82,9.0,No
355167.0,26.0,Male,7.0,14.0,1.0,20.0,Basic,Annual,875.97,16.0,No
169472.0,52.0,Male,49.0,20.0,5.0,3.0,Basic,Annual,804.0,10.0,Yes
45600.0,51.0,Female,21.0,25.0,3.0,19.0,Basic,Annual,715.0,26.0,Yes
390313.0,35.0,Male,36.0,3.0,3.0,14.0,Standard,Annual,642.16,10.0,No
121570.0,51.0,Male,23.0,15.0,8.0,21.0,Standard,Monthly,820.0,11.0,Yes
233074.0,21.0,Male,27.0,17.0,3.0,1.0,Standard,Monthly,823.24,10.0,Yes
305747.0,21.0,Male,11.0,29.0,0.0,11.0,Standard,Annual,707.1,3.0,No
410409.0,30.0,Male,6.0,28.0,0.0,0.0,Basic,Annual,507.52,3.0,No
387158.0,30.0,Male,55.0,11.0,0.0,0.0,Premium,Quarterly,591.67,28.0,No
76065.0,29.0,Female,36.0,1.0,6.0,20.0,Basic,Annual,898.0,10.0,Yes
424560.0,46.0,Female,49.0,1.0,4.0,6.0,Premium,Quarterly,877.32,4.0,No
63412.0,51.0,Male,59.0,10.0,6.0,8.0,Standard,Annual,450.0,23.0,Yes
249745.0,41.0,Female,41.0,21.0,2.0,2.0,Standard,Annual,269.87,4.0,Yes
42678.0,30.0,Male,39.0,10.0,0.0,23.0,Premium,Quarterly,347.0,30.0,Yes
103651.0,41.0,Female,50.0,7.0,8.0,9.0,Standard,Annual,487.0,17.0,Yes
195298.0,35.0,Female,5.0,14.0,9.0,29.0,Premium,Annual,119.0,17.0,Yes
13504.0,46.0,Female,59.0,1.0,4.0,1.0,Standard,Monthly,601.0,20.0,Yes
263355.0,34.0,Female,8.0,15.0,3.0,3.0,Premium,Quarterly,775.85,15.0,No
186055.0,50.0,Female,19.0,29.0,5.0,11.0,Standard,Monthly,848.0,8.0,Yes
287087.0,36.0,Male,33.0,6.0,2.0,18.0,Premium,Quarterly,542.65,30.0,No
236736.0,19.0,Female,22.0,6.0,1.0,16.0,Premium,Annual,647.73,18.0,Yes
272401.0,34.0,Male,50.0,22.0,3.0,2.0,Basic,Quarterly,901.2,12.0,No
316324.0,20.0,Female,29.0,23.0,1.0,19.0,Basic,Annual,735.68,6.0,No
398230.0,27.0,Female,25.0,14.0,0.0,14.0,Standard,Quarterly,594.99,12.0,No
125830.0,24.0,Female,42.0,5.0,3.0,19.0,Standard,Monthly,557.0,28.0,Yes
420820.0,49.0,Male,19.0,20.0,0.0,18.0,Premium,Annual,709.91,21.0,No
23574.0,24.0,Female,55.0,13.0,0.0,18.0,Standard,Quarterly,295.0,28.0,Yes
108062.0,50.0,Male,39.0,25.0,6.0,18.0,Basic,Monthly,551.0,24.0,Yes
95590.0,65.0,Female,39.0,21.0,0.0,27.0,Standard,Monthly,696.0,3.0,Yes
188624.0,39.0,Male,12.0,23.0,6.0,22.0,Premium,Annual,917.0,23.0,Yes
421806.0,31.0,Male,17.0,28.0,3.0,7.0,Premium,Annual,869.19,11.0,No
84333.0,46.0,Male,13.0,7.0,2.0,14.0,Premium,Quarterly,621.0,30.0,Yes
278958.0,24.0,Male,44.0,8.0,0.0,8.0,Standard,Annual,618.45,22.0,No
72307.0,50.0,Female,39.0,16.0,8.0,29.0,Standard,Monthly,926.0,20.0,Yes
13905.0,62.0,Male,4.0,11.0,9.0,25.0,Basic,Monthly,480.0,19.0,Yes
63684.0,44.0,Female,17.0,9.0,7.0,30.0,Basic,Quarterly,762.0,10.0,Yes
135816.0,26.0,Male,33.0,2.0,5.0,12.0,Basic,Annual,139.0,27.0,Yes
154051.0,29.0,Male,37.0,15.0,10.0,22.0,Standard,Quarterly,779.0,26.0,Yes
2063.0,54.0,Female,29.0,15.0,10.0,30.0,Standard,Monthly,488.0,9.0,Yes
183652.0,38.0,Female,55.0,11.0,4.0,8.0,Basic,Annual,344.0,9.0,Yes
348494.0,40.0,Male,42.0,27.0,2.0,10.0,Premium,Annual,704.2,13.0,No
214259.0,45.0,Female,28.0,11.0,8.0,22.0,Premium,Monthly,300.29,13.0,Yes
293803.0,28.0,Male,53.0,22.0,0.0,8.0,Premium,Quarterly,618.36,17.0,No
60913.0,30.0,Male,22.0,18.0,3.0,5.0,Basic,Monthly,626.0,6.0,Yes
69588.0,33.0,Male,48.0,24.0,8.0,2.0,Premium,Annual,525.0,3.0,Yes
122401.0,55.0,Male,56.0,8.0,3.0,2.0,Standard,Monthly,748.0,5.0,Yes
254164.0,56.0,Male,27.0,1.0,7.0,24.0,Premium,Monthly,389.08,12.0,Yes
85222.0,28.0,Female,14.0,7.0,6.0,1.0,Standard,Quarterly,912.0,11.0,Yes
405455.0,42.0,Male,22.0,19.0,2.0,16.0,Basic,Quarterly,539.21,11.0,No
330652.0,22.0,Female,27.0,21.0,1.0,15.0,Standard,Annual,885.34,13.0,No
92925.0,41.0,Male,9.0,15.0,9.0,21.0,Standard,Quarterly,733.0,9.0,Yes
199328.0,34.0,Female,31.0,19.0,7.0,20.0,Premium,Quarterly,796.0,18.0,Yes
20128.0,37.0,Female,26.0,22.0,8.0,20.0,Standard,Monthly,348.0,14.0,Yes
306191.0,30.0,Male,59.0,15.0,3.0,12.0,Premium,Annual,642.56,11.0,No
161225.0,20.0,Male,52.0,4.0,4.0,10.0,Basic,Annual,760.0,21.0,Yes
86623.0,51.0,Female,10.0,11.0,8.0,30.0,Standard,Quarterly,150.0,29.0,Yes
426260.0,43.0,Female,22.0,22.0,0.0,19.0,Premium,Quarterly,993.06,8.0,No
218673.0,34.0,Male,39.0,12.0,1.0,22.0,Basic,Quarterly,420.09,23.0,Yes
256825.0,21.0,Male,60.0,14.0,0.0,21.0,Basic,Monthly,339.15,2.0,Yes
422971.0,44.0,Male,18.0,18.0,0.0,7.0,Premium,Annual,981.84,12.0,No
20714.0,37.0,Female,50.0,19.0,3.0,25.0,Standard,Annual,374.0,26.0,Yes
343131.0,24.0,Male,52.0,17.0,1.0,5.0,Basic,Annual,679.95,29.0,No
214004.0,51.0,Female,7.0,1.0,9.0,22.0,Basic,Monthly,532.26,7.0,Yes
6597.0,39.0,Female,41.0,23.0,9.0,20.0,Basic,Annual,583.0,2.0,Yes
68817.0,30.0,Female,47.0,2.0,8.0,23.0,Standard,Quarterly,220.0,5.0,Yes
84024.0,56.0,Female,59.0,14.0,6.0,28.0,Premium,Annual,637.0,10.0,Yes
85462.0,27.0,Male,32.0,6.0,0.0,27.0,Premium,Monthly,206.0,1.0,Yes
53074.0,45.0,Male,28.0,18.0,6.0,17.0,Basic,Quarterly,878.0,7.0,Yes
46165.0,29.0,Female,20.0,24.0,1.0,26.0,Basic,Quarterly,133.0,26.0,Yes
244025.0,63.0,Female,25.0,16.0,10.0,4.0,Premium,Monthly,380.07,10.0,Yes
360274.0,35.0,Male,33.0,8.0,0.0,17.0,Basic,Quarterly,934.31,29.0,No
217156.0,56.0,Female,54.0,1.0,1.0,3.0,Premium,Monthly,100.17,24.0,Yes
29689.0,48.0,Male,56.0,21.0,0.0,19.0,Premium,Quarterly,580.0,15.0,No
424121.0,25.0,Male,58.0,18.0,0.0,9.0,Standard,Annual,610.2,27.0,No
7656.0,49.0,Female,34.0,4.0,3.0,30.0,Basic,Quarterly,733.0,28.0,Yes
422102.0,47.0,Female,46.0,22.0,2.0,20.0,Basic,Quarterly,844.12,3.0,No
330554.0,26.0,Male,58.0,20.0,0.0,0.0,Premium,Annual,677.61,8.0,No
374230.0,30.0,Male,25.0,7.0,0.0,10.0,Premium,Quarterly,865.83,10.0,No
243309.0,41.0,Male,27.0,8.0,3.0,30.0,Premium,Monthly,600.77,8.0,Yes
128943.0,45.0,Female,9.0,8.0,5.0,29.0,Basic,Quarterly,723.0,21.0,Yes
352110.0,43.0,Female,2.0,14.0,2.0,17.0,Premium,Quarterly,803.6,5.0,No
117883.0,52.0,Female,56.0,2.0,10.0,19.0,Basic,Quarterly,936.0,25.0,Yes
278665.0,35.0,Female,12.0,28.0,1.0,4.0,Premium,Annual,655.39,2.0,No
23499.0,19.0,Male,5.0,20.0,2.0,29.0,Basic,Monthly,232.0,3.0,Yes
363636.0,44.0,Male,42.0,22.0,3.0,11.0,Premium,Annual,772.39,4.0,No
221987.0,63.0,Male,60.0,21.0,8.0,2.0,Premium,Quarterly,395.08,21.0,Yes
42978.0,57.0,Female,2.0,19.0,3.0,28.0,Standard,Monthly,288.0,7.0,Yes
241631.0,56.0,Male,50.0,9.0,9.0,5.0,Basic,Quarterly,676.83,13.0,Yes
350622.0,25.0,Female,19.0,12.0,1.0,1.0,Premium,Quarterly,618.52,2.0,No
187149.0,52.0,Male,37.0,22.0,8.0,6.0,Basic,Quarterly,658.0,15.0,Yes
199683.0,57.0,Female,12.0,18.0,3.0,17.0,Premium,Monthly,730.0,23.0,Yes
247540.0,27.0,Male,30.0,18.0,3.0,13.0,Basic,Monthly,782.81,11.0,Yes
356208.0,41.0,Female,14.0,21.0,3.0,14.0,Standard,Quarterly,722.89,9.0,No
344866.0,30.0,Male,45.0,4.0,2.0,10.0,Premium,Annual,630.0,22.0,No
231315.0,39.0,Female,28.0,30.0,5.0,0.0,Standard,Quarterly,909.69,22.0,Yes
391590.0,31.0,Male,32.0,21.0,2.0,19.0,Premium,Annual,893.55,29.0,No
41987.0,38.0,Male,35.0,11.0,6.0,13.0,Premium,Quarterly,254.0,16.0,Yes
156379.0,27.0,Female,17.0,3.0,1.0,8.0,Premium,Monthly,172.0,30.0,Yes
8004.0,61.0,Female,22.0,4.0,1.0,30.0,Standard,Quarterly,849.0,26.0,Yes
13669.0,44.0,Male,58.0,10.0,4.0,24.0,Basic,Quarterly,787.0,16.0,Yes
418732.0,33.0,Female,37.0,21.0,2.0,8.0,Basic,Quarterly,935.22,7.0,No
49558.0,39.0,Male,25.0,30.0,10.0,19.0,Standard,Quarterly,598.0,15.0,Yes
81465.0,20.0,Female,25.0,9.0,1.0,7.0,Basic,Quarterly,239.0,5.0,Yes
91963.0,47.0,Female,59.0,28.0,0.0,7.0,Basic,Monthly,712.0,7.0,Yes
222594.0,21.0,Female,42.0,12.0,10.0,14.0,Basic,Monthly,698.38,24.0,Yes
153036.0,40.0,Female,34.0,11.0,9.0,30.0,Standard,Annual,480.0,17.0,Yes
19607.0,57.0,Male,52.0,3.0,7.0,11.0,Basic,Annual,532.0,22.0,Yes
100092.0,44.0,Female,59.0,19.0,9.0,25.0,Standard,Annual,177.0,22.0,Yes
281112.0,22.0,Female,40.0,30.0,0.0,0.0,Standard,Quarterly,581.11,6.0,No
444052.0,45.0,Female,37.0,28.0,4.0,7.0,Basic,Annual,737.24,3.0,No
51873.0,57.0,Male,4.0,21.0,3.0,11.0,Basic,Quarterly,978.0,8.0,Yes
61227.0,53.0,Female,7.0,3.0,9.0,6.0,Basic,Quarterly,945.0,28.0,Yes
144384.0,37.0,Female,37.0,4.0,1.0,23.0,Premium,Annual,510.0,28.0,Yes
100010.0,42.0,Female,25.0,9.0,5.0,22.0,Premium,Quarterly,810.0,2.0,Yes
397352.0,46.0,Female,18.0,12.0,1.0,1.0,Premium,Quarterly,807.17,2.0,No
159084.0,20.0,Male,44.0,20.0,6.0,24.0,Premium,Monthly,734.0,21.0,Yes
66335.0,51.0,Male,13.0,14.0,0.0,23.0,Basic,Annual,317.0,15.0,Yes
110440.0,43.0,Male,37.0,26.0,7.0,16.0,Standard,Quarterly,937.0,23.0,Yes
294112.0,25.0,Female,42.0,30.0,2.0,2.0,Basic,Annual,507.07,10.0,No
300105.0,37.0,Male,37.0,18.0,1.0,0.0,Standard,Quarterly,774.96,5.0,No
147614.0,38.0,Female,31.0,9.0,3.0,29.0,Premium,Monthly,883.0,30.0,Yes
73627.0,34.0,Male,27.0,9.0,0.0,3.0,Standard,Monthly,431.0,7.0,Yes
293896.0,20.0,Male,58.0,17.0,0.0,13.0,Standard,Quarterly,987.16,17.0,No
41168.0,47.0,Female,13.0,12.0,7.0,16.0,Standard,Quarterly,672.0,5.0,Yes
429933.0,41.0,Male,3.0,10.0,1.0,7.0,Premium,Annual,511.62,1.0,No
417174.0,40.0,Male,45.0,8.0,4.0,5.0,Basic,Quarterly,730.28,3.0,No
425313.0,47.0,Male,56.0,7.0,0.0,5.0,Standard,Annual,892.32,30.0,No
156553.0,36.0,Female,8.0,19.0,4.0,5.0,Standard,Quarterly,276.0,29.0,Yes
420643.0,35.0,Female,58.0,22.0,2.0,16.0,Premium,Annual,992.36,3.0,No
93707.0,20.0,Male,60.0,11.0,1.0,16.0,Standard,Annual,117.0,22.0,Yes
362107.0,42.0,Female,51.0,27.0,1.0,19.0,Premium,Quarterly,741.41,13.0,No
359753.0,21.0,Female,31.0,21.0,0.0,1.0,Basic,Annual,915.71,6.0,No
398283.0,45.0,Male,56.0,8.0,2.0,3.0,Premium,Annual,784.3,10.0,No
344675.0,50.0,Male,15.0,21.0,0.0,7.0,Basic,Annual,535.34,16.0,No
424397.0,44.0,Female,42.0,20.0,0.0,2.0,Standard,Quarterly,930.35,2.0,No
199639.0,49.0,Female,12.0,11.0,3.0,10.0,Standard,Monthly,466.0,28.0,Yes
218990.0,29.0,Female,16.0,3.0,8.0,11.0,Standard,Monthly,774.03,10.0,Yes
369850.0,45.0,Female,7.0,17.0,1.0,6.0,Premium,Quarterly,659.79,1.0,No
369999.0,47.0,Female,42.0,24.0,3.0,12.0,Standard,Quarterly,734.46,9.0,No
253653.0,65.0,Female,28.0,24.0,10.0,8.0,Basic,Quarterly,299.09,20.0,Yes
216987.0,57.0,Male,59.0,11.0,9.0,3.0,Premium,Monthly,624.7,21.0,Yes
134454.0,63.0,Female,20.0,30.0,5.0,29.0,Premium,Quarterly,753.0,10.0,Yes
163958.0,29.0,Male,45.0,6.0,9.0,21.0,Standard,Quarterly,921.0,5.0,Yes
381760.0,31.0,Male,60.0,16.0,3.0,16.0,Basic,Quarterly,653.04,24.0,No
334746.0,38.0,Male,29.0,8.0,1.0,0.0,Standard,Quarterly,869.03,23.0,No
294692.0,22.0,Male,20.0,26.0,1.0,13.0,Standard,Annual,533.06,26.0,No
65626.0,36.0,Female,41.0,26.0,3.0,14.0,Basic,Monthly,181.0,13.0,Yes
294189.0,18.0,Male,36.0,11.0,1.0,7.0,Premium,Quarterly,761.54,6.0,No
381376.0,46.0,Male,53.0,20.0,4.0,0.0,Basic,Annual,993.7,29.0,No
434791.0,49.0,Male,30.0,15.0,0.0,6.0,Basic,Annual,693.66,13.0,No
174377.0,18.0,Female,35.0,17.0,8.0,6.0,Standard,Quarterly,414.0,7.0,Yes
419196.0,50.0,Male,17.0,17.0,5.0,7.0,Premium,Quarterly,526.4,6.0,No
329004.0,41.0,Female,18.0,27.0,3.0,12.0,Premium,Annual,787.76,12.0,No
338496.0,32.0,Female,28.0,23.0,1.0,10.0,Standard,Quarterly,765.96,14.0,No
51000.0,38.0,Female,56.0,25.0,9.0,8.0,Premium,Quarterly,803.0,11.0,Yes
349336.0,34.0,Male,39.0,12.0,0.0,10.0,Standard,Annual,743.52,15.0,No
323240.0,43.0,Male,50.0,7.0,0.0,14.0,Standard,Quarterly,510.03,22.0,No
383813.0,36.0,Male,9.0,18.0,3.0,18.0,Premium,Quarterly,798.49,18.0,No
166672.0,38.0,Female,49.0,9.0,8.0,29.0,Premium,Annual,787.0,13.0,Yes
442514.0,39.0,Male,26.0,2.0,0.0,10.0,Standard,Quarterly,928.75,6.0,No
127948.0,27.0,Female,29.0,5.0,2.0,14.0,Premium,Annual,206.0,14.0,Yes
37004.0,32.0,Female,21.0,15.0,10.0,23.0,Standard,Annual,781.0,6.0,Yes
285311.0,47.0,Female,58.0,22.0,3.0,7.0,Premium,Annual,892.86,7.0,No
119837.0,60.0,Female,41.0,9.0,7.0,2.0,Premium,Monthly,541.0,28.0,Yes
267481.0,32.0,Male,25.0,17.0,0.0,6.0,Basic,Annual,558.09,25.0,No
48784.0,19.0,Female,2.0,2.0,1.0,17.0,Premium,Quarterly,131.0,25.0,Yes
243105.0,19.0,Female,12.0,14.0,5.0,22.0,Standard,Quarterly,377.35,10.0,Yes
223778.0,23.0,Male,24.0,30.0,9.0,18.0,Standard,Annual,372.41,24.0,Yes
420208.0,27.0,Female,25.0,18.0,2.0,19.0,Premium,Quarterly,771.86,4.0,No
258885.0,41.0,Male,14.0,19.0,3.0,19.0,Basic,Monthly,572.9,21.0,Yes
151467.0,52.0,Male,19.0,9.0,7.0,24.0,Standard,Annual,514.0,4.0,Yes
61452.0,51.0,Male,50.0,23.0,4.0,27.0,Standard,Quarterly,738.0,23.0,Yes
242043.0,41.0,Female,47.0,15.0,5.0,13.0,Basic,Annual,758.05,24.0,Yes
236800.0,52.0,Male,17.0,26.0,3.0,20.0,Basic,Quarterly,338.69,25.0,Yes
376568.0,31.0,Male,16.0,13.0,3.0,9.0,Premium,Quarterly,520.46,13.0,No
99241.0,19.0,Female,56.0,2.0,8.0,5.0,Premium,Quarterly,513.0,6.0,Yes
20447.0,58.0,Female,11.0,17.0,10.0,2.0,Premium,Quarterly,880.0,18.0,Yes
318631.0,21.0,Female,35.0,16.0,2.0,12.0,Basic,Annual,938.48,4.0,No
133364.0,38.0,Female,17.0,6.0,7.0,11.0,Basic,Quarterly,391.0,14.0,Yes
345199.0,19.0,Male,11.0,1.0,1.0,4.0,Basic,Quarterly,818.14,6.0,No
144034.0,37.0,Female,34.0,18.0,4.0,9.0,Basic,Annual,897.0,25.0,Yes
286382.0,44.0,Male,6.0,3.0,3.0,19.0,Standard,Annual,840.03,23.0,No
286516.0,20.0,Male,35.0,24.0,1.0,2.0,Standard,Quarterly,722.84,5.0,No
393407.0,20.0,Male,16.0,18.0,2.0,20.0,Basic,Quarterly,850.96,10.0,No
108257.0,50.0,Male,27.0,22.0,9.0,24.0,Standard,Monthly,601.0,19.0,Yes
104232.0,62.0,Male,45.0,29.0,10.0,15.0,Standard,Quarterly,250.0,30.0,Yes
376161.0,18.0,Male,47.0,23.0,0.0,3.0,Basic,Quarterly,940.82,21.0,No
140841.0,62.0,Male,43.0,24.0,0.0,7.0,Premium,Monthly,191.0,8.0,Yes
183196.0,47.0,Male,26.0,1.0,9.0,23.0,Premium,Annual,399.0,12.0,Yes
54556.0,29.0,Male,60.0,24.0,0.0,0.0,Premium,Quarterly,416.0,15.0,Yes
93601.0,41.0,Female,41.0,13.0,10.0,17.0,Premium,Annual,870.0,15.0,Yes
45216.0,54.0,Male,46.0,10.0,8.0,2.0,Basic,Monthly,664.0,4.0,Yes
315619.0,31.0,Male,51.0,9.0,0.0,14.0,Standard,Quarterly,808.61,10.0,No
375771.0,21.0,Male,29.0,14.0,2.0,4.0,Standard,Annual,817.98,27.0,No
143080.0,20.0,Female,18.0,25.0,7.0,13.0,Premium,Annual,741.0,28.0,Yes
111016.0,36.0,Female,42.0,3.0,2.0,9.0,Basic,Monthly,509.0,29.0,Yes
40516.0,37.0,Male,55.0,8.0,10.0,22.0,Standard,Monthly,474.0,16.0,Yes
28733.0,50.0,Male,10.0,19.0,6.0,11.0,Basic,Monthly,839.0,28.0,Yes
247657.0,53.0,Female,38.0,20.0,8.0,7.0,Basic,Annual,870.31,10.0,Yes
232513.0,40.0,Female,51.0,9.0,10.0,27.0,Standard,Quarterly,557.47,24.0,Yes
311329.0,21.0,Female,60.0,3.0,2.0,10.0,Standard,Annual,671.06,9.0,No
371176.0,36.0,Male,54.0,21.0,3.0,5.0,Basic,Quarterly,618.07,24.0,No
402616.0,45.0,Male,20.0,13.0,2.0,7.0,Basic,Annual,825.98,20.0,No
110488.0,58.0,Female,57.0,11.0,4.0,24.0,Basic,Quarterly,630.0,24.0,Yes
152105.0,41.0,Female,17.0,3.0,5.0,22.0,Premium,Monthly,509.0,22.0,Yes
44408.0,27.0,Female,2.0,3.0,0.0,3.0,Premium,Monthly,835.0,11.0,Yes
17915.0,35.0,Male,32.0,29.0,1.0,3.0,Premium,Annual,120.0,2.0,Yes
351661.0,48.0,Male,38.0,16.0,3.0,2.0,Premium,Quarterly,958.5,30.0,No
378468.0,23.0,Female,24.0,26.0,0.0,18.0,Premium,Annual,701.37,8.0,No
302689.0,29.0,Male,31.0,19.0,2.0,4.0,Premium,Annual,550.52,14.0,No
384352.0,23.0,Female,6.0,2.0,0.0,13.0,Basic,Annual,750.9,12.0,No
390507.0,46.0,Female,45.0,5.0,4.0,10.0,Basic,Annual,797.17,4.0,No
309234.0,41.0,Male,40.0,1.0,3.0,2.0,Basic,Annual,621.32,13.0,No
425548.0,23.0,Male,49.0,4.0,2.0,17.0,Basic,Quarterly,903.95,11.0,No
414397.0,48.0,Male,48.0,8.0,1.0,8.0,Basic,Quarterly,952.19,25.0,No
214862.0,31.0,Female,47.0,9.0,9.0,14.0,Standard,Quarterly,327.45,19.0,Yes
223650.0,49.0,Male,45.0,21.0,7.0,3.0,Standard,Annual,594.76,15.0,Yes
112293.0,26.0,Female,40.0,21.0,5.0,12.0,Standard,Quarterly,159.0,15.0,Yes
344677.0,34.0,Male,2.0,3.0,1.0,11.0,Premium,Annual,787.01,7.0,No
6488.0,53.0,Female,55.0,25.0,0.0,30.0,Premium,Quarterly,343.0,26.0,Yes
366933.0,36.0,Male,33.0,16.0,3.0,13.0,Premium,Quarterly,750.09,22.0,No
433010.0,30.0,Male,3.0,17.0,1.0,17.0,Premium,Annual,557.03,19.0,No
83760.0,50.0,Male,33.0,9.0,8.0,28.0,Basic,Monthly,151.0,29.0,Yes
52832.0,26.0,Male,35.0,4.0,2.0,30.0,Basic,Monthly,101.0,6.0,Yes
150324.0,39.0,Male,3.0,5.0,4.0,8.0,Standard,Monthly,773.0,26.0,Yes
289528.0,31.0,Female,14.0,19.0,3.0,19.0,Basic,Quarterly,576.65,9.0,No
417708.0,44.0,Female,4.0,19.0,2.0,20.0,Premium,Quarterly,538.33,1.0,No
208009.0,60.0,Male,22.0,2.0,10.0,25.0,Standard,Quarterly,618.68,19.0,Yes
265079.0,40.0,Female,10.0,3.0,1.0,6.0,Premium,Quarterly,637.76,7.0,No
36299.0,29.0,Male,4.0,30.0,9.0,1.0,Basic,Quarterly,464.0,21.0,Yes
2702.0,60.0,Male,59.0,9.0,0.0,11.0,Standard,Quarterly,749.0,13.0,Yes
32448.0,33.0,Male,52.0,27.0,6.0,29.0,Basic,Annual,454.0,8.0,Yes
194338.0,26.0,Male,52.0,14.0,2.0,18.0,Standard,Monthly,937.0,6.0,Yes
24374.0,54.0,Male,21.0,16.0,7.0,17.0,Premium,Monthly,836.0,18.0,Yes
61441.0,50.0,Male,40.0,30.0,6.0,5.0,Premium,Monthly,553.0,21.0,Yes
104910.0,37.0,Male,36.0,16.0,7.0,21.0,Standard,Quarterly,271.0,13.0,Yes
267064.0,50.0,Male,49.0,24.0,2.0,19.0,Premium,Quarterly,523.81,2.0,No
241272.0,52.0,Male,25.0,20.0,2.0,14.0,Standard,Monthly,212.31,1.0,Yes
290639.0,45.0,Female,11.0,28.0,0.0,5.0,Standard,Annual,601.8,14.0,No
409484.0,30.0,Female,47.0,24.0,1.0,12.0,Standard,Annual,908.34,5.0,No
315268.0,42.0,Male,57.0,29.0,1.0,15.0,Standard,Annual,752.91,2.0,No
270602.0,44.0,Female,33.0,17.0,2.0,18.0,Premium,Quarterly,572.31,6.0,No
84532.0,58.0,Female,18.0,5.0,7.0,28.0,Premium,Quarterly,789.0,16.0,Yes
29508.0,21.0,Male,43.0,6.0,1.0,5.0,Standard,Monthly,773.0,11.0,Yes
124437.0,31.0,Male,24.0,2.0,0.0,5.0,Standard,Quarterly,240.0,30.0,Yes
27359.0,49.0,Female,29.0,12.0,2.0,25.0,Basic,Quarterly,508.0,8.0,Yes
269947.0,42.0,Male,23.0,25.0,2.0,17.0,Standard,Quarterly,651.78,18.0,No
418210.0,22.0,Male,45.0,22.0,1.0,7.0,Basic,Quarterly,702.17,6.0,No
435118.0,43.0,Male,46.0,26.0,3.0,6.0,Basic,Annual,960.51,12.0,No
253600.0,54.0,Male,50.0,27.0,10.0,21.0,Premium,Monthly,118.9,12.0,Yes
122376.0,37.0,Male,17.0,16.0,4.0,8.0,Premium,Quarterly,742.0,9.0,Yes
267585.0,39.0,Female,19.0,15.0,1.0,8.0,Basic,Quarterly,549.76,7.0,No
199636.0,49.0,Male,1.0,12.0,5.0,30.0,Standard,Monthly,512.0,9.0,Yes
267803.0,30.0,Male,20.0,27.0,3.0,1.0,Premium,Quarterly,543.94,4.0,No
201660.0,62.0,Female,46.0,25.0,4.0,25.0,Standard,Quarterly,226.0,7.0,Yes
240167.0,32.0,Male,38.0,5.0,10.0,20.0,Basic,Quarterly,357.26,24.0,Yes
304300.0,37.0,Female,18.0,29.0,2.0,14.0,Basic,Quarterly,785.96,8.0,No
37809.0,38.0,Male,30.0,22.0,8.0,22.0,Premium,Quarterly,660.0,17.0,Yes
78935.0,42.0,Male,43.0,26.0,0.0,27.0,Premium,Monthly,812.0,10.0,Yes
157027.0,43.0,Female,49.0,25.0,8.0,9.0,Premium,Annual,235.0,19.0,Yes
118288.0,46.0,Male,43.0,18.0,10.0,10.0,Premium,Monthly,626.0,13.0,Yes
83191.0,18.0,Male,17.0,25.0,5.0,28.0,Premium,Annual,736.0,4.0,Yes
242468.0,40.0,Female,28.0,1.0,7.0,30.0,Premium,Quarterly,509.1,4.0,Yes
167277.0,55.0,Female,19.0,12.0,4.0,9.0,Basic,Quarterly,602.0,9.0,Yes
407165.0,20.0,Male,26.0,4.0,0.0,11.0,Basic,Annual,804.59,3.0,No
313680.0,44.0,Male,28.0,25.0,4.0,13.0,Standard,Quarterly,907.04,27.0,No
284922.0,24.0,Female,1.0,3.0,0.0,2.0,Standard,Annual,967.63,9.0,No
232808.0,60.0,Male,33.0,3.0,6.0,3.0,Standard,Quarterly,668.67,10.0,Yes
298268.0,42.0,Male,41.0,17.0,1.0,9.0,Premium,Annual,870.22,20.0,No
346016.0,35.0,Male,40.0,22.0,2.0,9.0,Premium,Annual,688.0,16.0,No
402815.0,29.0,Female,16.0,30.0,2.0,2.0,Premium,Quarterly,799.87,10.0,No
36498.0,39.0,Female,22.0,2.0,10.0,10.0,Standard,Monthly,449.0,2.0,Yes
49590.0,28.0,Male,14.0,2.0,2.0,3.0,Premium,Quarterly,782.0,15.0,Yes
23067.0,36.0,Female,53.0,20.0,1.0,3.0,Basic,Quarterly,617.0,11.0,No
285252.0,29.0,Male,55.0,3.0,1.0,6.0,Standard,Quarterly,998.92,15.0,No
12773.0,50.0,Female,6.0,5.0,1.0,25.0,Standard,Annual,206.0,28.0,Yes
251249.0,36.0,Female,24.0,20.0,0.0,19.0,Basic,Annual,989.33,26.0,Yes
10260.0,29.0,Male,49.0,11.0,10.0,14.0,Premium,Quarterly,265.0,10.0,Yes
340358.0,29.0,Female,8.0,25.0,2.0,1.0,Basic,Quarterly,870.81,15.0,No
387769.0,50.0,Female,8.0,24.0,1.0,3.0,Standard,Annual,746.34,3.0,No
281683.0,33.0,Female,9.0,14.0,3.0,4.0,Premium,Quarterly,696.33,1.0,No
54966.0,53.0,Male,47.0,6.0,7.0,22.0,Premium,Annual,930.0,22.0,Yes
303116.0,32.0,Female,33.0,13.0,0.0,16.0,Standard,Annual,934.58,4.0,No
297379.0,46.0,Female,25.0,21.0,3.0,7.0,Premium,Annual,742.16,11.0,No
195200.0,44.0,Female,29.0,30.0,1.0,29.0,Premium,Quarterly,873.0,4.0,Yes
156438.0,34.0,Female,34.0,16.0,7.0,11.0,Premium,Monthly,349.0,24.0,Yes
179605.0,63.0,Female,59.0,19.0,5.0,25.0,Basic,Monthly,352.0,5.0,Yes
110887.0,41.0,Female,58.0,16.0,1.0,26.0,Basic,Quarterly,217.0,7.0,Yes
267566.0,28.0,Female,23.0,25.0,1.0,14.0,Standard,Quarterly,676.77,10.0,No
53098.0,30.0,Male,27.0,16.0,9.0,21.0,Basic,Monthly,423.0,8.0,Yes
14058.0,30.0,Female,2.0,12.0,9.0,29.0,Premium,Monthly,899.0,6.0,Yes
55596.0,35.0,Male,34.0,1.0,3.0,30.0,Premium,Monthly,999.0,3.0,Yes
65264.0,52.0,Male,33.0,17.0,8.0,4.0,Premium,Annual,786.0,9.0,Yes
344245.0,24.0,Male,8.0,22.0,2.0,2.0,Basic,Quarterly,772.74,28.0,No
23582.0,59.0,Female,37.0,15.0,8.0,3.0,Standard,Annual,700.0,19.0,Yes
204742.0,52.0,Male,53.0,18.0,1.0,2.0,Standard,Quarterly,731.84,6.0,Yes
224433.0,56.0,Male,54.0,10.0,5.0,1.0,Standard,Annual,252.57,13.0,Yes
419495.0,24.0,Male,20.0,21.0,1.0,2.0,Standard,Quarterly,571.38,5.0,No
432890.0,36.0,Female,55.0,26.0,3.0,18.0,Standard,Annual,649.9,12.0,No
47643.0,40.0,Male,3.0,27.0,3.0,0.0,Basic,Annual,754.0,25.0,Yes
135778.0,63.0,Male,27.0,2.0,9.0,18.0,Premium,Monthly,799.0,6.0,Yes
347545.0,22.0,Male,46.0,12.0,0.0,16.0,Basic,Quarterly,555.52,15.0,No
9507.0,39.0,Female,40.0,13.0,9.0,6.0,Premium,Annual,196.0,15.0,Yes
409079.0,43.0,Male,42.0,16.0,1.0,17.0,Standard,Annual,694.69,25.0,No
306835.0,48.0,Female,44.0,1.0,1.0,4.0,Basic,Quarterly,807.15,4.0,No
145559.0,29.0,Female,41.0,25.0,5.0,4.0,Basic,Quarterly,441.0,13.0,Yes
86556.0,45.0,Male,46.0,18.0,7.0,20.0,Premium,Annual,347.0,16.0,Yes
301391.0,35.0,Male,22.0,26.0,0.0,9.0,Premium,Annual,715.74,23.0,No
175109.0,45.0,Male,5.0,18.0,1.0,15.0,Standard,Monthly,208.0,21.0,Yes
209302.0,64.0,Male,21.0,18.0,3.0,9.0,Basic,Monthly,980.95,8.0,Yes
229736.0,45.0,Male,17.0,20.0,8.0,17.0,Standard,Monthly,220.34,23.0,Yes
279469.0,25.0,Male,18.0,15.0,0.0,10.0,Standard,Annual,763.84,25.0,No
23316.0,30.0,Male,5.0,30.0,5.0,1.0,Basic,Monthly,317.0,15.0,Yes
94879.0,51.0,Male,41.0,5.0,5.0,4.0,Basic,Monthly,344.0,9.0,Yes
335679.0,30.0,Male,56.0,17.0,2.0,16.0,Basic,Quarterly,528.12,4.0,No
113464.0,35.0,Male,50.0,27.0,5.0,5.0,Basic,Monthly,224.0,7.0,Yes
441744.0,30.0,Female,21.0,16.0,2.0,5.0,Premium,Annual,941.44,15.0,No
162751.0,54.0,Female,20.0,5.0,0.0,26.0,Premium,Annual,722.0,7.0,Yes
67922.0,47.0,Male,36.0,10.0,2.0,23.0,Basic,Annual,881.0,2.0,Yes
270885.0,28.0,Male,44.0,23.0,2.0,18.0,Standard,Quarterly,972.69,24.0,No
327322.0,36.0,Male,48.0,16.0,0.0,6.0,Standard,Quarterly,818.44,7.0,No
102452.0,53.0,Male,11.0,11.0,2.0,20.0,Basic,Quarterly,928.0,29.0,Yes
266611.0,25.0,Male,48.0,18.0,1.0,13.0,Standard,Quarterly,661.64,22.0,No
165911.0,63.0,Male,54.0,18.0,2.0,0.0,Standard,Quarterly,399.0,30.0,Yes
88658.0,38.0,Female,3.0,25.0,9.0,12.0,Standard,Monthly,816.0,2.0,Yes
315609.0,45.0,Female,4.0,20.0,4.0,19.0,Standard,Annual,701.08,7.0,No
117160.0,50.0,Male,5.0,10.0,1.0,26.0,Premium,Annual,839.0,5.0,Yes
113614.0,57.0,Female,10.0,22.0,3.0,3.0,Standard,Monthly,151.0,14.0,Yes
381483.0,35.0,Female,15.0,13.0,2.0,0.0,Basic,Quarterly,658.87,11.0,No
195313.0,22.0,Female,29.0,11.0,5.0,28.0,Premium,Quarterly,113.0,15.0,Yes
106613.0,23.0,Female,13.0,16.0,8.0,1.0,Basic,Annual,911.0,21.0,Yes
404909.0,27.0,Male,11.0,29.0,2.0,3.0,Basic,Annual,975.97,24.0,No
312773.0,28.0,Female,1.0,29.0,1.0,2.0,Standard,Quarterly,583.62,15.0,No
131474.0,29.0,Female,11.0,6.0,6.0,20.0,Standard,Annual,884.0,13.0,Yes
14113.0,28.0,Female,45.0,30.0,2.0,10.0,Premium,Monthly,596.0,9.0,Yes
276531.0,26.0,Male,41.0,17.0,1.0,2.0,Premium,Quarterly,651.56,3.0,No
113889.0,31.0,Male,10.0,18.0,5.0,5.0,Standard,Annual,847.0,23.0,Yes
142464.0,61.0,Male,5.0,22.0,2.0,11.0,Standard,Quarterly,646.0,21.0,Yes
254641.0,50.0,Female,35.0,1.0,6.0,2.0,Standard,Monthly,372.27,11.0,Yes
444554.0,27.0,Male,14.0,24.0,2.0,5.0,Premium,Annual,515.96,13.0,No
435232.0,49.0,Male,54.0,11.0,3.0,13.0,Standard,Annual,856.13,26.0,No
429960.0,37.0,Female,20.0,15.0,2.0,14.0,Standard,Quarterly,895.54,9.0,No
86072.0,41.0,Female,16.0,21.0,3.0,24.0,Premium,Quarterly,608.0,15.0,Yes
378160.0,44.0,Male,4.0,29.0,2.0,16.0,Standard,Annual,977.94,6.0,No
268372.0,40.0,Male,35.0,13.0,0.0,13.0,Standard,Annual,733.26,13.0,No
303970.0,22.0,Male,5.0,4.0,2.0,19.0,Premium,Annual,790.47,18.0,No
368146.0,50.0,Male,37.0,2.0,3.0,5.0,Basic,Annual,997.26,13.0,No
48724.0,33.0,Male,38.0,13.0,3.0,28.0,Premium,Annual,500.0,15.0,Yes
365932.0,41.0,Male,31.0,14.0,3.0,0.0,Premium,Quarterly,678.62,13.0,No
82603.0,51.0,Male,23.0,11.0,10.0,5.0,Premium,Annual,281.0,7.0,Yes
88243.0,38.0,Female,25.0,11.0,1.0,7.0,Standard,Quarterly,386.0,26.0,Yes
376264.0,25.0,Female,5.0,5.0,0.0,10.0,Premium,Quarterly,594.11,11.0,No
200142.0,64.0,Female,34.0,3.0,0.0,25.0,Premium,Annual,300.0,13.0,Yes
70791.0,58.0,Male,6.0,12.0,7.0,12.0,Basic,Monthly,284.0,18.0,Yes
210696.0,23.0,Male,36.0,19.0,7.0,0.0,Standard,Quarterly,686.59,19.0,Yes
186862.0,45.0,Male,12.0,24.0,10.0,18.0,Basic,Quarterly,648.0,29.0,Yes
48450.0,27.0,Male,7.0,30.0,7.0,9.0,Standard,Monthly,248.0,26.0,Yes
433288.0,40.0,Male,25.0,17.0,2.0,9.0,Standard,Quarterly,916.62,26.0,No
54087.0,36.0,Female,37.0,11.0,3.0,30.0,Basic,Quarterly,684.0,7.0,Yes
44854.0,25.0,Female,16.0,3.0,5.0,10.0,Basic,Monthly,669.0,24.0,Yes
424860.0,30.0,Male,45.0,2.0,1.0,18.0,Standard,Quarterly,836.17,2.0,No
395091.0,29.0,Male,45.0,1.0,2.0,11.0,Premium,Annual,598.73,16.0,No
16426.0,48.0,Female,57.0,12.0,0.0,29.0,Standard,Annual,617.0,3.0,Yes
351233.0,21.0,Male,42.0,24.0,1.0,13.0,Basic,Quarterly,624.69,20.0,No
134186.0,28.0,Male,58.0,13.0,0.0,3.0,Premium,Annual,448.0,22.0,Yes
28776.0,27.0,Male,14.0,29.0,8.0,21.0,Standard,Annual,587.0,24.0,Yes
249329.0,18.0,Female,28.0,2.0,4.0,16.0,Premium,Annual,453.07,22.0,Yes
247414.0,57.0,Male,24.0,5.0,8.0,23.0,Premium,Annual,402.46,5.0,Yes
277487.0,46.0,Male,6.0,11.0,3.0,3.0,Basic,Annual,619.85,17.0,No
119230.0,42.0,Male,39.0,14.0,3.0,14.0,Premium,Annual,333.0,6.0,Yes
203539.0,63.0,Female,8.0,27.0,5.0,26.0,Basic,Quarterly,962.0,23.0,Yes
305901.0,34.0,Male,11.0,30.0,1.0,14.0,Premium,Quarterly,719.51,4.0,No
48507.0,45.0,Female,38.0,13.0,0.0,22.0,Standard,Annual,256.0,22.0,Yes
159362.0,38.0,Female,12.0,14.0,6.0,7.0,Basic,Monthly,625.0,3.0,Yes
108825.0,53.0,Male,5.0,2.0,6.0,8.0,Basic,Annual,463.0,27.0,Yes
155612.0,64.0,Male,57.0,5.0,5.0,24.0,Basic,Monthly,808.0,18.0,Yes
349255.0,48.0,Male,54.0,16.0,2.0,2.0,Premium,Annual,519.38,5.0,No
144648.0,22.0,Male,48.0,26.0,6.0,25.0,Standard,Annual,140.0,24.0,Yes
128917.0,56.0,Female,23.0,6.0,7.0,13.0,Standard,Monthly,871.0,15.0,Yes
158575.0,34.0,Male,9.0,30.0,4.0,22.0,Basic,Annual,521.0,1.0,Yes
231313.0,19.0,Female,56.0,6.0,3.0,29.0,Premium,Annual,265.66,8.0,Yes
102512.0,61.0,Male,4.0,25.0,6.0,20.0,Premium,Quarterly,283.0,9.0,Yes
131325.0,32.0,Male,19.0,16.0,3.0,4.0,Basic,Annual,453.0,21.0,Yes
340075.0,21.0,Female,55.0,7.0,2.0,3.0,Basic,Annual,825.69,13.0,No
33180.0,52.0,Female,34.0,27.0,10.0,16.0,Premium,Monthly,396.0,2.0,Yes
46009.0,50.0,Female,43.0,20.0,5.0,2.0,Standard,Monthly,928.0,27.0,Yes
436607.0,31.0,Male,59.0,23.0,1.0,14.0,Standard,Annual,785.16,29.0,No
286267.0,24.0,Male,44.0,14.0,0.0,18.0,Basic,Quarterly,860.32,2.0,No
278859.0,44.0,Male,39.0,27.0,1.0,15.0,Standard,Quarterly,896.96,2.0,No
371427.0,50.0,Female,56.0,23.0,3.0,19.0,Basic,Annual,950.96,1.0,No
267747.0,36.0,Male,24.0,10.0,2.0,15.0,Standard,Annual,902.13,7.0,No
185762.0,53.0,Female,12.0,9.0,2.0,22.0,Basic,Annual,957.0,2.0,Yes
318492.0,28.0,Male,18.0,22.0,1.0,10.0,Standard,Quarterly,928.45,27.0,No
161700.0,48.0,Female,53.0,12.0,1.0,0.0,Standard,Quarterly,734.0,21.0,Yes
370518.0,49.0,Male,34.0,27.0,3.0,14.0,Basic,Quarterly,707.61,30.0,No
387711.0,50.0,Male,6.0,29.0,5.0,6.0,Basic,Annual,877.65,28.0,No
94012.0,57.0,Male,42.0,25.0,9.0,30.0,Basic,Annual,427.0,16.0,Yes
197784.0,25.0,Male,23.0,23.0,9.0,13.0,Standard,Quarterly,603.0,14.0,Yes
395649.0,43.0,Female,37.0,10.0,4.0,10.0,Basic,Annual,558.43,14.0,No
417959.0,30.0,Female,41.0,15.0,1.0,4.0,Premium,Annual,700.35,10.0,No
271637.0,39.0,Female,29.0,10.0,1.0,1.0,Basic,Annual,813.08,14.0,No
313412.0,46.0,Female,50.0,30.0,1.0,17.0,Basic,Quarterly,941.45,7.0,No
261986.0,47.0,Male,16.0,25.0,4.0,2.0,Standard,Quarterly,786.35,14.0,No
426214.0,19.0,Male,11.0,5.0,1.0,0.0,Standard,Quarterly,748.59,5.0,No
248892.0,38.0,Female,16.0,27.0,10.0,13.0,Premium,Monthly,974.57,18.0,Yes
179516.0,21.0,Female,13.0,2.0,2.0,15.0,Standard,Quarterly,195.0,27.0,Yes
37019.0,34.0,Male,21.0,9.0,4.0,0.0,Premium,Monthly,844.0,8.0,Yes
189960.0,48.0,Male,59.0,26.0,0.0,18.0,Basic,Annual,408.0,26.0,Yes
137567.0,38.0,Male,26.0,1.0,7.0,8.0,Standard,Monthly,641.0,7.0,Yes
352452.0,20.0,Male,11.0,25.0,1.0,2.0,Basic,Annual,789.49,2.0,No
102772.0,52.0,Male,21.0,28.0,8.0,30.0,Basic,Quarterly,907.0,22.0,Yes
225749.0,53.0,Male,26.0,10.0,2.0,20.0,Basic,Quarterly,336.17,11.0,Yes
160275.0,54.0,Female,32.0,12.0,5.0,20.0,Premium,Annual,536.0,4.0,Yes
183792.0,49.0,Female,37.0,13.0,5.0,24.0,Standard,Monthly,184.0,21.0,Yes
173471.0,53.0,Female,42.0,8.0,6.0,29.0,Premium,Monthly,835.0,26.0,Yes
243878.0,45.0,Female,45.0,6.0,2.0,26.0,Basic,Quarterly,738.87,6.0,Yes
275828.0,48.0,Male,3.0,25.0,2.0,17.0,Premium,Annual,915.6,22.0,No
50764.0,50.0,Female,57.0,28.0,10.0,19.0,Standard,Annual,499.0,18.0,Yes
124647.0,40.0,Female,41.0,24.0,4.0,26.0,Standard,Annual,590.0,9.0,Yes
179848.0,49.0,Male,21.0,3.0,8.0,19.0,Basic,Quarterly,863.0,10.0,Yes
53931.0,52.0,Female,47.0,13.0,6.0,19.0,Standard,Monthly,893.0,19.0,Yes
141409.0,46.0,Female,14.0,6.0,7.0,2.0,Basic,Annual,201.0,24.0,Yes
242126.0,36.0,Female,56.0,21.0,6.0,24.0,Standard,Annual,453.24,1.0,Yes
170729.0,51.0,Male,5.0,9.0,0.0,2.0,Premium,Quarterly,631.0,12.0,Yes
168658.0,62.0,Male,16.0,20.0,8.0,23.0,Basic,Annual,389.0,17.0,Yes
194881.0,65.0,Male,34.0,8.0,0.0,16.0,Standard,Monthly,527.0,6.0,Yes
362981.0,40.0,Male,58.0,19.0,2.0,19.0,Basic,Annual,670.94,17.0,No
17643.0,53.0,Male,43.0,30.0,2.0,18.0,Standard,Monthly,992.0,19.0,Yes
428527.0,25.0,Female,30.0,16.0,2.0,0.0,Basic,Quarterly,977.91,4.0,No
187707.0,21.0,Male,8.0,11.0,0.0,10.0,Standard,Quarterly,461.0,5.0,Yes
281769.0,34.0,Male,6.0,11.0,0.0,3.0,Basic,Annual,774.16,14.0,No
9106.0,28.0,Male,48.0,2.0,3.0,24.0,Basic,Annual,559.0,23.0,Yes
214271.0,49.0,Male,47.0,22.0,3.0,21.0,Standard,Annual,108.43,18.0,Yes
111372.0,24.0,Male,56.0,29.0,8.0,5.0,Premium,Annual,410.0,19.0,Yes
7934.0,28.0,Female,19.0,9.0,2.0,30.0,Standard,Annual,998.0,14.0,Yes
431960.0,39.0,Female,9.0,14.0,3.0,2.0,Basic,Annual,921.58,3.0,No
171816.0,53.0,Male,47.0,28.0,3.0,6.0,Premium,Monthly,976.0,20.0,Yes
355582.0,38.0,Male,41.0,5.0,0.0,3.0,Basic,Quarterly,543.52,29.0,No
177616.0,52.0,Male,18.0,30.0,10.0,1.0,Standard,Annual,120.0,29.0,Yes
313049.0,44.0,Male,11.0,14.0,1.0,10.0,Standard,Annual,730.97,20.0,No
101053.0,64.0,Male,54.0,13.0,8.0,28.0,Standard,Annual,464.0,2.0,Yes
45020.0,43.0,Female,43.0,22.0,9.0,25.0,Basic,Annual,422.0,29.0,Yes
308486.0,25.0,Male,33.0,14.0,1.0,3.0,Basic,Annual,784.14,16.0,No
42851.0,42.0,Female,5.0,26.0,8.0,14.0,Standard,Annual,505.0,17.0,Yes
360399.0,49.0,Male,2.0,25.0,0.0,16.0,Premium,Annual,929.25,14.0,No
346339.0,48.0,Male,33.0,12.0,2.0,18.0,Premium,Annual,945.08,12.0,No
224047.0,53.0,Male,22.0,18.0,5.0,10.0,Premium,Monthly,897.55,21.0,Yes
423546.0,48.0,Male,42.0,19.0,0.0,15.0,Standard,Annual,849.97,30.0,No
433426.0,43.0,Female,52.0,11.0,2.0,20.0,Basic,Annual,672.12,10.0,No
312140.0,24.0,Male,40.0,12.0,0.0,7.0,Standard,Quarterly,874.77,2.0,No
65974.0,24.0,Female,51.0,1.0,1.0,8.0,Standard,Quarterly,870.0,16.0,Yes
349314.0,47.0,Male,37.0,18.0,1.0,8.0,Standard,Annual,577.75,30.0,No
125859.0,28.0,Male,17.0,21.0,6.0,4.0,Premium,Monthly,240.0,22.0,Yes
229796.0,43.0,Female,21.0,24.0,7.0,27.0,Standard,Annual,801.16,2.0,Yes
382520.0,26.0,Female,30.0,14.0,2.0,0.0,Standard,Quarterly,672.23,11.0,No
110779.0,57.0,Female,15.0,3.0,1.0,7.0,Standard,Monthly,800.0,9.0,Yes
270217.0,48.0,Male,29.0,23.0,1.0,5.0,Basic,Quarterly,930.96,8.0,No
105427.0,65.0,Male,19.0,9.0,8.0,22.0,Standard,Monthly,647.0,28.0,Yes
220488.0,33.0,Male,28.0,12.0,4.0,30.0,Premium,Annual,418.88,29.0,Yes
199242.0,62.0,Male,39.0,28.0,10.0,25.0,Premium,Monthly,149.0,14.0,Yes
174852.0,53.0,Female,18.0,17.0,6.0,23.0,Premium,Annual,686.0,5.0,Yes
424949.0,32.0,Male,46.0,4.0,3.0,10.0,Standard,Quarterly,600.7,30.0,No
114185.0,35.0,Female,8.0,30.0,10.0,21.0,Basic,Monthly,542.0,18.0,Yes
37390.0,53.0,Male,57.0,1.0,2.0,1.0,Standard,Annual,687.0,6.0,Yes
247159.0,42.0,Female,5.0,24.0,0.0,11.0,Standard,Monthly,957.09,15.0,Yes
80086.0,57.0,Male,43.0,7.0,3.0,7.0,Premium,Monthly,187.0,7.0,Yes
429614.0,48.0,Male,35.0,3.0,1.0,1.0,Basic,Annual,980.42,25.0,No
350815.0,47.0,Male,53.0,2.0,3.0,20.0,Premium,Quarterly,880.26,24.0,No
167454.0,37.0,Male,22.0,15.0,4.0,1.0,Standard,Annual,920.0,29.0,Yes
17592.0,23.0,Female,21.0,16.0,0.0,26.0,Standard,Annual,541.0,15.0,Yes
445442.0,47.0,Male,21.0,25.0,2.0,8.0,Premium,Annual,586.61,15.0,No
93168.0,27.0,Female,52.0,23.0,7.0,28.0,Standard,Quarterly,348.0,6.0,Yes
136197.0,18.0,Female,29.0,17.0,2.0,17.0,Premium,Annual,618.0,26.0,Yes
286182.0,50.0,Male,46.0,28.0,0.0,19.0,Basic,Annual,577.55,26.0,No
446763.0,31.0,Male,19.0,11.0,1.0,1.0,Premium,Quarterly,514.63,28.0,No
227787.0,32.0,Female,42.0,19.0,1.0,21.0,Premium,Annual,152.49,6.0,Yes
180095.0,56.0,Male,28.0,19.0,5.0,15.0,Premium,Quarterly,778.0,15.0,Yes
247094.0,58.0,Female,57.0,15.0,6.0,5.0,Standard,Monthly,278.0,3.0,Yes
134393.0,22.0,Male,47.0,26.0,6.0,28.0,Standard,Monthly,517.0,28.0,Yes
363839.0,40.0,Female,6.0,29.0,2.0,9.0,Standard,Quarterly,973.18,3.0,No
363283.0,36.0,Male,44.0,28.0,0.0,15.0,Premium,Quarterly,823.75,2.0,No
333468.0,48.0,Female,48.0,23.0,0.0,19.0,Premium,Quarterly,614.26,8.0,No
306839.0,35.0,Female,46.0,13.0,3.0,7.0,Premium,Annual,767.03,14.0,No
89309.0,58.0,Female,31.0,12.0,3.0,24.0,Basic,Monthly,173.0,5.0,Yes
102649.0,35.0,Male,15.0,11.0,8.0,4.0,Basic,Annual,180.0,12.0,Yes
404688.0,35.0,Female,19.0,16.0,1.0,15.0,Standard,Annual,654.21,9.0,No
176770.0,20.0,Female,46.0,15.0,3.0,24.0,Premium,Monthly,499.0,18.0,Yes
273088.0,48.0,Female,13.0,22.0,4.0,0.0,Basic,Quarterly,555.98,1.0,No
313206.0,47.0,Male,52.0,28.0,2.0,16.0,Premium,Quarterly,911.11,19.0,No
196654.0,65.0,Female,47.0,14.0,9.0,9.0,Premium,Quarterly,306.0,13.0,Yes
53306.0,35.0,Female,20.0,18.0,6.0,19.0,Basic,Monthly,754.0,6.0,Yes
141380.0,40.0,Male,44.0,22.0,3.0,1.0,Premium,Quarterly,204.0,5.0,Yes
28116.0,34.0,Female,51.0,20.0,10.0,15.0,Premium,Quarterly,564.0,28.0,Yes
65652.0,19.0,Male,38.0,5.0,2.0,7.0,Basic,Annual,953.0,5.0,Yes
270329.0,28.0,Male,47.0,10.0,2.0,20.0,Premium,Annual,527.71,19.0,No
78146.0,52.0,Male,30.0,10.0,8.0,11.0,Standard,Quarterly,868.0,3.0,Yes
290440.0,29.0,Male,27.0,17.0,1.0,16.0,Basic,Quarterly,782.55,15.0,No
173404.0,28.0,Female,19.0,28.0,8.0,23.0,Standard,Monthly,546.0,25.0,Yes
427288.0,43.0,Female,15.0,16.0,4.0,15.0,Basic,Annual,598.38,14.0,No
104536.0,65.0,Male,17.0,16.0,10.0,13.0,Standard,Annual,671.0,22.0,Yes
422632.0,31.0,Female,46.0,28.0,3.0,7.0,Basic,Annual,531.47,10.0,No
6965.0,18.0,Male,11.0,19.0,0.0,7.0,Basic,Monthly,925.0,23.0,Yes
393589.0,49.0,Male,43.0,20.0,1.0,5.0,Standard,Annual,533.54,15.0,No
8265.0,23.0,Female,40.0,20.0,0.0,27.0,Premium,Monthly,952.0,10.0,Yes
368899.0,47.0,Female,41.0,3.0,0.0,13.0,Basic,Annual,525.18,3.0,No
373330.0,25.0,Male,38.0,12.0,0.0,13.0,Premium,Quarterly,992.24,19.0,No
350077.0,23.0,Female,25.0,28.0,2.0,1.0,Premium,Annual,900.23,3.0,No
163159.0,58.0,Female,53.0,9.0,1.0,2.0,Premium,Monthly,966.0,28.0,Yes
289459.0,47.0,Male,26.0,21.0,2.0,14.0,Basic,Quarterly,700.35,30.0,No
173459.0,65.0,Male,46.0,6.0,8.0,18.0,Basic,Annual,115.0,19.0,Yes
56169.0,19.0,Male,13.0,19.0,7.0,15.0,Standard,Monthly,814.0,18.0,Yes
360643.0,44.0,Female,1.0,7.0,0.0,13.0,Standard,Annual,876.44,13.0,No
35880.0,20.0,Male,48.0,26.0,6.0,30.0,Premium,Quarterly,210.0,12.0,Yes
313068.0,46.0,Female,39.0,2.0,0.0,9.0,Premium,Annual,819.36,8.0,No
155844.0,64.0,Female,34.0,25.0,1.0,26.0,Premium,Annual,553.0,10.0,Yes
209870.0,40.0,Male,56.0,18.0,5.0,1.0,Basic,Quarterly,543.09,11.0,Yes
37063.0,24.0,Male,42.0,12.0,7.0,19.0,Standard,Annual,676.0,19.0,Yes
193614.0,31.0,Male,20.0,20.0,0.0,0.0,Basic,Quarterly,334.0,4.0,Yes
11860.0,25.0,Male,54.0,21.0,0.0,9.0,Basic,Annual,488.0,3.0,Yes
223116.0,39.0,Male,21.0,27.0,10.0,23.0,Standard,Quarterly,101.68,9.0,Yes
354931.0,43.0,Male,36.0,16.0,1.0,5.0,Premium,Annual,678.52,7.0,No
238570.0,28.0,Female,24.0,21.0,10.0,3.0,Premium,Annual,350.36,5.0,Yes
172379.0,32.0,Female,33.0,27.0,9.0,28.0,Basic,Quarterly,762.0,22.0,Yes
216484.0,38.0,Male,53.0,2.0,6.0,28.0,Basic,Annual,333.29,9.0,Yes
379909.0,35.0,Male,47.0,19.0,0.0,19.0,Basic,Annual,748.93,11.0,No
87701.0,61.0,Male,28.0,26.0,10.0,4.0,Premium,Annual,901.0,25.0,Yes
390061.0,21.0,Female,7.0,12.0,1.0,14.0,Premium,Quarterly,683.31,6.0,No
84753.0,28.0,Male,22.0,1.0,2.0,17.0,Standard,Annual,586.0,15.0,Yes
95167.0,55.0,Male,41.0,16.0,9.0,19.0,Standard,Quarterly,147.0,27.0,Yes
406518.0,30.0,Male,29.0,23.0,3.0,6.0,Premium,Annual,923.77,28.0,No
325402.0,48.0,Male,14.0,27.0,2.0,19.0,Basic,Quarterly,582.86,26.0,No
144496.0,20.0,Male,34.0,14.0,4.0,24.0,Premium,Quarterly,584.0,6.0,Yes
367255.0,44.0,Male,12.0,20.0,0.0,18.0,Premium,Quarterly,884.56,27.0,No
23354.0,28.0,Female,22.0,18.0,2.0,19.0,Basic,Monthly,416.0,7.0,Yes
139027.0,44.0,Male,52.0,30.0,9.0,25.0,Standard,Annual,134.0,6.0,Yes
128410.0,49.0,Female,32.0,24.0,1.0,16.0,Basic,Monthly,880.0,26.0,Yes
421671.0,47.0,Male,38.0,29.0,3.0,5.0,Premium,Quarterly,857.33,22.0,No
160003.0,63.0,Male,20.0,10.0,5.0,20.0,Basic,Monthly,665.0,10.0,Yes
353219.0,24.0,Female,44.0,13.0,0.0,2.0,Premium,Quarterly,742.0,1.0,No
43708.0,47.0,Female,60.0,12.0,6.0,12.0,Premium,Quarterly,355.0,29.0,Yes
242242.0,26.0,Female,28.0,30.0,5.0,30.0,Premium,Annual,276.52,13.0,Yes
189050.0,21.0,Male,41.0,24.0,3.0,16.0,Standard,Annual,334.0,17.0,Yes
47608.0,64.0,Female,55.0,19.0,4.0,27.0,Standard,Monthly,736.0,14.0,Yes
76257.0,65.0,Male,11.0,1.0,2.0,12.0,Premium,Monthly,659.0,27.0,Yes
215981.0,45.0,Female,8.0,15.0,0.0,24.0,Standard,Monthly,467.71,22.0,Yes
46578.0,29.0,Male,35.0,19.0,9.0,12.0,Standard,Monthly,556.0,22.0,Yes
323112.0,42.0,Male,16.0,23.0,2.0,4.0,Premium,Quarterly,545.59,16.0,No
155994.0,46.0,Male,59.0,9.0,0.0,9.0,Standard,Monthly,229.0,8.0,Yes
364256.0,36.0,Female,28.0,14.0,0.0,20.0,Premium,Quarterly,535.73,12.0,No
408872.0,23.0,Female,32.0,12.0,2.0,12.0,Standard,Annual,963.93,13.0,No
348187.0,50.0,Male,20.0,28.0,1.0,2.0,Premium,Annual,520.08,27.0,No
61864.0,65.0,Female,14.0,12.0,1.0,3.0,Standard,Monthly,683.0,30.0,Yes
356815.0,41.0,Male,45.0,24.0,4.0,17.0,Basic,Annual,976.48,27.0,No
266372.0,44.0,Male,18.0,27.0,1.0,8.0,Standard,Quarterly,598.64,5.0,No
329789.0,48.0,Male,33.0,18.0,3.0,14.0,Standard,Annual,792.85,16.0,No
162911.0,39.0,Male,27.0,5.0,8.0,8.0,Standard,Annual,487.0,24.0,Yes
198962.0,52.0,Female,4.0,16.0,0.0,16.0,Basic,Quarterly,824.0,10.0,Yes
371742.0,23.0,Female,55.0,7.0,0.0,18.0,Premium,Annual,760.67,14.0,No
197423.0,51.0,Female,12.0,5.0,8.0,11.0,Premium,Quarterly,128.0,22.0,Yes
216986.0,25.0,Female,31.0,26.0,4.0,15.0,Premium,Quarterly,446.28,24.0,Yes
162153.0,55.0,Female,32.0,6.0,0.0,25.0,Standard,Annual,504.0,24.0,Yes
400346.0,25.0,Male,17.0,30.0,2.0,5.0,Standard,Annual,934.05,24.0,No
248280.0,35.0,Male,40.0,17.0,5.0,3.0,Premium,Monthly,970.47,16.0,Yes
7743.0,33.0,Female,4.0,4.0,8.0,7.0,Standard,Annual,566.0,14.0,Yes
383044.0,33.0,Male,22.0,16.0,3.0,2.0,Premium,Quarterly,945.33,17.0,No
237201.0,38.0,Female,42.0,29.0,7.0,27.0,Premium,Annual,997.7,5.0,Yes
425757.0,31.0,Male,41.0,8.0,3.0,3.0,Standard,Annual,780.88,25.0,No
70286.0,62.0,Female,40.0,17.0,5.0,7.0,Standard,Monthly,416.0,24.0,Yes
395331.0,50.0,Male,51.0,25.0,3.0,10.0,Standard,Annual,618.28,14.0,No
288244.0,43.0,Male,2.0,4.0,2.0,1.0,Premium,Annual,605.15,13.0,No
41046.0,48.0,Male,50.0,21.0,3.0,30.0,Standard,Annual,904.0,5.0,Yes
337791.0,48.0,Male,3.0,3.0,4.0,16.0,Standard,Annual,977.49,14.0,No
89091.0,47.0,Male,11.0,7.0,6.0,18.0,Basic,Quarterly,844.0,23.0,Yes
431154.0,28.0,Male,13.0,24.0,1.0,13.0,Standard,Annual,978.99,4.0,No
89053.0,21.0,Female,24.0,19.0,1.0,10.0,Premium,Monthly,530.0,20.0,Yes
412633.0,50.0,Male,47.0,6.0,4.0,13.0,Standard,Quarterly,764.49,10.0,No
356163.0,38.0,Female,42.0,15.0,1.0,4.0,Standard,Annual,705.77,12.0,No
1363.0,23.0,Female,8.0,14.0,9.0,6.0,Premium,Annual,256.0,23.0,Yes
237244.0,31.0,Female,4.0,16.0,10.0,5.0,Basic,Monthly,963.76,3.0,Yes
148083.0,54.0,Male,55.0,8.0,2.0,4.0,Basic,Quarterly,709.0,16.0,Yes
49468.0,23.0,Female,34.0,5.0,6.0,15.0,Standard,Annual,169.0,12.0,Yes
8788.0,55.0,Female,7.0,29.0,1.0,28.0,Basic,Monthly,483.0,23.0,Yes
439126.0,38.0,Male,34.0,11.0,3.0,16.0,Basic,Quarterly,803.42,16.0,No
120377.0,35.0,Male,28.0,16.0,0.0,25.0,Premium,Quarterly,719.0,29.0,Yes
84891.0,41.0,Male,3.0,15.0,3.0,1.0,Premium,Monthly,140.0,25.0,Yes
167830.0,64.0,Female,18.0,8.0,9.0,11.0,Standard,Quarterly,297.0,18.0,Yes
79026.0,37.0,Male,54.0,6.0,10.0,7.0,Premium,Quarterly,614.0,25.0,Yes
306757.0,37.0,Female,44.0,29.0,1.0,11.0,Basic,Annual,585.11,6.0,No
60800.0,59.0,Female,10.0,24.0,10.0,23.0,Standard,Annual,187.0,16.0,Yes
12839.0,33.0,Female,16.0,25.0,4.0,11.0,Standard,Quarterly,412.0,9.0,Yes
166119.0,32.0,Male,3.0,3.0,3.0,3.0,Standard,Annual,372.0,21.0,Yes
380124.0,44.0,Male,6.0,29.0,2.0,11.0,Premium,Quarterly,813.18,19.0,No
277232.0,50.0,Male,26.0,4.0,0.0,0.0,Premium,Annual,520.47,27.0,No
225912.0,53.0,Male,2.0,13.0,8.0,19.0,Premium,Annual,911.05,20.0,Yes
247544.0,18.0,Male,19.0,8.0,9.0,2.0,Premium,Quarterly,563.69,1.0,Yes
205788.0,34.0,Female,16.0,17.0,7.0,4.0,Standard,Annual,840.08,2.0,Yes
61910.0,37.0,Male,11.0,15.0,8.0,6.0,Premium,Annual,697.0,30.0,Yes
359589.0,33.0,Male,29.0,24.0,2.0,10.0,Standard,Quarterly,545.53,13.0,No
419277.0,36.0,Male,10.0,16.0,2.0,2.0,Basic,Quarterly,596.42,29.0,No
160081.0,37.0,Male,31.0,24.0,3.0,10.0,Standard,Annual,159.0,30.0,Yes
170865.0,59.0,Male,51.0,17.0,2.0,4.0,Premium,Quarterly,410.0,27.0,Yes
50920.0,65.0,Female,25.0,17.0,9.0,11.0,Premium,Annual,270.0,26.0,Yes
406047.0,37.0,Male,25.0,20.0,1.0,12.0,Basic,Quarterly,990.32,16.0,No
57467.0,62.0,Female,17.0,30.0,0.0,21.0,Standard,Monthly,777.0,2.0,Yes
273151.0,40.0,Male,56.0,12.0,0.0,20.0,Standard,Quarterly,600.71,18.0,No
163294.0,35.0,Male,51.0,21.0,5.0,28.0,Basic,Quarterly,218.0,19.0,Yes
9004.0,42.0,Male,12.0,9.0,6.0,14.0,Standard,Annual,301.0,3.0,Yes
148520.0,26.0,Female,24.0,12.0,3.0,24.0,Premium,Annual,119.0,5.0,Yes
153730.0,46.0,Male,51.0,7.0,9.0,18.0,Basic,Quarterly,284.0,11.0,Yes
208476.0,42.0,Male,43.0,24.0,7.0,29.0,Standard,Monthly,322.93,8.0,Yes
123822.0,61.0,Female,26.0,21.0,10.0,8.0,Standard,Annual,564.0,28.0,Yes
349267.0,18.0,Male,41.0,23.0,1.0,2.0,Basic,Quarterly,503.37,27.0,No
67539.0,38.0,Male,60.0,25.0,5.0,3.0,Standard,Annual,826.0,4.0,Yes
218915.0,50.0,Male,8.0,6.0,10.0,24.0,Premium,Annual,419.29,19.0,Yes
126694.0,33.0,Female,37.0,5.0,6.0,23.0,Basic,Monthly,484.0,28.0,Yes
430631.0,37.0,Male,42.0,25.0,1.0,13.0,Premium,Quarterly,861.81,1.0,No
67257.0,33.0,Male,56.0,15.0,9.0,21.0,Basic,Monthly,958.0,19.0,Yes
40682.0,37.0,Female,1.0,10.0,2.0,3.0,Premium,Quarterly,200.0,12.0,Yes
304408.0,27.0,Male,26.0,16.0,1.0,16.0,Premium,Annual,879.84,29.0,No
60057.0,53.0,Female,51.0,18.0,1.0,30.0,Premium,Monthly,975.0,11.0,Yes
9315.0,63.0,Male,20.0,7.0,0.0,1.0,Premium,Annual,845.0,20.0,Yes
384556.0,28.0,Female,18.0,22.0,0.0,0.0,Standard,Annual,659.54,10.0,No
130994.0,43.0,Female,42.0,10.0,5.0,2.0,Premium,Monthly,979.0,20.0,Yes
38812.0,35.0,Male,55.0,16.0,9.0,5.0,Basic,Quarterly,636.0,2.0,Yes
24311.0,19.0,Male,59.0,7.0,0.0,8.0,Premium,Annual,150.0,11.0,Yes
372057.0,37.0,Male,42.0,7.0,1.0,7.0,Premium,Quarterly,922.26,13.0,No
357053.0,46.0,Female,21.0,30.0,2.0,20.0,Standard,Annual,582.54,10.0,No
447591.0,47.0,Male,48.0,22.0,4.0,1.0,Premium,Annual,647.87,28.0,No
389982.0,47.0,Male,40.0,14.0,4.0,14.0,Basic,Annual,527.84,2.0,No
430074.0,45.0,Female,27.0,23.0,3.0,16.0,Premium,Annual,522.05,15.0,No
11716.0,27.0,Male,9.0,7.0,4.0,6.0,Standard,Quarterly,680.0,13.0,Yes
137847.0,57.0,Female,25.0,16.0,0.0,21.0,Standard,Annual,711.0,18.0,Yes
220728.0,19.0,Male,9.0,19.0,0.0,11.0,Standard,Quarterly,119.29,6.0,Yes
335134.0,21.0,Female,2.0,21.0,0.0,4.0,Premium,Annual,802.74,9.0,No
270476.0,41.0,Male,50.0,14.0,2.0,17.0,Standard,Quarterly,938.37,9.0,No
268070.0,25.0,Female,33.0,13.0,1.0,14.0,Standard,Quarterly,546.21,10.0,No
119260.0,21.0,Male,12.0,28.0,8.0,6.0,Premium,Annual,673.0,29.0,Yes
87528.0,33.0,Female,58.0,2.0,5.0,21.0,Standard,Monthly,541.0,26.0,Yes
138302.0,23.0,Female,55.0,7.0,3.0,24.0,Premium,Monthly,137.0,15.0,Yes
69679.0,53.0,Female,43.0,27.0,4.0,25.0,Premium,Annual,432.0,12.0,Yes
198177.0,49.0,Female,49.0,8.0,3.0,16.0,Basic,Quarterly,205.0,18.0,Yes
144679.0,63.0,Female,54.0,21.0,10.0,11.0,Basic,Monthly,250.0,28.0,Yes
93025.0,30.0,Male,8.0,12.0,7.0,30.0,Basic,Annual,369.0,9.0,Yes
30788.0,49.0,Male,10.0,27.0,1.0,30.0,Standard,Quarterly,692.0,20.0,Yes
372080.0,39.0,Male,60.0,14.0,3.0,6.0,Basic,Annual,599.45,14.0,No
270747.0,18.0,Male,46.0,19.0,0.0,1.0,Premium,Quarterly,993.51,6.0,No
411723.0,39.0,Male,47.0,8.0,3.0,14.0,Premium,Quarterly,738.96,26.0,No
445381.0,36.0,Male,2.0,27.0,1.0,5.0,Premium,Annual,926.06,30.0,No
76566.0,18.0,Female,34.0,7.0,10.0,25.0,Basic,Quarterly,617.0,29.0,Yes
307801.0,49.0,Male,46.0,13.0,4.0,15.0,Basic,Quarterly,746.02,2.0,No
209922.0,45.0,Female,22.0,20.0,8.0,6.0,Basic,Quarterly,510.53,28.0,Yes
113839.0,53.0,Female,4.0,26.0,7.0,9.0,Standard,Annual,144.0,13.0,Yes
280882.0,25.0,Female,8.0,4.0,0.0,2.0,Premium,Annual,766.82,12.0,No
100087.0,35.0,Male,32.0,16.0,3.0,18.0,Premium,Annual,200.0,8.0,Yes
442747.0,47.0,Male,36.0,26.0,1.0,18.0,Standard,Annual,544.92,4.0,No
283546.0,47.0,Male,7.0,29.0,3.0,13.0,Standard,Quarterly,671.94,3.0,No
231222.0,38.0,Male,11.0,9.0,9.0,9.0,Standard,Annual,506.77,7.0,Yes
434655.0,20.0,Male,33.0,27.0,1.0,17.0,Premium,Annual,758.24,12.0,No
233048.0,36.0,Female,41.0,3.0,0.0,22.0,Basic,Annual,637.03,29.0,Yes
311702.0,34.0,Male,12.0,21.0,2.0,3.0,Basic,Annual,573.49,26.0,No
167992.0,63.0,Male,15.0,28.0,6.0,16.0,Basic,Quarterly,637.0,8.0,Yes
428873.0,25.0,Male,57.0,17.0,2.0,12.0,Premium,Quarterly,598.63,19.0,No
16851.0,61.0,Female,34.0,28.0,9.0,23.0,Premium,Annual,505.0,3.0,Yes
333086.0,50.0,Female,25.0,27.0,1.0,8.0,Basic,Annual,812.69,14.0,No
391777.0,48.0,Female,36.0,3.0,0.0,2.0,Basic,Annual,514.69,13.0,No
192403.0,51.0,Female,51.0,21.0,7.0,11.0,Standard,Quarterly,869.0,27.0,Yes
246265.0,55.0,Male,32.0,15.0,1.0,30.0,Standard,Monthly,832.89,14.0,Yes
113240.0,19.0,Male,13.0,29.0,7.0,30.0,Premium,Monthly,339.0,1.0,Yes
57829.0,55.0,Female,5.0,19.0,2.0,0.0,Premium,Quarterly,679.0,12.0,Yes
64261.0,24.0,Male,45.0,20.0,10.0,4.0,Premium,Annual,118.0,16.0,Yes
320602.0,49.0,Male,8.0,5.0,0.0,13.0,Basic,Annual,880.15,5.0,No
295216.0,34.0,Male,59.0,2.0,1.0,15.0,Premium,Annual,598.43,15.0,No
294066.0,37.0,Male,51.0,20.0,2.0,17.0,Basic,Quarterly,643.32,9.0,No
74747.0,23.0,Female,18.0,29.0,9.0,0.0,Premium,Quarterly,903.0,6.0,Yes
288967.0,20.0,Male,43.0,5.0,1.0,7.0,Premium,Quarterly,985.0,18.0,No
71056.0,64.0,Female,34.0,8.0,5.0,20.0,Premium,Annual,322.0,13.0,Yes
58495.0,50.0,Male,38.0,25.0,5.0,25.0,Standard,Annual,812.0,14.0,Yes
351278.0,49.0,Female,6.0,24.0,2.0,11.0,Premium,Quarterly,805.14,4.0,No
17299.0,40.0,Female,23.0,8.0,2.0,7.0,Premium,Quarterly,531.0,11.0,Yes
230093.0,35.0,Male,53.0,18.0,2.0,20.0,Premium,Annual,370.17,29.0,Yes
10123.0,48.0,Male,51.0,7.0,9.0,7.0,Basic,Quarterly,901.0,16.0,Yes
36612.0,53.0,Male,32.0,23.0,0.0,12.0,Basic,Monthly,681.0,29.0,Yes
261852.0,29.0,Female,17.0,30.0,0.0,10.0,Standard,Annual,585.69,9.0,No
311921.0,36.0,Female,7.0,7.0,1.0,15.0,Premium,Annual,945.26,2.0,No
115090.0,65.0,Male,40.0,3.0,5.0,10.0,Premium,Monthly,941.0,16.0,Yes
354019.0,43.0,Male,39.0,6.0,1.0,19.0,Basic,Annual,747.62,13.0,No
238414.0,62.0,Male,48.0,8.0,5.0,20.0,Standard,Quarterly,368.6,16.0,Yes
206249.0,23.0,Female,28.0,27.0,9.0,21.0,Premium,Quarterly,277.96,5.0,Yes
99659.0,65.0,Female,55.0,3.0,2.0,8.0,Premium,Annual,934.0,12.0,Yes
53547.0,43.0,Male,15.0,25.0,2.0,25.0,Basic,Quarterly,820.0,17.0,Yes
153913.0,45.0,Female,44.0,23.0,2.0,28.0,Standard,Annual,127.0,21.0,Yes
297389.0,50.0,Male,21.0,24.0,2.0,11.0,Basic,Quarterly,940.4,27.0,No
415127.0,37.0,Male,43.0,6.0,1.0,9.0,Basic,Annual,692.49,24.0,No
87664.0,22.0,Male,50.0,8.0,8.0,11.0,Basic,Annual,410.0,18.0,Yes
239922.0,49.0,Female,55.0,26.0,3.0,6.0,Basic,Annual,475.93,16.0,Yes
78607.0,58.0,Female,1.0,7.0,4.0,17.0,Standard,Annual,734.0,2.0,Yes
199276.0,64.0,Female,44.0,26.0,0.0,25.0,Premium,Quarterly,637.0,23.0,Yes
267286.0,23.0,Male,48.0,2.0,1.0,19.0,Basic,Annual,979.93,9.0,No
235923.0,44.0,Female,2.0,6.0,0.0,16.0,Standard,Quarterly,362.33,23.0,Yes
179602.0,35.0,Male,24.0,30.0,8.0,23.0,Basic,Monthly,901.0,9.0,Yes
157881.0,48.0,Female,11.0,9.0,5.0,26.0,Basic,Quarterly,694.0,22.0,Yes
201047.0,33.0,Female,42.0,29.0,6.0,21.0,Standard,Monthly,488.0,12.0,Yes
341064.0,26.0,Male,40.0,27.0,2.0,3.0,Standard,Annual,629.05,12.0,No
179619.0,33.0,Male,1.0,6.0,7.0,18.0,Basic,Quarterly,208.0,9.0,Yes
70745.0,57.0,Male,38.0,30.0,2.0,1.0,Standard,Annual,374.0,29.0,Yes
241474.0,32.0,Female,14.0,7.0,10.0,14.0,Standard,Monthly,679.1,21.0,Yes
165523.0,19.0,Female,58.0,21.0,5.0,21.0,Basic,Monthly,563.0,5.0,Yes
432310.0,46.0,Female,29.0,5.0,1.0,20.0,Basic,Annual,802.32,6.0,No
403993.0,40.0,Male,48.0,28.0,1.0,15.0,Premium,Quarterly,919.69,10.0,No
257391.0,46.0,Male,27.0,19.0,6.0,2.0,Standard,Quarterly,204.3,24.0,Yes
333375.0,29.0,Male,50.0,11.0,1.0,4.0,Basic,Quarterly,826.97,15.0,No
40795.0,64.0,Female,52.0,27.0,1.0,9.0,Premium,Annual,325.0,24.0,Yes
71545.0,43.0,Female,37.0,10.0,1.0,22.0,Basic,Quarterly,579.0,11.0,Yes
394026.0,49.0,Male,60.0,24.0,2.0,2.0,Premium,Quarterly,612.39,3.0,No
276781.0,49.0,Male,56.0,17.0,1.0,9.0,Basic,Annual,671.36,14.0,No
262415.0,32.0,Female,53.0,26.0,3.0,12.0,Standard,Annual,575.69,10.0,No
238203.0,27.0,Female,60.0,22.0,2.0,1.0,Basic,Monthly,278.8,26.0,Yes
395630.0,43.0,Male,27.0,5.0,0.0,7.0,Premium,Quarterly,928.83,29.0,No
258902.0,37.0,Male,12.0,8.0,0.0,0.0,Basic,Quarterly,111.93,7.0,Yes
118826.0,47.0,Male,36.0,4.0,0.0,17.0,Premium,Monthly,707.0,26.0,Yes
444719.0,21.0,Female,54.0,1.0,2.0,1.0,Basic,Quarterly,617.32,13.0,No
290316.0,25.0,Male,53.0,30.0,2.0,16.0,Standard,Annual,737.87,28.0,No
259688.0,50.0,Female,24.0,14.0,2.0,14.0,Basic,Monthly,535.26,9.0,Yes
372560.0,36.0,Male,27.0,1.0,2.0,17.0,Basic,Annual,796.67,6.0,No
143027.0,54.0,Male,22.0,27.0,2.0,20.0,Premium,Quarterly,644.0,4.0,Yes
66469.0,55.0,Female,10.0,22.0,5.0,30.0,Basic,Quarterly,461.0,22.0,Yes
140348.0,65.0,Female,34.0,11.0,8.0,21.0,Premium,Annual,875.0,28.0,Yes
229464.0,64.0,Male,22.0,5.0,3.0,17.0,Premium,Monthly,484.62,15.0,Yes
290028.0,37.0,Male,46.0,9.0,3.0,6.0,Standard,Quarterly,676.19,17.0,No
304922.0,40.0,Female,36.0,6.0,0.0,0.0,Standard,Annual,533.13,8.0,No
150506.0,64.0,Female,18.0,23.0,2.0,19.0,Premium,Quarterly,156.0,28.0,Yes
286787.0,40.0,Male,42.0,24.0,1.0,10.0,Standard,Annual,729.71,30.0,No
339281.0,29.0,Female,19.0,15.0,0.0,4.0,Standard,Annual,722.44,15.0,No
332974.0,33.0,Female,47.0,8.0,0.0,2.0,Premium,Quarterly,718.3,5.0,No
97022.0,30.0,Male,18.0,4.0,0.0,7.0,Standard,Annual,370.0,5.0,Yes
203900.0,54.0,Male,12.0,9.0,1.0,7.0,Standard,Monthly,333.0,1.0,Yes
420258.0,30.0,Female,52.0,17.0,1.0,12.0,Basic,Annual,732.51,5.0,No
293915.0,19.0,Male,9.0,1.0,1.0,11.0,Premium,Annual,621.58,2.0,No
102465.0,44.0,Female,49.0,2.0,2.0,2.0,Standard,Annual,146.0,13.0,Yes
289054.0,19.0,Male,37.0,30.0,0.0,5.0,Standard,Quarterly,868.26,28.0,No
104504.0,57.0,Female,58.0,19.0,9.0,7.0,Basic,Annual,622.0,21.0,Yes
175159.0,61.0,Female,9.0,11.0,7.0,1.0,Standard,Annual,111.0,21.0,Yes
391903.0,50.0,Male,20.0,23.0,0.0,1.0,Basic,Annual,838.15,2.0,No
92272.0,46.0,Male,50.0,6.0,0.0,14.0,Premium,Quarterly,299.0,16.0,Yes
240525.0,41.0,Male,29.0,12.0,0.0,28.0,Premium,Monthly,223.47,25.0,Yes
89084.0,25.0,Male,51.0,15.0,7.0,28.0,Basic,Monthly,230.0,25.0,Yes
278013.0,44.0,Female,46.0,17.0,1.0,14.0,Premium,Quarterly,675.5,12.0,No
54999.0,64.0,Female,45.0,29.0,4.0,25.0,Standard,Monthly,941.0,10.0,Yes
213900.0,39.0,Male,20.0,25.0,0.0,0.0,Basic,Annual,119.05,23.0,Yes
277112.0,30.0,Male,55.0,1.0,3.0,5.0,Basic,Quarterly,597.59,13.0,No
155173.0,27.0,Male,47.0,5.0,3.0,23.0,Standard,Monthly,463.0,13.0,Yes
167748.0,23.0,Female,48.0,5.0,1.0,26.0,Standard,Annual,789.0,30.0,Yes
264967.0,46.0,Male,12.0,22.0,2.0,6.0,Basic,Annual,784.51,14.0,No
139533.0,35.0,Female,56.0,26.0,0.0,17.0,Standard,Annual,484.0,29.0,Yes
364000.0,25.0,Male,11.0,7.0,0.0,1.0,Basic,Annual,725.55,5.0,No
177076.0,63.0,Male,60.0,10.0,9.0,9.0,Standard,Annual,300.0,1.0,Yes
388882.0,32.0,Female,52.0,23.0,3.0,3.0,Standard,Quarterly,590.38,14.0,No
274865.0,33.0,Male,40.0,7.0,2.0,6.0,Premium,Quarterly,995.03,1.0,No
147568.0,18.0,Male,46.0,3.0,3.0,28.0,Premium,Quarterly,797.0,22.0,Yes
383565.0,39.0,Female,54.0,20.0,1.0,12.0,Standard,Annual,683.02,2.0,No
376597.0,30.0,Female,59.0,13.0,3.0,17.0,Standard,Annual,785.67,13.0,No
265128.0,31.0,Male,54.0,19.0,3.0,12.0,Basic,Annual,731.89,8.0,No
424885.0,49.0,Male,7.0,5.0,0.0,20.0,Standard,Quarterly,621.7,11.0,No
299275.0,36.0,Male,47.0,1.0,2.0,10.0,Basic,Quarterly,990.74,13.0,No
114991.0,20.0,Male,46.0,6.0,7.0,0.0,Standard,Quarterly,300.0,15.0,Yes
274919.0,48.0,Female,31.0,23.0,4.0,11.0,Basic,Quarterly,802.28,8.0,No
352710.0,25.0,Female,51.0,30.0,0.0,14.0,Basic,Annual,515.24,11.0,No
50709.0,18.0,Female,18.0,22.0,1.0,15.0,Standard,Monthly,923.0,30.0,Yes
434580.0,26.0,Male,44.0,26.0,2.0,0.0,Basic,Quarterly,705.55,23.0,No
53527.0,60.0,Female,43.0,28.0,8.0,10.0,Basic,Annual,555.0,14.0,Yes
64251.0,44.0,Male,55.0,8.0,8.0,29.0,Basic,Annual,926.0,2.0,Yes
331729.0,31.0,Male,6.0,3.0,2.0,14.0,Premium,Quarterly,603.3,11.0,No
213742.0,52.0,Male,45.0,18.0,2.0,12.0,Premium,Quarterly,939.91,27.0,Yes
91753.0,47.0,Female,51.0,23.0,6.0,24.0,Standard,Monthly,554.0,25.0,Yes
239359.0,49.0,Female,10.0,5.0,8.0,8.0,Basic,Monthly,634.43,1.0,Yes
337822.0,34.0,Male,19.0,12.0,0.0,7.0,Premium,Annual,763.39,15.0,No
69946.0,51.0,Female,28.0,5.0,1.0,28.0,Standard,Annual,473.0,3.0,Yes
433685.0,43.0,Male,29.0,26.0,0.0,15.0,Standard,Annual,654.29,21.0,No
177308.0,63.0,Female,55.0,9.0,3.0,28.0,Premium,Quarterly,395.0,16.0,Yes
154884.0,51.0,Male,57.0,11.0,8.0,29.0,Premium,Monthly,799.0,22.0,Yes
221841.0,64.0,Female,46.0,17.0,4.0,13.0,Premium,Annual,333.49,11.0,Yes
34137.0,22.0,Female,60.0,14.0,7.0,9.0,Premium,Quarterly,102.0,1.0,Yes
58160.0,35.0,Female,16.0,12.0,4.0,25.0,Standard,Monthly,261.0,18.0,Yes
64556.0,57.0,Male,22.0,8.0,6.0,0.0,Basic,Annual,165.0,11.0,Yes
234334.0,19.0,Male,18.0,7.0,3.0,16.0,Standard,Monthly,858.53,9.0,Yes
339657.0,42.0,Female,35.0,20.0,2.0,1.0,Premium,Quarterly,672.77,8.0,No
402572.0,33.0,Male,6.0,24.0,0.0,10.0,Basic,Quarterly,548.94,2.0,No
50657.0,32.0,Male,28.0,10.0,10.0,3.0,Standard,Monthly,859.0,13.0,Yes
63488.0,35.0,Male,55.0,9.0,10.0,11.0,Basic,Annual,969.0,29.0,Yes
163546.0,65.0,Male,54.0,1.0,7.0,4.0,Basic,Annual,391.0,6.0,Yes
164187.0,42.0,Male,55.0,20.0,4.0,23.0,Basic,Annual,494.0,13.0,Yes
327582.0,49.0,Female,52.0,10.0,0.0,5.0,Standard,Annual,922.71,12.0,No
335678.0,31.0,Male,17.0,21.0,2.0,1.0,Standard,Quarterly,721.24,3.0,No
419551.0,33.0,Male,10.0,29.0,2.0,11.0,Premium,Quarterly,746.75,4.0,No
46835.0,26.0,Male,5.0,24.0,5.0,6.0,Premium,Annual,102.0,15.0,Yes
100488.0,59.0,Male,23.0,28.0,4.0,14.0,Premium,Annual,306.0,28.0,Yes
224599.0,37.0,Male,40.0,8.0,6.0,28.0,Standard,Annual,586.53,14.0,Yes
285881.0,45.0,Male,39.0,4.0,3.0,0.0,Premium,Quarterly,868.99,28.0,No
420332.0,38.0,Female,29.0,28.0,0.0,7.0,Premium,Quarterly,902.01,2.0,No
123416.0,62.0,Male,21.0,26.0,5.0,25.0,Premium,Monthly,956.0,16.0,Yes
189557.0,21.0,Female,58.0,15.0,8.0,10.0,Standard,Annual,105.0,5.0,Yes
176748.0,65.0,Male,13.0,5.0,2.0,26.0,Premium,Quarterly,595.0,10.0,Yes
90068.0,49.0,Female,39.0,17.0,8.0,9.0,Premium,Annual,179.0,16.0,Yes
100034.0,47.0,Male,4.0,7.0,5.0,9.0,Basic,Monthly,220.0,24.0,Yes
314288.0,30.0,Male,8.0,22.0,2.0,9.0,Standard,Quarterly,512.16,14.0,No
121145.0,41.0,Female,41.0,29.0,0.0,2.0,Standard,Monthly,663.0,3.0,Yes
57310.0,25.0,Male,43.0,21.0,8.0,16.0,Standard,Monthly,836.0,9.0,Yes
394355.0,48.0,Female,55.0,1.0,1.0,12.0,Premium,Annual,628.03,1.0,No
431538.0,42.0,Female,32.0,8.0,3.0,6.0,Basic,Annual,627.23,2.0,No
422311.0,33.0,Male,15.0,18.0,2.0,20.0,Premium,Annual,543.09,3.0,No
422094.0,29.0,Male,25.0,11.0,2.0,18.0,Standard,Annual,964.62,22.0,No
21313.0,41.0,Male,51.0,7.0,1.0,13.0,Basic,Annual,125.0,19.0,Yes
191617.0,59.0,Male,51.0,2.0,6.0,26.0,Standard,Quarterly,943.0,5.0,Yes
107909.0,39.0,Female,26.0,27.0,0.0,10.0,Premium,Monthly,863.0,14.0,Yes
252061.0,42.0,Male,18.0,3.0,7.0,4.0,Standard,Monthly,143.34,6.0,Yes
341595.0,44.0,Male,56.0,17.0,2.0,5.0,Standard,Quarterly,634.17,14.0,No
202030.0,22.0,Male,14.0,18.0,0.0,13.0,Premium,Annual,234.0,30.0,Yes
205243.0,63.0,Male,17.0,9.0,6.0,8.0,Standard,Annual,850.98,3.0,Yes
280828.0,38.0,Male,32.0,1.0,2.0,16.0,Standard,Annual,869.48,2.0,No
168151.0,55.0,Female,13.0,28.0,7.0,22.0,Basic,Annual,397.0,18.0,Yes
365444.0,42.0,Male,39.0,3.0,2.0,17.0,Basic,Annual,509.29,17.0,No
120613.0,39.0,Male,35.0,11.0,8.0,3.0,Premium,Quarterly,217.0,12.0,Yes
294095.0,41.0,Male,35.0,7.0,3.0,4.0,Basic,Quarterly,653.75,21.0,No
342022.0,36.0,Male,8.0,25.0,3.0,12.0,Premium,Annual,922.1,9.0,No
428691.0,41.0,Male,16.0,22.0,0.0,9.0,Standard,Quarterly,685.59,18.0,No
341691.0,40.0,Male,17.0,15.0,0.0,15.0,Premium,Quarterly,986.38,28.0,No
60784.0,41.0,Female,12.0,11.0,0.0,9.0,Basic,Quarterly,438.0,17.0,Yes
53174.0,56.0,Male,36.0,17.0,8.0,25.0,Premium,Quarterly,365.0,23.0,Yes
381692.0,20.0,Female,49.0,3.0,0.0,15.0,Standard,Quarterly,543.57,15.0,No
53047.0,34.0,Male,13.0,6.0,3.0,17.0,Basic,Quarterly,598.0,16.0,Yes
112256.0,54.0,Female,16.0,24.0,1.0,4.0,Standard,Annual,657.0,1.0,Yes
212074.0,33.0,Female,36.0,1.0,1.0,26.0,Standard,Annual,634.87,10.0,Yes
107608.0,21.0,Female,40.0,10.0,1.0,20.0,Standard,Monthly,621.0,6.0,Yes
440991.0,32.0,Female,42.0,3.0,1.0,14.0,Premium,Quarterly,895.16,15.0,No
309272.0,37.0,Female,42.0,21.0,0.0,12.0,Premium,Annual,534.75,9.0,No
101037.0,63.0,Female,56.0,3.0,9.0,29.0,Premium,Monthly,517.0,2.0,Yes
101453.0,18.0,Male,4.0,12.0,7.0,3.0,Standard,Annual,673.0,10.0,Yes
324680.0,41.0,Male,50.0,7.0,2.0,14.0,Premium,Quarterly,912.24,10.0,No
64755.0,26.0,Male,1.0,18.0,7.0,19.0,Basic,Monthly,792.0,22.0,Yes
139926.0,56.0,Female,55.0,24.0,2.0,1.0,Premium,Annual,944.0,22.0,Yes
134610.0,34.0,Male,27.0,13.0,4.0,4.0,Premium,Annual,708.0,6.0,Yes
282533.0,31.0,Male,49.0,21.0,1.0,20.0,Standard,Quarterly,799.57,4.0,No
163465.0,52.0,Male,38.0,5.0,3.0,11.0,Standard,Annual,438.0,1.0,Yes
140752.0,33.0,Female,60.0,22.0,10.0,24.0,Basic,Quarterly,156.0,2.0,Yes
145028.0,38.0,Male,49.0,24.0,4.0,19.0,Basic,Monthly,595.0,12.0,Yes
317550.0,31.0,Male,7.0,24.0,3.0,4.0,Premium,Quarterly,537.04,19.0,No
356623.0,37.0,Female,37.0,16.0,2.0,14.0,Standard,Annual,572.97,15.0,No
386949.0,25.0,Female,26.0,24.0,1.0,14.0,Standard,Quarterly,592.04,12.0,No
91268.0,53.0,Male,11.0,29.0,3.0,23.0,Basic,Annual,878.0,1.0,Yes
420617.0,38.0,Male,47.0,21.0,0.0,12.0,Premium,Annual,969.95,28.0,No
289807.0,35.0,Male,39.0,5.0,0.0,5.0,Premium,Quarterly,506.67,25.0,No
416451.0,31.0,Male,13.0,26.0,0.0,3.0,Basic,Annual,684.26,2.0,No
187729.0,23.0,Female,9.0,29.0,0.0,5.0,Basic,Monthly,751.0,17.0,Yes
238182.0,18.0,Female,13.0,12.0,5.0,8.0,Standard,Annual,971.96,3.0,Yes
344230.0,32.0,Male,8.0,27.0,3.0,2.0,Basic,Annual,951.09,2.0,No
331904.0,49.0,Male,15.0,30.0,3.0,8.0,Premium,Annual,653.98,9.0,No
149516.0,20.0,Male,53.0,20.0,6.0,3.0,Standard,Monthly,199.0,19.0,Yes
373759.0,33.0,Female,35.0,11.0,0.0,2.0,Basic,Annual,949.62,13.0,No
254273.0,22.0,Female,31.0,17.0,0.0,8.0,Basic,Monthly,946.76,19.0,Yes
225727.0,38.0,Male,60.0,2.0,5.0,17.0,Basic,Monthly,209.48,20.0,Yes
146590.0,57.0,Male,29.0,2.0,5.0,1.0,Basic,Annual,902.0,16.0,Yes
350881.0,50.0,Male,54.0,29.0,4.0,15.0,Basic,Annual,815.47,7.0,No
306942.0,49.0,Male,49.0,11.0,0.0,6.0,Premium,Quarterly,768.17,23.0,No
73774.0,59.0,Male,19.0,30.0,6.0,26.0,Basic,Annual,747.0,13.0,Yes
102652.0,49.0,Female,23.0,7.0,9.0,30.0,Basic,Quarterly,430.0,29.0,Yes
168145.0,40.0,Female,25.0,2.0,10.0,4.0,Basic,Monthly,588.0,11.0,Yes
24718.0,38.0,Male,33.0,7.0,10.0,19.0,Basic,Annual,495.0,1.0,Yes
119710.0,59.0,Female,11.0,2.0,0.0,22.0,Basic,Quarterly,617.0,2.0,Yes
326328.0,33.0,Female,37.0,9.0,1.0,15.0,Premium,Quarterly,864.43,11.0,No
326183.0,50.0,Female,35.0,10.0,1.0,20.0,Premium,Quarterly,799.56,4.0,No
63538.0,54.0,Female,48.0,25.0,9.0,1.0,Standard,Quarterly,977.0,26.0,Yes
274333.0,29.0,Male,58.0,28.0,2.0,8.0,Standard,Quarterly,638.56,19.0,No
282398.0,44.0,Male,26.0,25.0,4.0,18.0,Premium,Quarterly,996.51,24.0,No
304268.0,27.0,Male,12.0,30.0,1.0,14.0,Basic,Annual,618.23,22.0,No
383303.0,36.0,Male,49.0,16.0,3.0,1.0,Standard,Quarterly,927.6,17.0,No
311809.0,48.0,Female,37.0,7.0,0.0,6.0,Standard,Quarterly,950.62,15.0,No
316976.0,49.0,Male,43.0,12.0,3.0,12.0,Standard,Annual,645.24,19.0,No
401388.0,27.0,Male,14.0,25.0,0.0,7.0,Premium,Annual,800.53,5.0,No
370481.0,29.0,Male,60.0,21.0,0.0,18.0,Standard,Annual,501.49,5.0,No
442549.0,32.0,Male,44.0,21.0,1.0,19.0,Premium,Annual,781.15,6.0,No
90157.0,29.0,Male,10.0,16.0,10.0,21.0,Basic,Quarterly,353.0,4.0,Yes
76895.0,42.0,Male,54.0,13.0,1.0,6.0,Premium,Quarterly,148.0,27.0,Yes
234446.0,54.0,Male,28.0,27.0,10.0,15.0,Standard,Quarterly,832.37,5.0,Yes
292185.0,35.0,Male,59.0,10.0,0.0,8.0,Premium,Annual,669.47,21.0,No
87369.0,32.0,Male,15.0,3.0,8.0,20.0,Basic,Quarterly,165.0,28.0,Yes
81971.0,59.0,Female,5.0,29.0,6.0,16.0,Standard,Quarterly,141.0,23.0,Yes
46220.0,53.0,Male,48.0,17.0,2.0,9.0,Standard,Monthly,872.0,19.0,Yes
318769.0,31.0,Female,34.0,13.0,2.0,2.0,Basic,Annual,667.41,6.0,No
311906.0,18.0,Male,49.0,10.0,0.0,0.0,Basic,Quarterly,703.99,18.0,No
371631.0,38.0,Male,2.0,9.0,1.0,20.0,Standard,Annual,996.05,3.0,No
142928.0,41.0,Female,47.0,18.0,9.0,22.0,Standard,Monthly,237.0,17.0,Yes
274254.0,42.0,Female,7.0,30.0,3.0,1.0,Premium,Annual,678.5,13.0,No
27805.0,54.0,Female,19.0,25.0,8.0,22.0,Standard,Annual,863.0,9.0,Yes
18483.0,30.0,Female,29.0,8.0,2.0,17.0,Standard,Monthly,339.0,12.0,Yes
395149.0,34.0,Female,49.0,2.0,0.0,10.0,Standard,Annual,549.46,15.0,No
318335.0,43.0,Female,21.0,19.0,3.0,1.0,Basic,Quarterly,770.46,6.0,No
392397.0,34.0,Male,55.0,14.0,3.0,3.0,Premium,Quarterly,566.32,4.0,No
61543.0,55.0,Female,29.0,15.0,7.0,0.0,Standard,Annual,719.0,26.0,Yes
391528.0,49.0,Male,30.0,2.0,4.0,9.0,Standard,Quarterly,891.0,1.0,No
399173.0,47.0,Female,25.0,4.0,4.0,1.0,Basic,Annual,612.66,13.0,No
307879.0,38.0,Male,29.0,16.0,3.0,16.0,Basic,Quarterly,673.84,1.0,No
424948.0,35.0,Female,38.0,6.0,0.0,0.0,Standard,Annual,686.24,3.0,No
10555.0,31.0,Male,16.0,2.0,0.0,17.0,Basic,Quarterly,562.0,3.0,Yes
359136.0,40.0,Female,1.0,13.0,2.0,1.0,Standard,Quarterly,603.52,10.0,No
26854.0,44.0,Male,25.0,3.0,9.0,22.0,Premium,Quarterly,680.0,20.0,Yes
266864.0,35.0,Male,26.0,15.0,0.0,11.0,Standard,Annual,710.26,11.0,No
338023.0,33.0,Male,50.0,1.0,0.0,20.0,Basic,Annual,628.77,15.0,No
114439.0,53.0,Male,36.0,28.0,1.0,7.0,Premium,Annual,910.0,7.0,Yes
83892.0,27.0,Female,34.0,12.0,5.0,29.0,Premium,Annual,989.0,1.0,Yes
209665.0,35.0,Male,23.0,7.0,0.0,26.0,Basic,Quarterly,618.35,8.0,Yes
221584.0,44.0,Male,31.0,29.0,9.0,11.0,Standard,Quarterly,624.67,19.0,Yes
240830.0,62.0,Male,39.0,10.0,3.0,21.0,Standard,Monthly,777.33,2.0,Yes
432927.0,26.0,Male,59.0,30.0,2.0,16.0,Premium,Quarterly,755.1,29.0,No
436099.0,25.0,Female,17.0,30.0,0.0,19.0,Premium,Quarterly,850.98,2.0,No
290237.0,38.0,Female,34.0,20.0,1.0,3.0,Standard,Annual,873.92,14.0,No
387315.0,29.0,Male,49.0,3.0,1.0,13.0,Premium,Quarterly,725.93,15.0,No
184075.0,29.0,Female,37.0,29.0,10.0,1.0,Standard,Monthly,246.0,6.0,Yes
34090.0,63.0,Male,16.0,13.0,7.0,4.0,Standard,Annual,958.0,8.0,Yes
25078.0,51.0,Female,7.0,17.0,5.0,17.0,Basic,Monthly,762.0,17.0,Yes
275427.0,24.0,Male,50.0,18.0,1.0,6.0,Standard,Quarterly,869.67,5.0,No
150584.0,18.0,Female,59.0,20.0,4.0,26.0,Basic,Annual,754.0,8.0,Yes
319922.0,32.0,Female,44.0,21.0,0.0,0.0,Basic,Annual,821.19,12.0,No
42351.0,38.0,Female,24.0,8.0,10.0,30.0,Premium,Monthly,759.0,13.0,Yes
187316.0,61.0,Female,44.0,5.0,3.0,0.0,Basic,Quarterly,952.0,13.0,Yes
422033.0,45.0,Female,57.0,12.0,3.0,5.0,Premium,Quarterly,759.51,1.0,No
213815.0,19.0,Female,55.0,28.0,2.0,6.0,Premium,Monthly,564.5,28.0,Yes
347760.0,33.0,Female,4.0,9.0,3.0,10.0,Premium,Annual,869.97,7.0,No
78209.0,19.0,Female,36.0,7.0,4.0,10.0,Standard,Quarterly,886.0,11.0,Yes
368785.0,48.0,Female,40.0,27.0,4.0,6.0,Basic,Annual,860.54,3.0,No
290717.0,49.0,Male,54.0,4.0,1.0,2.0,Standard,Annual,728.7,27.0,No
190917.0,58.0,Male,33.0,2.0,5.0,6.0,Standard,Annual,590.0,22.0,Yes
364484.0,27.0,Male,34.0,9.0,2.0,10.0,Standard,Quarterly,731.58,10.0,No
106532.0,54.0,Female,45.0,10.0,8.0,13.0,Standard,Quarterly,625.0,11.0,Yes
190261.0,55.0,Female,54.0,21.0,10.0,10.0,Standard,Monthly,511.0,20.0,Yes
75437.0,65.0,Male,52.0,3.0,4.0,13.0,Premium,Annual,430.0,27.0,Yes
364757.0,47.0,Male,39.0,6.0,0.0,0.0,Premium,Annual,909.94,15.0,No
202703.0,56.0,Female,22.0,10.0,2.0,13.0,Standard,Monthly,972.0,3.0,Yes
91728.0,60.0,Female,38.0,17.0,10.0,21.0,Standard,Monthly,431.0,18.0,Yes
393832.0,31.0,Male,25.0,9.0,2.0,16.0,Premium,Quarterly,511.26,27.0,No
77779.0,33.0,Male,35.0,15.0,8.0,2.0,Premium,Monthly,700.0,16.0,Yes
149271.0,19.0,Female,10.0,1.0,7.0,9.0,Standard,Annual,632.0,6.0,Yes
31152.0,63.0,Female,42.0,28.0,9.0,0.0,Basic,Quarterly,171.0,27.0,Yes
82240.0,65.0,Female,14.0,4.0,5.0,13.0,Standard,Monthly,688.0,7.0,Yes
213929.0,55.0,Female,13.0,27.0,4.0,8.0,Basic,Annual,197.88,11.0,Yes
263458.0,26.0,Male,4.0,12.0,0.0,14.0,Standard,Quarterly,963.19,10.0,No
258514.0,21.0,Female,29.0,7.0,2.0,13.0,Premium,Quarterly,297.39,9.0,Yes
419093.0,50.0,Male,50.0,14.0,5.0,15.0,Premium,Annual,869.14,22.0,No
126520.0,49.0,Male,33.0,6.0,0.0,29.0,Basic,Monthly,735.0,18.0,Yes
93254.0,19.0,Female,50.0,16.0,8.0,7.0,Basic,Quarterly,842.0,17.0,Yes
13636.0,35.0,Female,28.0,23.0,0.0,7.0,Premium,Monthly,463.0,3.0,Yes
12758.0,44.0,Male,50.0,12.0,0.0,11.0,Standard,Quarterly,171.0,4.0,Yes
304673.0,43.0,Male,49.0,9.0,4.0,17.0,Premium,Annual,680.62,19.0,No
107555.0,20.0,Female,47.0,19.0,4.0,16.0,Premium,Annual,174.0,15.0,Yes
313255.0,35.0,Female,34.0,28.0,3.0,20.0,Premium,Quarterly,766.33,14.0,No
292345.0,38.0,Male,56.0,29.0,0.0,9.0,Premium,Quarterly,673.69,8.0,No
224503.0,35.0,Female,33.0,21.0,3.0,2.0,Standard,Annual,863.15,17.0,Yes
76634.0,51.0,Female,51.0,21.0,7.0,16.0,Premium,Quarterly,416.0,11.0,Yes
341097.0,23.0,Male,57.0,1.0,0.0,16.0,Premium,Quarterly,890.33,21.0,No
136035.0,57.0,Female,23.0,9.0,4.0,10.0,Standard,Monthly,500.0,2.0,Yes
407470.0,31.0,Female,36.0,26.0,3.0,9.0,Standard,Annual,874.21,3.0,No
308291.0,50.0,Male,52.0,18.0,5.0,5.0,Basic,Quarterly,927.19,28.0,No
412160.0,35.0,Female,38.0,11.0,0.0,20.0,Standard,Annual,792.46,9.0,No
134639.0,47.0,Male,26.0,21.0,7.0,10.0,Premium,Monthly,261.0,4.0,Yes
120176.0,20.0,Female,44.0,21.0,5.0,28.0,Standard,Annual,128.0,5.0,Yes
223427.0,19.0,Male,4.0,27.0,3.0,2.0,Standard,Quarterly,726.0,2.0,Yes
186698.0,63.0,Male,37.0,6.0,3.0,8.0,Standard,Quarterly,176.0,30.0,Yes
357119.0,43.0,Female,11.0,30.0,1.0,7.0,Standard,Annual,828.62,4.0,No
38198.0,32.0,Female,26.0,26.0,0.0,0.0,Basic,Annual,945.0,23.0,Yes
234328.0,44.0,Female,7.0,8.0,1.0,7.0,Premium,Monthly,652.1,22.0,Yes
434750.0,49.0,Male,25.0,4.0,2.0,16.0,Basic,Annual,501.1,27.0,No
39467.0,48.0,Female,8.0,22.0,1.0,16.0,Basic,Monthly,652.0,15.0,Yes
365844.0,49.0,Male,12.0,15.0,1.0,15.0,Standard,Quarterly,830.99,1.0,No
266356.0,28.0,Male,50.0,28.0,2.0,13.0,Premium,Quarterly,714.15,2.0,No
91193.0,59.0,Male,42.0,1.0,3.0,12.0,Basic,Quarterly,627.0,11.0,Yes
424600.0,30.0,Male,28.0,8.0,1.0,17.0,Standard,Annual,546.03,28.0,No
14044.0,22.0,Female,34.0,23.0,8.0,1.0,Basic,Quarterly,323.0,30.0,Yes
71333.0,32.0,Female,46.0,14.0,9.0,15.0,Basic,Annual,298.0,28.0,Yes
249545.0,45.0,Male,22.0,23.0,7.0,4.0,Basic,Monthly,125.93,5.0,Yes
182468.0,32.0,Female,44.0,14.0,9.0,10.0,Premium,Annual,452.0,5.0,Yes
310116.0,20.0,Male,40.0,18.0,2.0,1.0,Premium,Annual,813.48,16.0,No
373603.0,19.0,Female,36.0,13.0,1.0,8.0,Basic,Annual,644.44,2.0,No
56175.0,34.0,Male,11.0,25.0,7.0,13.0,Premium,Annual,332.0,2.0,Yes
181788.0,48.0,Female,36.0,27.0,10.0,23.0,Basic,Quarterly,800.0,14.0,Yes
49378.0,40.0,Female,4.0,14.0,8.0,13.0,Basic,Monthly,457.0,18.0,Yes
129690.0,20.0,Male,43.0,30.0,3.0,28.0,Basic,Monthly,426.0,24.0,Yes
66687.0,37.0,Male,5.0,26.0,1.0,11.0,Premium,Monthly,890.0,8.0,Yes
243991.0,64.0,Female,36.0,16.0,9.0,22.0,Standard,Quarterly,421.21,15.0,Yes
416141.0,35.0,Female,55.0,13.0,1.0,4.0,Standard,Annual,519.69,12.0,No
100744.0,25.0,Female,28.0,6.0,4.0,25.0,Premium,Quarterly,143.0,16.0,Yes
53978.0,24.0,Male,46.0,26.0,9.0,2.0,Basic,Quarterly,897.0,15.0,Yes
342678.0,48.0,Male,57.0,15.0,3.0,17.0,Premium,Quarterly,653.85,23.0,No
147163.0,35.0,Male,21.0,15.0,9.0,21.0,Standard,Annual,140.0,11.0,Yes
370441.0,46.0,Female,6.0,12.0,0.0,11.0,Basic,Annual,643.59,1.0,No
139424.0,26.0,Female,34.0,1.0,1.0,29.0,Premium,Quarterly,276.0,8.0,Yes
11957.0,38.0,Male,2.0,13.0,7.0,29.0,Premium,Quarterly,605.0,11.0,Yes
161287.0,56.0,Female,15.0,5.0,4.0,25.0,Premium,Monthly,530.0,2.0,Yes
185046.0,60.0,Male,48.0,8.0,10.0,16.0,Standard,Monthly,341.0,1.0,Yes
220708.0,65.0,Male,32.0,6.0,10.0,17.0,Basic,Quarterly,802.96,26.0,Yes
91274.0,34.0,Female,20.0,8.0,7.0,19.0,Standard,Annual,697.0,10.0,Yes
282854.0,34.0,Male,2.0,28.0,1.0,8.0,Premium,Annual,937.64,27.0,No
229029.0,46.0,Male,30.0,16.0,7.0,0.0,Basic,Annual,762.6,19.0,Yes
246876.0,42.0,Male,34.0,15.0,1.0,21.0,Standard,Quarterly,453.35,12.0,Yes
292002.0,29.0,Male,52.0,12.0,2.0,4.0,Standard,Quarterly,977.85,20.0,No
250976.0,62.0,Male,60.0,11.0,10.0,1.0,Standard,Monthly,640.0,16.0,Yes
436207.0,38.0,Female,45.0,26.0,2.0,16.0,Premium,Quarterly,821.0,6.0,No
309753.0,22.0,Female,23.0,28.0,2.0,5.0,Premium,Annual,949.41,11.0,No
367739.0,43.0,Female,38.0,7.0,1.0,2.0,Basic,Quarterly,520.95,12.0,No
82711.0,38.0,Male,55.0,3.0,9.0,19.0,Premium,Quarterly,408.0,2.0,Yes
325407.0,42.0,Male,20.0,11.0,0.0,6.0,Premium,Quarterly,880.83,27.0,No
413604.0,49.0,Female,42.0,22.0,0.0,10.0,Premium,Annual,622.44,1.0,No
80174.0,51.0,Male,34.0,6.0,9.0,3.0,Basic,Monthly,637.0,27.0,Yes
317653.0,44.0,Male,25.0,30.0,3.0,16.0,Standard,Annual,529.86,19.0,No
422414.0,32.0,Male,49.0,17.0,3.0,7.0,Basic,Quarterly,502.71,15.0,No
372990.0,35.0,Female,22.0,13.0,3.0,16.0,Standard,Annual,701.23,2.0,No
30350.0,59.0,Female,36.0,6.0,0.0,30.0,Premium,Quarterly,519.0,19.0,Yes
155649.0,39.0,Male,6.0,9.0,6.0,8.0,Basic,Quarterly,452.0,28.0,Yes
343484.0,25.0,Female,28.0,16.0,0.0,13.0,Standard,Annual,991.62,5.0,No
383227.0,45.0,Male,57.0,13.0,0.0,7.0,Basic,Annual,726.22,5.0,No
434466.0,28.0,Male,42.0,23.0,0.0,5.0,Premium,Quarterly,915.96,14.0,No
334479.0,49.0,Male,5.0,5.0,3.0,7.0,Premium,Annual,834.32,27.0,No
231447.0,60.0,Female,52.0,21.0,2.0,23.0,Standard,Quarterly,142.23,11.0,Yes
380272.0,38.0,Male,33.0,4.0,3.0,7.0,Premium,Annual,560.5,4.0,No
88756.0,20.0,Male,2.0,26.0,3.0,6.0,Standard,Quarterly,975.0,25.0,Yes
60345.0,22.0,Female,41.0,20.0,9.0,24.0,Premium,Quarterly,399.0,14.0,Yes
358203.0,47.0,Female,11.0,29.0,4.0,11.0,Premium,Quarterly,647.2,9.0,No
353339.0,26.0,Female,56.0,28.0,1.0,1.0,Basic,Annual,694.53,3.0,No
278873.0,37.0,Male,25.0,15.0,3.0,14.0,Standard,Quarterly,756.2,28.0,No
144257.0,51.0,Male,52.0,21.0,2.0,7.0,Basic,Annual,463.0,7.0,Yes
48884.0,60.0,Female,38.0,24.0,8.0,1.0,Premium,Monthly,819.0,9.0,Yes
247878.0,63.0,Male,34.0,23.0,8.0,6.0,Premium,Quarterly,796.97,23.0,Yes
300262.0,39.0,Male,56.0,12.0,1.0,2.0,Basic,Annual,698.21,12.0,No
27642.0,43.0,Female,52.0,18.0,0.0,24.0,Basic,Quarterly,622.0,5.0,Yes
351485.0,44.0,Male,36.0,6.0,1.0,9.0,Basic,Annual,817.8,26.0,No
214536.0,61.0,Male,37.0,5.0,7.0,4.0,Premium,Quarterly,479.75,21.0,Yes
18011.0,44.0,Male,32.0,26.0,1.0,12.0,Premium,Monthly,967.0,15.0,Yes
107757.0,50.0,Female,17.0,19.0,6.0,17.0,Premium,Annual,545.0,8.0,Yes
241215.0,36.0,Female,25.0,13.0,1.0,8.0,Premium,Annual,380.18,19.0,Yes
168667.0,26.0,Male,26.0,15.0,1.0,12.0,Basic,Quarterly,184.0,1.0,Yes
98996.0,47.0,Female,36.0,1.0,4.0,20.0,Basic,Monthly,907.0,3.0,Yes
198657.0,50.0,Male,36.0,4.0,9.0,15.0,Basic,Annual,554.0,5.0,Yes
66526.0,28.0,Female,41.0,16.0,0.0,14.0,Standard,Monthly,924.0,7.0,Yes
66882.0,44.0,Female,7.0,8.0,9.0,8.0,Standard,Annual,334.0,25.0,Yes
10695.0,50.0,Female,60.0,19.0,4.0,0.0,Standard,Monthly,164.0,25.0,Yes
444283.0,25.0,Female,51.0,7.0,2.0,18.0,Basic,Annual,790.33,4.0,No
160100.0,60.0,Male,35.0,17.0,7.0,15.0,Basic,Quarterly,162.0,24.0,Yes
333150.0,45.0,Male,49.0,26.0,0.0,14.0,Premium,Quarterly,788.57,16.0,No
421190.0,35.0,Male,56.0,3.0,2.0,5.0,Basic,Annual,838.82,25.0,No
445027.0,40.0,Female,16.0,23.0,2.0,12.0,Basic,Annual,942.55,15.0,No
141449.0,56.0,Male,36.0,18.0,2.0,8.0,Standard,Annual,210.0,1.0,Yes
161472.0,33.0,Female,35.0,19.0,7.0,1.0,Basic,Annual,205.0,12.0,Yes
139232.0,59.0,Female,47.0,25.0,9.0,5.0,Standard,Quarterly,307.0,18.0,Yes
121986.0,59.0,Female,17.0,19.0,10.0,3.0,Premium,Annual,382.0,23.0,Yes
362578.0,32.0,Male,45.0,3.0,3.0,11.0,Standard,Quarterly,642.84,14.0,No
262661.0,26.0,Female,17.0,11.0,0.0,18.0,Basic,Quarterly,622.21,2.0,No
303377.0,22.0,Male,26.0,12.0,1.0,6.0,Standard,Quarterly,937.37,13.0,No
175308.0,26.0,Female,51.0,29.0,1.0,9.0,Premium,Quarterly,949.0,22.0,Yes
277861.0,50.0,Male,20.0,21.0,0.0,0.0,Premium,Quarterly,891.88,30.0,No
321240.0,49.0,Female,9.0,26.0,4.0,13.0,Premium,Annual,785.48,9.0,No
84893.0,62.0,Male,53.0,17.0,7.0,14.0,Premium,Monthly,429.0,16.0,Yes
228168.0,30.0,Male,37.0,13.0,6.0,14.0,Premium,Annual,678.39,11.0,Yes
443759.0,29.0,Male,47.0,3.0,0.0,14.0,Basic,Annual,571.52,26.0,No
90927.0,38.0,Female,22.0,3.0,2.0,19.0,Premium,Annual,342.0,27.0,Yes
297243.0,34.0,Female,13.0,18.0,3.0,10.0,Standard,Quarterly,856.27,13.0,No
293463.0,29.0,Male,9.0,8.0,1.0,6.0,Basic,Annual,785.22,17.0,No
101703.0,48.0,Male,38.0,11.0,1.0,29.0,Premium,Annual,383.0,25.0,Yes
141978.0,41.0,Male,35.0,30.0,2.0,1.0,Premium,Monthly,371.0,15.0,Yes
250065.0,32.0,Male,12.0,24.0,7.0,21.0,Standard,Quarterly,846.71,2.0,Yes
374065.0,43.0,Male,51.0,24.0,4.0,4.0,Premium,Annual,556.74,26.0,No
278283.0,24.0,Male,50.0,25.0,0.0,20.0,Standard,Annual,776.76,24.0,No
290080.0,48.0,Male,57.0,26.0,4.0,6.0,Basic,Quarterly,577.69,14.0,No
89269.0,27.0,Male,17.0,12.0,10.0,10.0,Standard,Annual,965.0,27.0,Yes
48009.0,47.0,Female,59.0,10.0,10.0,20.0,Standard,Annual,594.0,25.0,Yes
118933.0,49.0,Female,56.0,3.0,6.0,15.0,Standard,Monthly,1000.0,3.0,Yes
163458.0,64.0,Female,7.0,19.0,0.0,10.0,Premium,Monthly,783.0,2.0,Yes
241642.0,37.0,Female,6.0,23.0,10.0,28.0,Premium,Quarterly,352.99,26.0,Yes
383116.0,22.0,Male,51.0,8.0,2.0,4.0,Standard,Annual,839.44,22.0,No
258569.0,29.0,Female,4.0,22.0,3.0,26.0,Standard,Monthly,836.53,9.0,Yes
411315.0,46.0,Male,14.0,20.0,4.0,15.0,Premium,Quarterly,760.69,19.0,No
15761.0,44.0,Female,42.0,20.0,5.0,24.0,Basic,Annual,665.0,19.0,Yes
1126.0,21.0,Male,40.0,13.0,5.0,0.0,Premium,Quarterly,975.0,11.0,Yes
176638.0,22.0,Male,34.0,30.0,5.0,23.0,Basic,Quarterly,892.0,6.0,Yes
350118.0,36.0,Female,15.0,17.0,1.0,15.0,Premium,Quarterly,751.8,3.0,No
326333.0,36.0,Female,11.0,14.0,3.0,19.0,Premium,Quarterly,579.4,13.0,No
407368.0,31.0,Female,2.0,21.0,0.0,16.0,Premium,Annual,911.34,7.0,No
78095.0,60.0,Female,6.0,29.0,0.0,10.0,Basic,Annual,760.0,30.0,Yes
136984.0,39.0,Male,52.0,23.0,6.0,22.0,Basic,Quarterly,662.0,26.0,Yes
157620.0,23.0,Female,8.0,29.0,8.0,26.0,Basic,Monthly,493.0,18.0,Yes
418092.0,41.0,Male,8.0,2.0,0.0,3.0,Basic,Annual,506.02,9.0,No
246024.0,58.0,Male,19.0,24.0,4.0,30.0,Standard,Monthly,292.83,19.0,Yes
236153.0,46.0,Female,15.0,29.0,5.0,22.0,Standard,Monthly,676.88,10.0,Yes
84219.0,25.0,Male,49.0,29.0,0.0,23.0,Basic,Quarterly,496.0,9.0,Yes
7510.0,35.0,Male,30.0,24.0,8.0,30.0,Basic,Quarterly,132.0,2.0,Yes
8918.0,61.0,Female,9.0,26.0,5.0,21.0,Premium,Monthly,463.0,2.0,Yes
216980.0,34.0,Male,52.0,24.0,8.0,4.0,Premium,Monthly,197.81,2.0,Yes
425098.0,42.0,Female,37.0,7.0,4.0,20.0,Standard,Annual,999.96,8.0,No
422023.0,48.0,Male,41.0,2.0,3.0,1.0,Basic,Annual,504.53,7.0,No
307480.0,36.0,Male,60.0,29.0,0.0,10.0,Premium,Quarterly,638.95,4.0,No
353098.0,49.0,Male,47.0,28.0,1.0,14.0,Premium,Quarterly,900.85,27.0,No
356646.0,49.0,Male,4.0,11.0,4.0,9.0,Standard,Annual,549.84,21.0,No
102757.0,36.0,Female,13.0,15.0,10.0,5.0,Basic,Monthly,450.0,15.0,Yes
304187.0,39.0,Male,2.0,7.0,3.0,6.0,Standard,Annual,972.84,25.0,No
313697.0,46.0,Male,8.0,11.0,2.0,1.0,Basic,Annual,713.07,6.0,No
69804.0,61.0,Female,42.0,2.0,4.0,0.0,Standard,Quarterly,143.0,9.0,Yes
19544.0,31.0,Female,15.0,17.0,2.0,11.0,Premium,Annual,527.0,30.0,Yes
426780.0,50.0,Female,52.0,4.0,2.0,8.0,Premium,Quarterly,801.21,14.0,No
76090.0,18.0,Female,50.0,7.0,2.0,25.0,Standard,Monthly,679.0,12.0,Yes
412680.0,18.0,Male,42.0,6.0,0.0,8.0,Basic,Quarterly,949.38,15.0,No
358216.0,19.0,Male,38.0,23.0,0.0,9.0,Standard,Quarterly,856.23,7.0,No
101427.0,60.0,Male,59.0,3.0,9.0,7.0,Premium,Monthly,835.0,2.0,Yes
49800.0,27.0,Male,14.0,2.0,1.0,17.0,Basic,Monthly,857.0,23.0,Yes
249994.0,37.0,Male,42.0,8.0,5.0,21.0,Premium,Annual,663.18,29.0,Yes
85972.0,58.0,Female,25.0,27.0,8.0,30.0,Basic,Monthly,310.0,5.0,Yes
373274.0,26.0,Male,21.0,25.0,1.0,4.0,Standard,Annual,869.43,16.0,No
187634.0,31.0,Female,10.0,18.0,10.0,27.0,Premium,Annual,485.0,1.0,Yes
330651.0,38.0,Female,11.0,16.0,0.0,18.0,Basic,Quarterly,875.41,4.0,No
159121.0,64.0,Male,8.0,27.0,7.0,17.0,Basic,Monthly,803.0,11.0,Yes
188025.0,61.0,Female,57.0,11.0,2.0,11.0,Standard,Annual,573.0,2.0,Yes
70784.0,38.0,Female,30.0,26.0,3.0,4.0,Premium,Quarterly,796.0,18.0,Yes
129798.0,55.0,Male,55.0,1.0,9.0,27.0,Basic,Annual,887.0,13.0,Yes
135724.0,41.0,Male,44.0,1.0,4.0,20.0,Premium,Monthly,208.0,24.0,Yes
67208.0,20.0,Female,54.0,15.0,2.0,7.0,Basic,Quarterly,168.0,7.0,Yes
346681.0,45.0,Male,43.0,3.0,1.0,2.0,Basic,Quarterly,539.42,22.0,No
215123.0,52.0,Male,32.0,5.0,2.0,5.0,Standard,Monthly,141.58,26.0,Yes
63724.0,60.0,Female,51.0,30.0,9.0,28.0,Premium,Annual,110.0,28.0,Yes
278891.0,26.0,Female,54.0,8.0,2.0,16.0,Standard,Annual,636.91,14.0,No
446628.0,48.0,Female,18.0,26.0,3.0,12.0,Standard,Annual,697.57,11.0,No
767.0,19.0,Female,9.0,23.0,2.0,29.0,Premium,Annual,108.0,27.0,Yes
344334.0,44.0,Female,43.0,21.0,4.0,4.0,Basic,Quarterly,678.07,1.0,No
364518.0,42.0,Male,55.0,21.0,0.0,3.0,Standard,Quarterly,704.9,21.0,No
65526.0,32.0,Female,55.0,15.0,4.0,17.0,Standard,Annual,952.0,22.0,Yes
409554.0,18.0,Female,41.0,27.0,0.0,5.0,Premium,Annual,910.22,12.0,No
336664.0,27.0,Male,11.0,23.0,0.0,3.0,Basic,Annual,641.09,4.0,No
298858.0,38.0,Female,60.0,5.0,1.0,16.0,Standard,Quarterly,938.82,12.0,No
4712.0,49.0,Male,41.0,20.0,9.0,22.0,Basic,Quarterly,323.0,6.0,Yes
289998.0,33.0,Female,28.0,3.0,3.0,10.0,Basic,Quarterly,888.53,15.0,No
149217.0,56.0,Male,12.0,6.0,5.0,15.0,Premium,Annual,871.0,23.0,Yes
392520.0,32.0,Male,39.0,1.0,0.0,12.0,Basic,Annual,851.98,21.0,No
265595.0,34.0,Female,34.0,10.0,3.0,8.0,Basic,Quarterly,878.64,15.0,No
320100.0,48.0,Female,36.0,17.0,3.0,18.0,Standard,Quarterly,785.6,5.0,No
407263.0,39.0,Male,39.0,1.0,2.0,16.0,Standard,Quarterly,793.61,13.0,No
102955.0,53.0,Female,15.0,1.0,3.0,1.0,Standard,Annual,426.0,28.0,Yes
121085.0,47.0,Female,2.0,12.0,3.0,24.0,Standard,Monthly,426.0,10.0,Yes
293971.0,46.0,Female,56.0,14.0,4.0,11.0,Premium,Quarterly,899.29,5.0,No
236671.0,48.0,Male,51.0,18.0,9.0,7.0,Basic,Quarterly,301.27,20.0,Yes
321638.0,41.0,Female,56.0,25.0,0.0,0.0,Standard,Annual,914.26,15.0,No
26162.0,54.0,Male,32.0,6.0,2.0,17.0,Premium,Monthly,958.0,7.0,Yes
220320.0,34.0,Male,29.0,30.0,3.0,23.0,Premium,Quarterly,568.14,24.0,Yes
185847.0,64.0,Female,13.0,18.0,4.0,8.0,Basic,Quarterly,500.0,2.0,Yes
219441.0,60.0,Male,16.0,9.0,1.0,25.0,Basic,Monthly,143.25,6.0,Yes
2282.0,65.0,Female,47.0,8.0,0.0,19.0,Premium,Annual,576.0,14.0,Yes
342590.0,37.0,Male,6.0,26.0,2.0,6.0,Basic,Quarterly,555.16,2.0,No
13572.0,63.0,Male,34.0,19.0,10.0,28.0,Basic,Quarterly,743.0,19.0,Yes
66201.0,43.0,Male,27.0,22.0,3.0,28.0,Standard,Monthly,799.0,5.0,Yes
276223.0,24.0,Male,4.0,3.0,2.0,20.0,Standard,Annual,656.58,4.0,No
252040.0,27.0,Male,39.0,10.0,8.0,24.0,Basic,Annual,142.99,7.0,Yes
341335.0,44.0,Female,2.0,15.0,0.0,0.0,Premium,Quarterly,781.22,10.0,No
298724.0,30.0,Male,52.0,3.0,1.0,6.0,Premium,Annual,725.41,25.0,No
125578.0,52.0,Male,42.0,21.0,1.0,23.0,Basic,Quarterly,369.0,30.0,Yes
79480.0,23.0,Female,55.0,21.0,1.0,14.0,Standard,Annual,927.0,24.0,Yes
339534.0,39.0,Male,40.0,10.0,0.0,9.0,Premium,Annual,810.7,27.0,No
234833.0,24.0,Male,6.0,11.0,7.0,22.0,Basic,Annual,394.88,2.0,Yes
157179.0,25.0,Female,44.0,30.0,4.0,24.0,Standard,Monthly,774.0,8.0,Yes
152316.0,30.0,Female,32.0,25.0,8.0,22.0,Premium,Annual,959.0,5.0,Yes
391594.0,39.0,Male,37.0,8.0,3.0,0.0,Premium,Annual,924.29,24.0,No
255180.0,32.0,Male,22.0,18.0,10.0,9.0,Standard,Annual,119.91,6.0,Yes
69183.0,22.0,Female,60.0,16.0,6.0,25.0,Basic,Quarterly,166.0,29.0,Yes
422555.0,47.0,Female,19.0,18.0,2.0,13.0,Premium,Annual,946.87,11.0,No
55477.0,35.0,Female,56.0,1.0,8.0,19.0,Premium,Annual,923.0,3.0,Yes
431671.0,40.0,Male,60.0,16.0,2.0,11.0,Premium,Annual,603.58,16.0,No
142972.0,57.0,Female,28.0,10.0,4.0,2.0,Basic,Monthly,229.0,29.0,Yes
257835.0,37.0,Male,31.0,5.0,1.0,3.0,Standard,Annual,414.76,5.0,Yes
414945.0,27.0,Female,4.0,2.0,0.0,6.0,Premium,Annual,724.24,12.0,No
220493.0,47.0,Male,40.0,20.0,5.0,21.0,Premium,Quarterly,109.22,4.0,Yes
198434.0,52.0,Male,4.0,14.0,0.0,13.0,Basic,Quarterly,616.0,6.0,Yes
57178.0,57.0,Male,30.0,25.0,9.0,15.0,Standard,Quarterly,314.0,3.0,Yes
281698.0,20.0,Female,39.0,3.0,2.0,9.0,Premium,Annual,946.81,6.0,No
145085.0,64.0,Male,13.0,5.0,5.0,24.0,Standard,Annual,736.0,4.0,Yes
414889.0,39.0,Male,52.0,14.0,3.0,14.0,Basic,Annual,720.54,6.0,No
53999.0,32.0,Male,35.0,20.0,2.0,21.0,Premium,Quarterly,749.0,8.0,Yes
150658.0,43.0,Female,53.0,28.0,2.0,18.0,Premium,Quarterly,380.0,5.0,Yes
377590.0,37.0,Female,45.0,1.0,1.0,8.0,Basic,Annual,876.73,14.0,No
313007.0,39.0,Male,17.0,14.0,1.0,11.0,Basic,Annual,895.85,16.0,No
388700.0,47.0,Female,55.0,7.0,2.0,7.0,Standard,Quarterly,804.88,7.0,No
116961.0,43.0,Male,36.0,11.0,6.0,30.0,Premium,Monthly,952.0,8.0,Yes
66456.0,27.0,Female,58.0,14.0,8.0,8.0,Premium,Quarterly,910.0,22.0,Yes
370989.0,42.0,Male,31.0,13.0,2.0,5.0,Premium,Annual,967.82,23.0,No
424532.0,34.0,Male,46.0,7.0,1.0,18.0,Basic,Annual,719.85,21.0,No
232407.0,59.0,Male,26.0,21.0,4.0,27.0,Standard,Quarterly,328.33,3.0,Yes
349174.0,42.0,Male,20.0,29.0,4.0,9.0,Standard,Quarterly,944.02,7.0,No
10319.0,57.0,Female,31.0,23.0,0.0,27.0,Basic,Quarterly,310.0,14.0,Yes
30819.0,59.0,Male,26.0,20.0,8.0,5.0,Standard,Quarterly,870.0,21.0,Yes
25823.0,63.0,Female,24.0,25.0,10.0,1.0,Premium,Monthly,631.0,27.0,Yes
347249.0,50.0,Male,46.0,28.0,3.0,13.0,Premium,Annual,506.26,7.0,No
211602.0,40.0,Male,25.0,27.0,6.0,3.0,Premium,Monthly,168.33,5.0,Yes
415977.0,35.0,Male,39.0,5.0,1.0,15.0,Premium,Annual,630.24,10.0,No
135901.0,54.0,Female,7.0,28.0,8.0,20.0,Premium,Annual,212.0,18.0,Yes
396919.0,48.0,Male,57.0,20.0,1.0,12.0,Basic,Quarterly,960.2,4.0,No
342200.0,47.0,Female,50.0,15.0,1.0,14.0,Premium,Annual,634.76,2.0,No
195290.0,60.0,Male,21.0,13.0,4.0,14.0,Standard,Annual,992.0,4.0,Yes
134863.0,35.0,Male,47.0,10.0,5.0,2.0,Basic,Annual,717.0,26.0,Yes
208036.0,51.0,Female,48.0,1.0,9.0,9.0,Standard,Annual,111.91,9.0,Yes
446215.0,23.0,Male,31.0,20.0,0.0,1.0,Basic,Quarterly,778.85,16.0,No
321359.0,41.0,Male,38.0,8.0,1.0,20.0,Premium,Annual,757.54,30.0,No
325465.0,27.0,Female,2.0,10.0,1.0,3.0,Standard,Quarterly,840.03,6.0,No
346252.0,37.0,Female,44.0,13.0,1.0,14.0,Standard,Annual,507.07,10.0,No
327934.0,43.0,Female,22.0,11.0,0.0,6.0,Basic,Annual,872.46,15.0,No
446769.0,42.0,Male,8.0,23.0,2.0,4.0,Basic,Quarterly,750.28,6.0,No
14510.0,63.0,Male,22.0,17.0,10.0,27.0,Premium,Quarterly,129.0,5.0,Yes
325723.0,47.0,Male,9.0,25.0,3.0,11.0,Basic,Annual,840.37,26.0,No
103379.0,19.0,Male,15.0,5.0,3.0,1.0,Premium,Monthly,598.0,28.0,Yes
155965.0,62.0,Female,31.0,4.0,7.0,30.0,Standard,Quarterly,679.0,2.0,Yes
42829.0,58.0,Female,29.0,11.0,3.0,9.0,Standard,Quarterly,311.0,15.0,Yes
292895.0,43.0,Male,55.0,12.0,3.0,9.0,Standard,Annual,586.94,19.0,No
129331.0,57.0,Female,20.0,13.0,10.0,12.0,Premium,Monthly,183.0,22.0,Yes
436153.0,41.0,Male,45.0,13.0,4.0,16.0,Basic,Annual,535.41,13.0,No
335273.0,39.0,Female,33.0,24.0,1.0,20.0,Basic,Quarterly,974.6,1.0,No
47544.0,26.0,Male,30.0,13.0,10.0,2.0,Basic,Monthly,937.0,21.0,Yes
178408.0,57.0,Female,6.0,29.0,7.0,3.0,Premium,Annual,172.0,6.0,Yes
290343.0,30.0,Female,8.0,11.0,1.0,2.0,Basic,Quarterly,691.36,15.0,No
25193.0,25.0,Female,4.0,4.0,8.0,29.0,Premium,Quarterly,553.0,23.0,Yes
427521.0,27.0,Male,60.0,12.0,1.0,3.0,Basic,Annual,915.13,20.0,No
417770.0,38.0,Female,30.0,18.0,3.0,3.0,Premium,Annual,835.65,10.0,No
176280.0,45.0,Male,38.0,5.0,0.0,15.0,Standard,Monthly,951.0,23.0,Yes
426031.0,22.0,Male,15.0,15.0,1.0,19.0,Premium,Quarterly,986.94,6.0,No
241614.0,44.0,Female,17.0,5.0,6.0,27.0,Basic,Annual,632.39,25.0,Yes
63616.0,18.0,Male,22.0,27.0,4.0,9.0,Premium,Annual,268.0,14.0,Yes
283512.0,39.0,Male,48.0,30.0,1.0,16.0,Standard,Annual,653.25,25.0,No
223678.0,42.0,Male,38.0,6.0,4.0,0.0,Basic,Annual,304.74,8.0,Yes
2261.0,35.0,Male,36.0,12.0,0.0,29.0,Premium,Annual,121.0,10.0,Yes
310596.0,45.0,Male,42.0,24.0,1.0,13.0,Basic,Annual,747.73,25.0,No
226951.0,35.0,Female,14.0,7.0,8.0,6.0,Basic,Quarterly,902.84,24.0,Yes
302785.0,27.0,Male,39.0,25.0,2.0,0.0,Standard,Annual,519.99,28.0,No
92515.0,57.0,Male,38.0,30.0,5.0,27.0,Standard,Quarterly,133.0,6.0,Yes
298222.0,25.0,Female,11.0,14.0,1.0,0.0,Basic,Quarterly,850.02,10.0,No
293336.0,36.0,Male,9.0,22.0,1.0,13.0,Premium,Annual,969.61,30.0,No
295257.0,36.0,Male,44.0,3.0,2.0,15.0,Premium,Quarterly,823.1,3.0,No
1381.0,51.0,Female,49.0,21.0,6.0,3.0,Standard,Annual,125.0,27.0,Yes
274267.0,49.0,Male,44.0,30.0,2.0,17.0,Standard,Annual,747.2,8.0,No
273831.0,37.0,Male,48.0,9.0,0.0,17.0,Basic,Annual,951.79,24.0,No
132617.0,51.0,Female,60.0,29.0,0.0,1.0,Premium,Quarterly,419.0,23.0,Yes
256099.0,40.0,Male,59.0,2.0,3.0,15.0,Premium,Quarterly,249.39,18.0,Yes
336635.0,47.0,Female,49.0,1.0,0.0,8.0,Basic,Annual,587.54,6.0,No
336121.0,31.0,Male,13.0,18.0,2.0,0.0,Basic,Annual,632.98,3.0,No
301434.0,37.0,Male,39.0,4.0,0.0,0.0,Basic,Annual,803.73,21.0,No
380593.0,21.0,Female,25.0,9.0,1.0,19.0,Premium,Annual,870.11,6.0,No
99708.0,41.0,Female,44.0,25.0,6.0,19.0,Basic,Annual,144.0,6.0,Yes
182224.0,46.0,Male,53.0,12.0,10.0,5.0,Standard,Quarterly,169.0,6.0,Yes
384919.0,18.0,Female,42.0,1.0,1.0,14.0,Premium,Annual,655.29,11.0,No
48573.0,38.0,Female,12.0,28.0,4.0,7.0,Premium,Annual,941.0,4.0,Yes
303255.0,37.0,Female,50.0,10.0,0.0,2.0,Premium,Quarterly,952.74,12.0,No
229011.0,46.0,Female,25.0,16.0,5.0,16.0,Premium,Annual,460.92,24.0,Yes
323475.0,28.0,Female,49.0,5.0,1.0,3.0,Standard,Quarterly,563.1,10.0,No
179604.0,59.0,Male,60.0,10.0,8.0,7.0,Standard,Quarterly,834.0,1.0,Yes
118529.0,64.0,Male,55.0,13.0,7.0,29.0,Basic,Quarterly,326.0,2.0,Yes
350436.0,44.0,Male,8.0,10.0,1.0,20.0,Premium,Quarterly,943.95,1.0,No
395251.0,29.0,Male,46.0,15.0,2.0,12.0,Premium,Quarterly,564.03,27.0,No
213022.0,42.0,Female,33.0,26.0,9.0,7.0,Standard,Annual,464.85,6.0,Yes
18847.0,43.0,Male,55.0,29.0,0.0,14.0,Basic,Annual,223.0,11.0,Yes
279663.0,40.0,Male,60.0,21.0,0.0,18.0,Premium,Annual,803.18,4.0,No
742.0,45.0,Male,48.0,19.0,9.0,10.0,Standard,Monthly,801.0,4.0,Yes
16377.0,20.0,Male,48.0,1.0,0.0,15.0,Basic,Monthly,731.0,13.0,Yes
91113.0,39.0,Female,12.0,17.0,3.0,5.0,Standard,Quarterly,266.0,23.0,Yes
234880.0,60.0,Female,35.0,30.0,6.0,26.0,Premium,Annual,783.87,20.0,Yes
171932.0,28.0,Male,33.0,10.0,1.0,14.0,Basic,Annual,797.0,15.0,No
129044.0,28.0,Male,47.0,22.0,8.0,29.0,Standard,Quarterly,805.0,27.0,Yes
10638.0,47.0,Female,18.0,6.0,7.0,16.0,Premium,Monthly,137.0,13.0,Yes
57548.0,22.0,Female,27.0,19.0,8.0,9.0,Basic,Quarterly,287.0,4.0,Yes
202924.0,26.0,Female,10.0,10.0,5.0,24.0,Premium,Annual,723.0,2.0,Yes
445295.0,45.0,Male,53.0,6.0,1.0,19.0,Basic,Annual,944.03,7.0,No
419246.0,32.0,Male,34.0,24.0,3.0,4.0,Standard,Annual,936.5,20.0,No
340866.0,46.0,Male,17.0,26.0,0.0,7.0,Standard,Annual,767.53,3.0,No
387946.0,22.0,Male,15.0,14.0,1.0,5.0,Standard,Quarterly,949.47,4.0,No
352438.0,39.0,Male,48.0,9.0,0.0,5.0,Standard,Quarterly,687.23,19.0,No
61654.0,21.0,Male,57.0,19.0,9.0,5.0,Standard,Annual,274.0,30.0,Yes
111706.0,50.0,Female,47.0,28.0,7.0,18.0,Premium,Quarterly,827.0,10.0,Yes
184381.0,33.0,Female,45.0,5.0,6.0,2.0,Basic,Quarterly,748.0,28.0,Yes
2057.0,33.0,Male,51.0,9.0,5.0,2.0,Standard,Monthly,832.0,1.0,Yes
187.0,55.0,Female,12.0,13.0,1.0,7.0,Standard,Annual,167.0,11.0,Yes
278257.0,41.0,Male,5.0,9.0,1.0,9.0,Standard,Annual,948.0,5.0,No
338494.0,24.0,Male,60.0,13.0,0.0,18.0,Standard,Quarterly,716.99,23.0,No
117976.0,34.0,Male,23.0,4.0,4.0,30.0,Standard,Annual,338.0,14.0,Yes
170967.0,39.0,Male,9.0,24.0,8.0,20.0,Basic,Annual,409.0,6.0,Yes
127727.0,50.0,Male,13.0,17.0,10.0,10.0,Basic,Quarterly,318.0,2.0,Yes
407295.0,46.0,Female,26.0,25.0,2.0,15.0,Standard,Annual,648.73,15.0,No
198463.0,34.0,Male,27.0,13.0,1.0,14.0,Basic,Monthly,479.0,17.0,Yes
213568.0,40.0,Female,14.0,26.0,8.0,20.0,Standard,Quarterly,531.29,23.0,Yes
160108.0,59.0,Female,23.0,22.0,4.0,5.0,Basic,Monthly,544.0,15.0,Yes
209994.0,45.0,Male,15.0,5.0,2.0,20.0,Standard,Annual,722.65,28.0,Yes
433103.0,37.0,Male,27.0,2.0,1.0,7.0,Basic,Quarterly,522.86,20.0,No
85061.0,32.0,Female,7.0,1.0,4.0,29.0,Premium,Monthly,195.0,6.0,Yes
73835.0,35.0,Female,58.0,28.0,3.0,14.0,Premium,Monthly,288.0,25.0,Yes
318285.0,21.0,Male,31.0,19.0,1.0,10.0,Standard,Quarterly,813.25,27.0,No
129221.0,35.0,Male,33.0,3.0,6.0,0.0,Basic,Annual,662.0,14.0,Yes
389088.0,38.0,Male,58.0,8.0,1.0,13.0,Standard,Annual,549.23,5.0,No
112122.0,45.0,Female,56.0,1.0,8.0,16.0,Premium,Quarterly,655.0,6.0,Yes
199809.0,36.0,Female,25.0,4.0,2.0,23.0,Premium,Monthly,808.0,28.0,Yes
98771.0,63.0,Female,50.0,5.0,5.0,29.0,Premium,Monthly,342.0,20.0,Yes
134082.0,20.0,Female,21.0,2.0,0.0,19.0,Standard,Annual,945.0,6.0,Yes
176803.0,28.0,Female,37.0,17.0,1.0,1.0,Premium,Quarterly,619.0,5.0,No
319826.0,46.0,Male,20.0,21.0,2.0,19.0,Basic,Annual,710.71,27.0,No
373628.0,31.0,Female,14.0,17.0,0.0,5.0,Premium,Quarterly,904.01,1.0,No
305748.0,44.0,Female,59.0,19.0,3.0,12.0,Standard,Quarterly,654.77,2.0,No
55624.0,34.0,Female,23.0,27.0,9.0,2.0,Standard,Quarterly,326.0,16.0,Yes
115419.0,64.0,Male,41.0,17.0,0.0,7.0,Premium,Annual,633.0,27.0,Yes
157009.0,65.0,Female,10.0,11.0,8.0,10.0,Standard,Monthly,689.0,16.0,Yes
407411.0,41.0,Male,45.0,27.0,4.0,15.0,Standard,Annual,593.44,9.0,No
350092.0,38.0,Female,32.0,5.0,1.0,14.0,Standard,Annual,553.79,9.0,No
29780.0,26.0,Male,38.0,7.0,5.0,23.0,Standard,Quarterly,914.0,22.0,Yes
322203.0,38.0,Male,27.0,12.0,3.0,10.0,Premium,Annual,759.67,30.0,No
167782.0,18.0,Male,8.0,6.0,5.0,16.0,Premium,Monthly,659.0,13.0,Yes
76558.0,23.0,Female,10.0,24.0,2.0,14.0,Basic,Monthly,269.0,4.0,Yes
41316.0,35.0,Female,50.0,11.0,10.0,14.0,Basic,Monthly,729.0,15.0,Yes
422220.0,49.0,Male,36.0,17.0,3.0,2.0,Standard,Quarterly,916.38,18.0,No
436943.0,42.0,Female,54.0,8.0,1.0,13.0,Standard,Annual,514.05,5.0,No
261357.0,24.0,Male,39.0,30.0,0.0,9.0,Standard,Quarterly,638.8,27.0,No
55899.0,23.0,Female,42.0,8.0,5.0,21.0,Premium,Annual,169.0,6.0,Yes
137322.0,30.0,Male,23.0,1.0,8.0,11.0,Premium,Annual,632.0,20.0,Yes
163239.0,38.0,Male,1.0,25.0,7.0,26.0,Basic,Annual,307.0,14.0,Yes
185652.0,35.0,Male,45.0,8.0,3.0,14.0,Standard,Monthly,428.0,14.0,Yes
80396.0,46.0,Female,40.0,9.0,2.0,14.0,Standard,Quarterly,325.0,9.0,Yes
405847.0,26.0,Male,37.0,12.0,2.0,16.0,Standard,Quarterly,791.52,1.0,No
248295.0,64.0,Male,43.0,27.0,8.0,5.0,Basic,Monthly,480.86,3.0,Yes
183084.0,46.0,Male,27.0,22.0,9.0,6.0,Basic,Quarterly,655.0,25.0,Yes
348818.0,33.0,Female,6.0,2.0,2.0,14.0,Standard,Quarterly,840.07,5.0,No
175895.0,59.0,Male,23.0,21.0,7.0,3.0,Basic,Monthly,782.0,21.0,Yes
108924.0,18.0,Male,11.0,1.0,2.0,22.0,Standard,Annual,802.0,6.0,Yes
310943.0,26.0,Male,25.0,28.0,2.0,19.0,Basic,Quarterly,698.09,17.0,No
85750.0,39.0,Female,23.0,17.0,2.0,14.0,Basic,Annual,594.0,16.0,Yes
303269.0,47.0,Male,41.0,6.0,0.0,1.0,Basic,Quarterly,567.24,27.0,No
392448.0,37.0,Male,50.0,14.0,3.0,20.0,Standard,Quarterly,796.0,14.0,No
360725.0,41.0,Male,28.0,2.0,0.0,20.0,Standard,Quarterly,723.02,17.0,No
13401.0,21.0,Male,36.0,9.0,1.0,10.0,Standard,Monthly,821.0,22.0,Yes
53479.0,43.0,Male,37.0,19.0,6.0,9.0,Premium,Quarterly,344.0,15.0,Yes
300535.0,20.0,Female,28.0,17.0,1.0,20.0,Premium,Annual,932.86,1.0,No
365337.0,34.0,Female,33.0,8.0,3.0,14.0,Premium,Annual,512.44,12.0,No
29293.0,18.0,Female,19.0,11.0,7.0,14.0,Basic,Annual,939.0,29.0,Yes
201317.0,40.0,Male,10.0,20.0,10.0,14.0,Premium,Monthly,495.0,16.0,Yes
436082.0,29.0,Male,54.0,2.0,2.0,1.0,Premium,Annual,839.8,3.0,No
392365.0,49.0,Male,34.0,9.0,1.0,11.0,Standard,Quarterly,869.71,9.0,No
411787.0,30.0,Male,56.0,15.0,3.0,20.0,Basic,Quarterly,909.44,14.0,No
127634.0,25.0,Male,53.0,1.0,1.0,30.0,Premium,Monthly,315.0,5.0,Yes
359.0,35.0,Male,1.0,21.0,4.0,9.0,Standard,Quarterly,113.0,18.0,Yes
42827.0,60.0,Female,56.0,15.0,10.0,5.0,Basic,Annual,100.0,25.0,Yes
119030.0,31.0,Female,21.0,8.0,1.0,2.0,Basic,Annual,721.0,4.0,Yes
144219.0,23.0,Male,54.0,13.0,0.0,24.0,Standard,Monthly,903.0,8.0,Yes
289717.0,35.0,Male,10.0,15.0,2.0,7.0,Premium,Quarterly,843.55,7.0,No
296956.0,38.0,Female,34.0,12.0,2.0,0.0,Basic,Quarterly,962.07,1.0,No
138383.0,40.0,Male,14.0,12.0,5.0,16.0,Premium,Monthly,104.0,30.0,Yes
111606.0,30.0,Female,45.0,18.0,7.0,20.0,Basic,Monthly,196.0,12.0,Yes
63510.0,63.0,Female,13.0,26.0,8.0,11.0,Premium,Annual,851.0,21.0,Yes
410146.0,36.0,Male,50.0,5.0,0.0,17.0,Basic,Annual,582.31,27.0,No
129154.0,51.0,Female,36.0,14.0,2.0,23.0,Premium,Quarterly,549.0,15.0,Yes
47647.0,63.0,Female,28.0,23.0,10.0,6.0,Premium,Quarterly,255.0,8.0,Yes
124704.0,23.0,Female,32.0,1.0,3.0,16.0,Standard,Annual,410.0,28.0,Yes
329108.0,41.0,Male,33.0,1.0,3.0,3.0,Premium,Quarterly,585.76,23.0,No
355269.0,45.0,Male,10.0,20.0,3.0,16.0,Standard,Annual,819.37,9.0,No
88466.0,52.0,Female,33.0,11.0,9.0,10.0,Standard,Quarterly,963.0,7.0,Yes
289216.0,43.0,Male,60.0,14.0,4.0,2.0,Basic,Quarterly,938.19,3.0,No
29989.0,43.0,Male,42.0,26.0,6.0,4.0,Premium,Quarterly,507.0,21.0,Yes
68646.0,22.0,Female,17.0,18.0,5.0,25.0,Standard,Quarterly,767.0,18.0,Yes
282868.0,42.0,Male,41.0,10.0,2.0,18.0,Premium,Quarterly,883.74,20.0,No
202884.0,53.0,Male,48.0,12.0,1.0,8.0,Standard,Annual,847.0,19.0,Yes
140560.0,65.0,Female,27.0,15.0,3.0,25.0,Standard,Monthly,708.0,29.0,Yes
381625.0,40.0,Male,53.0,26.0,0.0,5.0,Basic,Quarterly,602.66,29.0,No
353175.0,39.0,Female,36.0,20.0,0.0,20.0,Standard,Quarterly,782.2,2.0,No
373666.0,27.0,Female,45.0,21.0,2.0,18.0,Standard,Annual,968.03,4.0,No
305165.0,45.0,Male,33.0,23.0,3.0,19.0,Standard,Annual,989.32,15.0,No
329025.0,36.0,Male,8.0,26.0,3.0,10.0,Standard,Quarterly,723.49,13.0,No
335663.0,46.0,Male,7.0,18.0,1.0,20.0,Standard,Quarterly,732.32,6.0,No
207005.0,22.0,Female,39.0,17.0,9.0,8.0,Premium,Annual,614.85,25.0,Yes
81699.0,55.0,Male,36.0,9.0,10.0,1.0,Basic,Annual,140.0,23.0,Yes
445738.0,28.0,Female,57.0,13.0,0.0,7.0,Basic,Annual,778.68,9.0,No
40925.0,27.0,Female,58.0,15.0,9.0,17.0,Standard,Monthly,721.0,8.0,Yes
312478.0,29.0,Male,42.0,26.0,1.0,19.0,Premium,Quarterly,593.86,27.0,No
208368.0,51.0,Male,26.0,1.0,8.0,28.0,Basic,Monthly,336.34,9.0,Yes
64320.0,28.0,Female,32.0,22.0,4.0,20.0,Premium,Quarterly,880.0,30.0,Yes
168258.0,30.0,Female,1.0,24.0,4.0,25.0,Standard,Quarterly,389.0,27.0,Yes
351557.0,45.0,Male,28.0,28.0,1.0,5.0,Basic,Annual,739.29,15.0,No
380504.0,41.0,Male,59.0,23.0,2.0,15.0,Standard,Annual,937.15,22.0,No
258758.0,55.0,Female,54.0,9.0,1.0,30.0,Premium,Quarterly,954.44,11.0,Yes
29304.0,25.0,Male,51.0,17.0,6.0,29.0,Basic,Quarterly,398.0,21.0,Yes
107607.0,50.0,Male,23.0,26.0,4.0,23.0,Basic,Monthly,645.0,3.0,Yes
296275.0,35.0,Male,19.0,19.0,1.0,18.0,Basic,Annual,584.14,11.0,No
187381.0,59.0,Male,50.0,30.0,1.0,4.0,Standard,Annual,277.0,15.0,Yes
71118.0,47.0,Male,1.0,10.0,8.0,14.0,Standard,Quarterly,557.0,29.0,Yes
407423.0,49.0,Male,47.0,7.0,0.0,0.0,Premium,Quarterly,623.11,6.0,No
43541.0,60.0,Female,7.0,4.0,9.0,19.0,Premium,Monthly,979.0,16.0,Yes
86862.0,62.0,Female,9.0,29.0,2.0,21.0,Basic,Monthly,106.0,20.0,Yes
363853.0,34.0,Male,9.0,2.0,0.0,9.0,Standard,Annual,986.6,17.0,No
204686.0,63.0,Female,53.0,11.0,7.0,26.0,Standard,Monthly,687.69,20.0,Yes
316605.0,38.0,Male,34.0,9.0,1.0,9.0,Basic,Quarterly,627.91,12.0,No
365250.0,27.0,Male,44.0,20.0,0.0,18.0,Basic,Annual,955.43,22.0,No
248499.0,46.0,Male,14.0,16.0,4.0,21.0,Basic,Annual,925.45,7.0,Yes
307340.0,30.0,Male,29.0,21.0,0.0,8.0,Basic,Quarterly,644.53,6.0,No
99396.0,38.0,Male,25.0,13.0,2.0,13.0,Premium,Monthly,836.0,13.0,Yes
99670.0,40.0,Female,54.0,28.0,7.0,10.0,Standard,Quarterly,654.0,12.0,Yes
222578.0,40.0,Female,25.0,21.0,8.0,16.0,Premium,Annual,775.31,28.0,Yes
420674.0,31.0,Female,58.0,19.0,0.0,2.0,Basic,Quarterly,877.57,6.0,No
27811.0,65.0,Female,12.0,10.0,8.0,14.0,Premium,Monthly,322.0,15.0,Yes
262719.0,38.0,Male,52.0,12.0,0.0,9.0,Standard,Quarterly,891.27,16.0,No
255495.0,42.0,Male,43.0,11.0,10.0,27.0,Basic,Annual,643.06,30.0,Yes
136674.0,60.0,Female,57.0,7.0,5.0,18.0,Premium,Annual,181.0,29.0,Yes
257345.0,24.0,Male,28.0,10.0,6.0,19.0,Standard,Annual,366.19,10.0,Yes
171579.0,45.0,Female,11.0,13.0,4.0,18.0,Standard,Annual,355.0,10.0,Yes
254921.0,56.0,Female,34.0,10.0,6.0,19.0,Basic,Monthly,834.42,9.0,Yes
226498.0,29.0,Female,39.0,9.0,2.0,0.0,Basic,Monthly,279.28,23.0,Yes
228883.0,41.0,Female,18.0,17.0,9.0,14.0,Basic,Annual,446.15,23.0,Yes
390466.0,32.0,Female,20.0,14.0,0.0,16.0,Basic,Quarterly,853.56,3.0,No
343106.0,28.0,Female,36.0,1.0,1.0,4.0,Premium,Quarterly,920.16,4.0,No
12661.0,28.0,Male,35.0,11.0,8.0,3.0,Basic,Monthly,514.0,28.0,Yes
335577.0,50.0,Female,57.0,4.0,1.0,12.0,Premium,Quarterly,845.14,10.0,No
105733.0,39.0,Male,58.0,20.0,8.0,16.0,Standard,Monthly,619.0,4.0,Yes
27830.0,32.0,Male,4.0,23.0,5.0,2.0,Basic,Quarterly,789.0,9.0,Yes
317919.0,29.0,Male,14.0,12.0,0.0,3.0,Basic,Quarterly,920.16,2.0,No
192721.0,34.0,Female,21.0,13.0,3.0,2.0,Basic,Monthly,145.0,19.0,Yes
326290.0,37.0,Female,35.0,29.0,3.0,1.0,Basic,Quarterly,640.39,11.0,No
430371.0,48.0,Male,32.0,11.0,0.0,20.0,Premium,Annual,730.94,9.0,No
94605.0,27.0,Female,2.0,7.0,0.0,9.0,Premium,Quarterly,159.0,11.0,Yes
395102.0,23.0,Male,48.0,3.0,0.0,14.0,Basic,Annual,837.64,1.0,No
399043.0,22.0,Male,56.0,9.0,1.0,7.0,Basic,Quarterly,503.56,26.0,No
162280.0,21.0,Male,16.0,1.0,3.0,26.0,Standard,Monthly,432.0,18.0,Yes
286410.0,36.0,Male,34.0,14.0,2.0,9.0,Basic,Annual,577.53,15.0,No
399323.0,50.0,Male,36.0,1.0,4.0,14.0,Basic,Annual,535.32,12.0,No
100830.0,64.0,Female,42.0,7.0,8.0,20.0,Standard,Quarterly,161.0,8.0,Yes
18495.0,65.0,Male,5.0,21.0,2.0,22.0,Premium,Quarterly,746.0,9.0,Yes
83817.0,21.0,Male,57.0,10.0,5.0,20.0,Standard,Monthly,524.0,18.0,Yes
357699.0,46.0,Male,29.0,24.0,4.0,14.0,Premium,Quarterly,528.13,29.0,No
244460.0,30.0,Male,16.0,1.0,0.0,28.0,Basic,Annual,808.0,7.0,Yes
347975.0,34.0,Female,56.0,2.0,3.0,18.0,Basic,Annual,521.49,7.0,No
193938.0,48.0,Male,35.0,14.0,2.0,26.0,Premium,Quarterly,357.0,15.0,Yes
80242.0,19.0,Female,5.0,23.0,3.0,6.0,Premium,Monthly,607.0,10.0,Yes
437433.0,35.0,Female,41.0,20.0,2.0,20.0,Standard,Quarterly,999.03,2.0,No
26622.0,18.0,Female,59.0,17.0,4.0,26.0,Basic,Monthly,605.0,9.0,Yes
110899.0,36.0,Male,29.0,22.0,7.0,11.0,Premium,Monthly,601.0,25.0,Yes
266234.0,50.0,Male,51.0,5.0,4.0,4.0,Standard,Quarterly,622.29,24.0,No
429566.0,40.0,Male,11.0,27.0,2.0,6.0,Standard,Annual,845.97,25.0,No
246235.0,46.0,Female,15.0,11.0,9.0,21.0,Basic,Monthly,721.58,9.0,Yes
393337.0,37.0,Female,46.0,23.0,2.0,10.0,Premium,Quarterly,931.48,10.0,No
80394.0,33.0,Female,1.0,14.0,2.0,10.0,Premium,Annual,488.0,24.0,Yes
259066.0,55.0,Male,37.0,1.0,8.0,15.0,Basic,Monthly,618.47,10.0,Yes
97902.0,31.0,Female,3.0,7.0,8.0,3.0,Standard,Quarterly,223.0,1.0,Yes
194162.0,26.0,Male,26.0,15.0,1.0,14.0,Basic,Monthly,255.0,30.0,Yes
234831.0,42.0,Male,58.0,1.0,4.0,25.0,Premium,Quarterly,607.84,4.0,Yes
60493.0,44.0,Male,6.0,9.0,2.0,0.0,Premium,Quarterly,292.0,18.0,Yes
89506.0,56.0,Male,16.0,25.0,3.0,24.0,Standard,Annual,240.0,30.0,Yes
36368.0,50.0,Female,9.0,9.0,6.0,18.0,Basic,Quarterly,699.0,28.0,Yes
93386.0,34.0,Female,57.0,27.0,10.0,22.0,Premium,Monthly,640.0,30.0,Yes
8582.0,42.0,Male,47.0,20.0,0.0,22.0,Standard,Quarterly,997.0,10.0,Yes
313564.0,48.0,Female,35.0,14.0,4.0,0.0,Premium,Annual,847.9,9.0,No
268044.0,26.0,Male,6.0,17.0,0.0,12.0,Basic,Quarterly,626.84,3.0,No
219044.0,21.0,Male,21.0,25.0,3.0,23.0,Basic,Annual,319.1,2.0,Yes
445374.0,27.0,Female,42.0,6.0,1.0,17.0,Premium,Quarterly,776.93,9.0,No
340295.0,41.0,Female,10.0,21.0,3.0,13.0,Standard,Annual,549.77,6.0,No
118911.0,59.0,Male,49.0,27.0,4.0,26.0,Standard,Annual,766.0,25.0,Yes
305058.0,33.0,Male,28.0,1.0,1.0,6.0,Basic,Quarterly,826.4,15.0,No
377722.0,33.0,Male,49.0,16.0,2.0,10.0,Basic,Quarterly,728.87,20.0,No
250252.0,27.0,Male,6.0,17.0,9.0,11.0,Standard,Quarterly,621.11,1.0,Yes
233946.0,43.0,Male,34.0,29.0,4.0,30.0,Premium,Monthly,770.29,17.0,Yes
298686.0,50.0,Female,58.0,10.0,3.0,2.0,Premium,Annual,658.97,11.0,No
254745.0,62.0,Male,45.0,26.0,9.0,4.0,Basic,Quarterly,284.31,4.0,Yes
149663.0,55.0,Male,53.0,5.0,3.0,7.0,Basic,Annual,981.0,28.0,Yes
25097.0,20.0,Male,55.0,11.0,8.0,26.0,Premium,Quarterly,863.0,25.0,Yes
111770.0,55.0,Female,43.0,5.0,2.0,10.0,Standard,Annual,157.0,29.0,Yes
249629.0,38.0,Female,45.0,20.0,1.0,22.0,Basic,Quarterly,321.34,26.0,Yes
52057.0,35.0,Female,57.0,13.0,4.0,12.0,Basic,Annual,964.0,9.0,Yes
60832.0,31.0,Male,13.0,21.0,4.0,17.0,Standard,Quarterly,788.0,15.0,Yes
57568.0,48.0,Male,4.0,18.0,8.0,26.0,Basic,Annual,151.0,5.0,Yes
345677.0,21.0,Male,35.0,24.0,0.0,8.0,Standard,Quarterly,623.29,3.0,No
92474.0,44.0,Female,32.0,25.0,3.0,5.0,Basic,Annual,391.0,6.0,Yes
287526.0,38.0,Female,35.0,28.0,2.0,0.0,Standard,Annual,853.58,10.0,No
128100.0,23.0,Male,48.0,25.0,8.0,21.0,Standard,Annual,827.0,26.0,Yes
280900.0,43.0,Male,59.0,8.0,4.0,10.0,Basic,Quarterly,652.51,14.0,No
448312.0,41.0,Female,38.0,9.0,4.0,11.0,Standard,Annual,852.28,15.0,No
273112.0,22.0,Male,17.0,10.0,1.0,3.0,Basic,Annual,956.15,19.0,No
34041.0,45.0,Male,24.0,3.0,5.0,13.0,Standard,Quarterly,200.0,25.0,Yes
62561.0,39.0,Female,4.0,16.0,8.0,16.0,Standard,Annual,855.0,29.0,Yes
309689.0,28.0,Male,53.0,10.0,1.0,20.0,Standard,Annual,618.8,21.0,No
80697.0,53.0,Male,36.0,27.0,7.0,6.0,Premium,Annual,252.0,3.0,Yes
303015.0,21.0,Male,38.0,27.0,2.0,3.0,Standard,Annual,857.75,19.0,No
201704.0,53.0,Male,1.0,4.0,3.0,0.0,Standard,Monthly,483.0,23.0,Yes
241611.0,50.0,Female,35.0,23.0,0.0,10.0,Basic,Quarterly,278.47,27.0,Yes
383389.0,42.0,Male,36.0,15.0,1.0,20.0,Premium,Annual,551.74,12.0,No
275011.0,29.0,Male,24.0,12.0,0.0,12.0,Basic,Annual,649.5,24.0,No
28243.0,44.0,Female,36.0,25.0,2.0,11.0,Basic,Quarterly,464.0,20.0,Yes
357086.0,35.0,Female,36.0,22.0,2.0,8.0,Standard,Quarterly,984.59,9.0,No
37861.0,51.0,Male,28.0,12.0,5.0,11.0,Standard,Annual,532.0,16.0,Yes
228699.0,31.0,Female,25.0,12.0,10.0,8.0,Premium,Monthly,685.71,17.0,Yes
174737.0,49.0,Female,26.0,3.0,1.0,9.0,Premium,Monthly,996.0,2.0,Yes
401593.0,50.0,Male,35.0,18.0,5.0,16.0,Premium,Annual,965.42,8.0,No
367838.0,34.0,Female,53.0,18.0,0.0,9.0,Premium,Quarterly,997.03,10.0,No
123602.0,58.0,Male,60.0,21.0,2.0,16.0,Basic,Monthly,310.0,12.0,Yes
432682.0,21.0,Male,13.0,14.0,0.0,15.0,Standard,Quarterly,821.89,10.0,No
355035.0,19.0,Female,46.0,7.0,0.0,17.0,Premium,Annual,814.26,9.0,No
365495.0,22.0,Male,9.0,16.0,2.0,4.0,Premium,Quarterly,590.06,24.0,No
297357.0,50.0,Male,51.0,4.0,4.0,18.0,Premium,Quarterly,854.66,19.0,No
444772.0,43.0,Male,58.0,20.0,4.0,16.0,Premium,Annual,735.07,16.0,No
131771.0,44.0,Male,40.0,16.0,8.0,8.0,Standard,Monthly,648.0,3.0,Yes
297197.0,20.0,Female,51.0,9.0,1.0,8.0,Standard,Quarterly,668.04,2.0,No
173473.0,23.0,Male,31.0,15.0,8.0,10.0,Standard,Annual,918.0,10.0,Yes
165017.0,46.0,Male,22.0,26.0,7.0,29.0,Premium,Annual,934.0,17.0,Yes
206872.0,19.0,Male,5.0,29.0,7.0,20.0,Premium,Annual,801.28,16.0,Yes
283776.0,34.0,Female,40.0,10.0,1.0,15.0,Premium,Quarterly,545.05,10.0,No
437727.0,50.0,Male,16.0,22.0,1.0,17.0,Premium,Quarterly,904.44,18.0,No
421175.0,20.0,Female,44.0,27.0,2.0,17.0,Premium,Quarterly,505.82,1.0,No
204197.0,31.0,Male,25.0,20.0,4.0,13.0,Premium,Annual,346.65,23.0,Yes
53536.0,35.0,Male,31.0,20.0,0.0,4.0,Basic,Monthly,310.0,30.0,Yes
443544.0,36.0,Male,50.0,1.0,3.0,13.0,Premium,Annual,814.81,25.0,No
332041.0,26.0,Male,19.0,27.0,2.0,11.0,Basic,Quarterly,962.48,21.0,No
445401.0,34.0,Male,39.0,11.0,2.0,10.0,Basic,Annual,951.06,17.0,No
409370.0,35.0,Male,55.0,28.0,1.0,7.0,Basic,Annual,679.13,19.0,No
257787.0,19.0,Female,25.0,23.0,8.0,15.0,Basic,Monthly,657.25,1.0,Yes
95933.0,48.0,Male,53.0,5.0,2.0,18.0,Basic,Quarterly,339.0,26.0,Yes
298832.0,20.0,Male,28.0,6.0,0.0,16.0,Premium,Quarterly,725.41,17.0,No
125766.0,30.0,Female,51.0,12.0,4.0,6.0,Standard,Annual,217.0,4.0,Yes
213191.0,25.0,Female,37.0,11.0,10.0,2.0,Basic,Quarterly,456.2,7.0,Yes
88689.0,29.0,Male,29.0,30.0,0.0,29.0,Premium,Annual,701.0,14.0,Yes
74686.0,39.0,Male,34.0,18.0,9.0,28.0,Premium,Quarterly,393.0,29.0,Yes
383445.0,21.0,Male,47.0,9.0,0.0,1.0,Basic,Quarterly,741.58,7.0,No
96900.0,63.0,Male,43.0,6.0,8.0,0.0,Standard,Monthly,970.0,14.0,Yes
175426.0,42.0,Female,20.0,14.0,8.0,6.0,Basic,Annual,294.0,28.0,Yes
379253.0,50.0,Female,7.0,16.0,4.0,0.0,Basic,Quarterly,896.44,12.0,No
148707.0,61.0,Female,16.0,28.0,2.0,30.0,Premium,Quarterly,223.0,22.0,Yes
118837.0,33.0,Female,40.0,2.0,5.0,12.0,Basic,Annual,840.0,24.0,Yes
374408.0,30.0,Male,17.0,14.0,3.0,2.0,Standard,Quarterly,613.0,7.0,No
347784.0,23.0,Male,43.0,20.0,0.0,16.0,Premium,Annual,558.26,28.0,No
243933.0,38.0,Male,59.0,13.0,0.0,1.0,Standard,Annual,121.22,11.0,Yes
364180.0,27.0,Female,51.0,14.0,1.0,20.0,Premium,Quarterly,541.33,5.0,No
11949.0,63.0,Male,51.0,25.0,5.0,25.0,Basic,Quarterly,924.0,14.0,Yes
232533.0,26.0,Female,29.0,17.0,8.0,17.0,Premium,Annual,531.22,7.0,Yes
249016.0,51.0,Female,52.0,18.0,5.0,8.0,Premium,Quarterly,783.05,24.0,Yes
369997.0,25.0,Male,31.0,29.0,0.0,13.0,Premium,Quarterly,935.12,8.0,No
323080.0,46.0,Male,39.0,17.0,0.0,16.0,Premium,Quarterly,659.66,29.0,No
335884.0,22.0,Male,44.0,3.0,0.0,6.0,Standard,Annual,579.99,30.0,No
104913.0,26.0,Female,24.0,4.0,10.0,21.0,Premium,Annual,742.0,10.0,Yes
121607.0,28.0,Female,45.0,5.0,5.0,25.0,Premium,Annual,159.0,29.0,Yes
34216.0,50.0,Female,15.0,21.0,10.0,19.0,Standard,Quarterly,904.0,26.0,Yes
341792.0,27.0,Female,40.0,30.0,1.0,14.0,Standard,Quarterly,984.78,6.0,No
65842.0,48.0,Male,28.0,15.0,7.0,9.0,Premium,Monthly,445.0,16.0,Yes
437761.0,45.0,Male,1.0,7.0,4.0,4.0,Standard,Quarterly,972.78,20.0,No
62649.0,25.0,Female,39.0,17.0,8.0,9.0,Standard,Monthly,267.0,3.0,Yes
124526.0,22.0,Male,6.0,11.0,3.0,28.0,Basic,Annual,837.0,20.0,Yes
364426.0,37.0,Female,6.0,25.0,1.0,0.0,Basic,Quarterly,841.89,1.0,No
131950.0,33.0,Male,28.0,18.0,8.0,9.0,Premium,Annual,332.0,10.0,Yes
361672.0,23.0,Male,54.0,25.0,0.0,13.0,Standard,Quarterly,602.41,1.0,No
77275.0,27.0,Female,37.0,12.0,5.0,22.0,Basic,Quarterly,891.0,23.0,Yes
370634.0,38.0,Male,8.0,21.0,1.0,20.0,Basic,Quarterly,768.1,20.0,No
376218.0,44.0,Male,25.0,10.0,3.0,0.0,Basic,Annual,531.66,10.0,No
31285.0,19.0,Female,30.0,8.0,2.0,4.0,Basic,Quarterly,101.0,7.0,Yes
158792.0,52.0,Female,27.0,29.0,8.0,3.0,Basic,Annual,373.0,23.0,Yes
285424.0,40.0,Female,1.0,10.0,0.0,14.0,Standard,Quarterly,761.45,2.0,No
399638.0,19.0,Male,1.0,2.0,1.0,18.0,Premium,Annual,985.02,30.0,No
23626.0,58.0,Male,19.0,21.0,2.0,7.0,Basic,Quarterly,580.0,2.0,Yes
333380.0,50.0,Male,2.0,26.0,4.0,4.0,Standard,Quarterly,746.3,20.0,No
380277.0,34.0,Female,8.0,17.0,2.0,8.0,Basic,Annual,776.59,6.0,No
364131.0,47.0,Male,36.0,21.0,0.0,0.0,Standard,Quarterly,823.37,5.0,No
213276.0,61.0,Female,14.0,16.0,7.0,19.0,Standard,Monthly,839.77,10.0,Yes
419214.0,48.0,Male,40.0,3.0,0.0,3.0,Premium,Quarterly,667.15,4.0,No
14651.0,42.0,Female,23.0,3.0,4.0,19.0,Premium,Quarterly,390.0,18.0,Yes
394110.0,44.0,Female,58.0,26.0,4.0,10.0,Standard,Annual,675.78,2.0,No
439484.0,38.0,Male,30.0,21.0,0.0,9.0,Basic,Quarterly,801.45,5.0,No
161359.0,22.0,Male,44.0,16.0,9.0,26.0,Basic,Monthly,347.0,6.0,Yes
167727.0,35.0,Male,39.0,30.0,3.0,23.0,Standard,Monthly,552.0,13.0,Yes
250247.0,18.0,Male,20.0,8.0,2.0,25.0,Premium,Monthly,676.38,29.0,Yes
88990.0,48.0,Male,8.0,19.0,8.0,16.0,Basic,Monthly,516.0,20.0,Yes
447478.0,35.0,Female,21.0,28.0,2.0,14.0,Standard,Annual,854.1,3.0,No
203609.0,57.0,Female,17.0,20.0,4.0,9.0,Basic,Quarterly,267.0,3.0,Yes
342901.0,23.0,Female,49.0,7.0,2.0,17.0,Standard,Annual,950.05,6.0,No
310805.0,37.0,Female,49.0,22.0,1.0,6.0,Standard,Quarterly,565.75,10.0,No
247173.0,61.0,Male,28.0,5.0,10.0,26.0,Standard,Annual,741.26,13.0,Yes
112133.0,46.0,Male,49.0,3.0,7.0,15.0,Basic,Monthly,857.0,19.0,Yes
51550.0,34.0,Female,51.0,6.0,3.0,26.0,Premium,Monthly,358.0,2.0,Yes
265729.0,39.0,Female,20.0,26.0,3.0,19.0,Standard,Annual,500.24,15.0,No
88338.0,18.0,Female,16.0,4.0,3.0,0.0,Basic,Quarterly,629.0,8.0,Yes
319518.0,26.0,Male,22.0,18.0,0.0,4.0,Standard,Annual,530.36,22.0,No
231686.0,22.0,Female,22.0,20.0,6.0,3.0,Standard,Annual,471.09,3.0,Yes
298101.0,39.0,Male,59.0,25.0,3.0,19.0,Premium,Annual,875.39,14.0,No
42511.0,62.0,Male,39.0,14.0,7.0,23.0,Premium,Monthly,614.0,24.0,Yes
5985.0,46.0,Male,21.0,21.0,6.0,2.0,Standard,Quarterly,778.0,10.0,Yes
79790.0,36.0,Female,25.0,29.0,6.0,12.0,Standard,Annual,443.0,6.0,Yes
271939.0,48.0,Male,56.0,19.0,2.0,20.0,Premium,Annual,977.94,11.0,No
339122.0,31.0,Male,24.0,27.0,3.0,0.0,Premium,Annual,808.19,9.0,No
288681.0,32.0,Male,4.0,18.0,1.0,4.0,Premium,Quarterly,971.37,25.0,No
10408.0,41.0,Male,29.0,19.0,5.0,8.0,Premium,Quarterly,932.0,14.0,Yes
119435.0,46.0,Female,14.0,27.0,3.0,10.0,Premium,Quarterly,539.0,18.0,Yes
101743.0,60.0,Female,3.0,20.0,5.0,8.0,Premium,Quarterly,326.0,20.0,Yes
165746.0,25.0,Male,47.0,6.0,7.0,2.0,Premium,Monthly,525.0,29.0,Yes
343184.0,28.0,Female,25.0,29.0,2.0,20.0,Premium,Annual,803.6,13.0,No
120713.0,35.0,Female,45.0,21.0,9.0,24.0,Basic,Annual,863.0,10.0,Yes
176420.0,64.0,Male,50.0,25.0,7.0,23.0,Premium,Quarterly,916.0,15.0,Yes
218725.0,38.0,Female,47.0,6.0,0.0,28.0,Basic,Quarterly,920.76,24.0,Yes
288289.0,44.0,Female,28.0,22.0,4.0,15.0,Standard,Quarterly,924.92,6.0,No
410857.0,29.0,Male,29.0,15.0,1.0,14.0,Basic,Annual,767.51,18.0,No
305526.0,31.0,Female,45.0,12.0,1.0,1.0,Basic,Annual,629.12,11.0,No
360100.0,27.0,Male,10.0,17.0,2.0,9.0,Basic,Quarterly,557.33,14.0,No
441597.0,42.0,Female,9.0,26.0,4.0,8.0,Basic,Quarterly,769.45,10.0,No
169263.0,56.0,Male,49.0,14.0,6.0,23.0,Premium,Annual,745.0,8.0,Yes
8540.0,46.0,Female,54.0,7.0,6.0,9.0,Premium,Quarterly,593.0,9.0,Yes
162209.0,54.0,Female,6.0,2.0,9.0,13.0,Premium,Monthly,257.0,23.0,Yes
159853.0,18.0,Male,49.0,5.0,5.0,17.0,Premium,Monthly,986.0,14.0,Yes
37587.0,23.0,Female,29.0,21.0,2.0,10.0,Basic,Quarterly,150.0,21.0,Yes
309854.0,22.0,Male,3.0,27.0,2.0,1.0,Standard,Annual,520.89,4.0,No
425601.0,33.0,Male,27.0,5.0,3.0,5.0,Standard,Annual,720.05,1.0,No
411651.0,24.0,Female,15.0,24.0,0.0,0.0,Premium,Quarterly,799.4,14.0,No
337669.0,25.0,Male,45.0,27.0,0.0,7.0,Basic,Annual,568.57,8.0,No
333714.0,19.0,Male,59.0,10.0,1.0,6.0,Basic,Quarterly,857.7,21.0,No
415433.0,34.0,Female,15.0,21.0,1.0,16.0,Premium,Quarterly,677.71,2.0,No
293258.0,45.0,Female,3.0,14.0,1.0,10.0,Premium,Annual,802.39,7.0,No
152225.0,43.0,Male,31.0,20.0,7.0,4.0,Premium,Monthly,968.0,6.0,Yes
99230.0,31.0,Female,39.0,29.0,3.0,29.0,Basic,Monthly,565.0,22.0,Yes
241583.0,19.0,Male,49.0,26.0,8.0,6.0,Basic,Monthly,629.06,28.0,Yes
436360.0,43.0,Female,8.0,3.0,2.0,0.0,Premium,Annual,596.29,3.0,No
229047.0,60.0,Female,51.0,12.0,3.0,0.0,Standard,Quarterly,548.4,28.0,Yes
196578.0,57.0,Male,23.0,9.0,0.0,18.0,Basic,Annual,405.0,24.0,Yes
315272.0,49.0,Female,21.0,30.0,0.0,13.0,Basic,Annual,618.3,1.0,No
21366.0,33.0,Female,17.0,3.0,3.0,23.0,Standard,Annual,784.0,12.0,Yes
280683.0,47.0,Male,7.0,3.0,4.0,8.0,Basic,Quarterly,676.15,6.0,No
268135.0,49.0,Female,30.0,30.0,4.0,19.0,Premium,Annual,505.28,1.0,No
330012.0,27.0,Male,7.0,7.0,1.0,3.0,Standard,Annual,697.98,29.0,No
370801.0,50.0,Male,4.0,16.0,2.0,10.0,Premium,Quarterly,756.2,28.0,No
361796.0,40.0,Female,3.0,27.0,2.0,13.0,Premium,Annual,657.95,13.0,No
329684.0,47.0,Male,54.0,28.0,3.0,7.0,Premium,Quarterly,582.11,19.0,No
368891.0,45.0,Female,24.0,26.0,3.0,6.0,Basic,Annual,888.45,14.0,No
305237.0,39.0,Male,27.0,30.0,3.0,2.0,Standard,Quarterly,830.38,15.0,No
154735.0,31.0,Female,30.0,21.0,8.0,5.0,Premium,Annual,606.0,26.0,Yes
396974.0,25.0,Female,17.0,10.0,2.0,10.0,Premium,Annual,688.43,5.0,No
262512.0,23.0,Male,10.0,13.0,1.0,9.0,Basic,Quarterly,918.21,26.0,No
222699.0,36.0,Male,57.0,25.0,10.0,1.0,Standard,Monthly,769.59,7.0,Yes
185495.0,48.0,Male,41.0,2.0,6.0,22.0,Standard,Quarterly,404.0,20.0,Yes
261197.0,43.0,Female,60.0,17.0,1.0,19.0,Premium,Annual,927.04,3.0,No
311065.0,50.0,Male,55.0,27.0,2.0,2.0,Premium,Quarterly,688.7,9.0,No
177518.0,45.0,Male,25.0,28.0,3.0,3.0,Basic,Quarterly,501.0,18.0,No
283007.0,44.0,Male,51.0,20.0,1.0,19.0,Standard,Annual,814.62,6.0,No
48691.0,54.0,Female,43.0,18.0,8.0,20.0,Premium,Annual,400.0,28.0,Yes
394034.0,32.0,Female,24.0,14.0,0.0,3.0,Standard,Annual,744.71,15.0,No
301949.0,39.0,Male,9.0,8.0,0.0,4.0,Standard,Annual,730.87,25.0,No
350100.0,48.0,Male,57.0,20.0,1.0,8.0,Basic,Annual,785.44,15.0,No
380490.0,18.0,Male,43.0,30.0,0.0,7.0,Basic,Quarterly,587.06,8.0,No
292287.0,50.0,Male,27.0,5.0,1.0,10.0,Premium,Quarterly,762.27,26.0,No
223288.0,62.0,Male,29.0,9.0,6.0,1.0,Basic,Quarterly,294.64,26.0,Yes
294651.0,27.0,Female,29.0,11.0,2.0,9.0,Standard,Quarterly,716.5,8.0,No
404510.0,45.0,Male,33.0,9.0,3.0,1.0,Standard,Quarterly,841.14,22.0,No
262411.0,29.0,Male,19.0,20.0,1.0,15.0,Standard,Quarterly,546.15,1.0,No
320189.0,42.0,Male,29.0,3.0,1.0,13.0,Standard,Quarterly,832.37,20.0,No
145076.0,37.0,Male,41.0,20.0,10.0,3.0,Basic,Annual,677.0,29.0,Yes
112880.0,59.0,Male,33.0,10.0,7.0,26.0,Basic,Monthly,820.0,21.0,Yes
93320.0,19.0,Male,4.0,9.0,0.0,7.0,Premium,Monthly,955.0,30.0,Yes
336342.0,33.0,Male,8.0,24.0,2.0,1.0,Basic,Quarterly,914.59,18.0,No
432692.0,41.0,Male,1.0,11.0,2.0,1.0,Standard,Quarterly,603.89,10.0,No
197991.0,59.0,Female,29.0,23.0,9.0,10.0,Standard,Quarterly,631.0,6.0,Yes
266101.0,47.0,Male,20.0,26.0,2.0,9.0,Standard,Quarterly,517.57,16.0,No
11951.0,32.0,Male,25.0,2.0,1.0,13.0,Premium,Annual,537.0,5.0,No
299632.0,47.0,Male,28.0,6.0,4.0,7.0,Premium,Annual,720.8,16.0,No
195792.0,19.0,Male,25.0,27.0,4.0,25.0,Standard,Quarterly,391.0,3.0,Yes
394255.0,39.0,Male,34.0,13.0,2.0,6.0,Standard,Annual,974.53,14.0,No
19869.0,58.0,Female,40.0,26.0,10.0,22.0,Basic,Annual,983.0,26.0,Yes
285295.0,49.0,Female,9.0,24.0,0.0,8.0,Basic,Annual,877.5,1.0,No
408793.0,37.0,Male,9.0,14.0,2.0,18.0,Basic,Annual,725.49,4.0,No
437426.0,47.0,Female,11.0,27.0,4.0,3.0,Premium,Annual,663.0,1.0,No
354013.0,43.0,Male,6.0,3.0,3.0,10.0,Basic,Quarterly,971.51,10.0,No
53506.0,65.0,Female,47.0,2.0,4.0,21.0,Standard,Annual,655.0,7.0,Yes
311113.0,36.0,Male,8.0,17.0,1.0,6.0,Standard,Quarterly,694.82,7.0,No
227383.0,57.0,Male,46.0,30.0,10.0,22.0,Basic,Quarterly,651.31,20.0,Yes
7640.0,24.0,Female,32.0,26.0,8.0,8.0,Standard,Quarterly,555.0,2.0,Yes
124124.0,38.0,Female,53.0,19.0,0.0,4.0,Standard,Quarterly,711.0,21.0,Yes
302168.0,45.0,Female,28.0,18.0,3.0,12.0,Basic,Annual,627.88,11.0,No
312409.0,50.0,Male,22.0,15.0,5.0,13.0,Standard,Quarterly,995.71,10.0,No
194527.0,50.0,Female,2.0,16.0,4.0,19.0,Basic,Monthly,579.0,29.0,Yes
283783.0,41.0,Female,54.0,28.0,1.0,10.0,Standard,Quarterly,866.78,1.0,No
349310.0,28.0,Male,6.0,20.0,1.0,12.0,Basic,Quarterly,865.91,17.0,No
391222.0,21.0,Male,45.0,2.0,0.0,19.0,Standard,Annual,506.52,13.0,No
69630.0,63.0,Female,14.0,20.0,2.0,20.0,Premium,Annual,498.0,28.0,Yes
61395.0,33.0,Male,59.0,20.0,4.0,25.0,Premium,Annual,543.0,16.0,Yes
53387.0,29.0,Female,58.0,29.0,4.0,18.0,Premium,Quarterly,789.0,29.0,Yes
32608.0,24.0,Male,21.0,27.0,0.0,6.0,Premium,Monthly,454.0,24.0,Yes
280868.0,25.0,Male,28.0,29.0,1.0,15.0,Standard,Quarterly,910.62,28.0,No
19987.0,64.0,Female,15.0,8.0,10.0,22.0,Basic,Annual,800.0,5.0,Yes
389356.0,39.0,Male,3.0,8.0,2.0,12.0,Standard,Quarterly,760.83,8.0,No
227166.0,57.0,Male,46.0,7.0,1.0,8.0,Premium,Annual,335.14,6.0,Yes
329273.0,23.0,Male,50.0,4.0,1.0,3.0,Standard,Annual,996.45,16.0,No
136280.0,34.0,Female,35.0,20.0,6.0,24.0,Standard,Monthly,564.0,17.0,Yes
68251.0,20.0,Male,44.0,17.0,3.0,1.0,Standard,Annual,713.0,26.0,Yes
246305.0,22.0,Male,57.0,27.0,7.0,25.0,Standard,Monthly,127.58,17.0,Yes
254307.0,41.0,Female,50.0,9.0,5.0,3.0,Basic,Quarterly,942.13,16.0,Yes
335916.0,41.0,Female,26.0,18.0,0.0,3.0,Premium,Annual,981.21,10.0,No
63979.0,52.0,Male,3.0,7.0,2.0,3.0,Basic,Quarterly,288.0,1.0,Yes
131831.0,25.0,Male,28.0,9.0,10.0,23.0,Standard,Quarterly,601.0,18.0,Yes
118936.0,39.0,Female,12.0,20.0,3.0,12.0,Basic,Monthly,653.0,18.0,Yes
163639.0,41.0,Male,49.0,29.0,8.0,13.0,Basic,Quarterly,644.0,19.0,Yes
137903.0,62.0,Female,15.0,18.0,6.0,17.0,Premium,Quarterly,494.0,24.0,Yes
196849.0,24.0,Male,8.0,21.0,9.0,11.0,Premium,Monthly,246.0,26.0,Yes
293206.0,43.0,Male,28.0,21.0,2.0,17.0,Standard,Annual,940.76,10.0,No
33443.0,24.0,Female,36.0,23.0,0.0,23.0,Premium,Quarterly,307.0,22.0,Yes
111030.0,38.0,Male,23.0,4.0,8.0,4.0,Basic,Monthly,844.0,4.0,Yes
352712.0,35.0,Female,9.0,2.0,1.0,4.0,Basic,Annual,857.29,5.0,No
119047.0,18.0,Male,31.0,27.0,8.0,13.0,Standard,Quarterly,929.0,30.0,Yes
208966.0,51.0,Male,3.0,19.0,0.0,22.0,Basic,Quarterly,171.48,20.0,Yes
323019.0,21.0,Male,11.0,26.0,1.0,15.0,Standard,Quarterly,798.84,4.0,No
343111.0,21.0,Female,24.0,22.0,1.0,12.0,Basic,Annual,575.5,2.0,No
191626.0,64.0,Female,19.0,23.0,2.0,13.0,Basic,Annual,564.0,23.0,Yes
353860.0,44.0,Female,18.0,20.0,0.0,0.0,Premium,Annual,634.79,5.0,No
15598.0,48.0,Female,53.0,25.0,7.0,7.0,Premium,Annual,487.0,7.0,Yes
130537.0,50.0,Male,27.0,28.0,2.0,27.0,Premium,Monthly,626.0,18.0,Yes
162026.0,37.0,Female,42.0,21.0,9.0,8.0,Premium,Monthly,225.0,4.0,Yes
439974.0,38.0,Female,43.0,24.0,2.0,11.0,Basic,Annual,811.46,7.0,No
123794.0,34.0,Male,25.0,2.0,4.0,24.0,Standard,Annual,969.0,30.0,Yes
332252.0,38.0,Male,53.0,19.0,0.0,3.0,Standard,Annual,555.38,28.0,No
132411.0,50.0,Female,21.0,18.0,8.0,9.0,Premium,Annual,328.0,15.0,Yes
88988.0,32.0,Female,47.0,13.0,1.0,15.0,Premium,Quarterly,254.0,25.0,Yes
260034.0,48.0,Female,28.0,5.0,3.0,16.0,Premium,Annual,611.27,7.0,No
242860.0,41.0,Female,21.0,25.0,8.0,25.0,Standard,Monthly,822.17,26.0,Yes
158688.0,28.0,Female,34.0,30.0,1.0,10.0,Premium,Monthly,321.0,1.0,Yes
380308.0,28.0,Male,55.0,3.0,1.0,15.0,Basic,Quarterly,846.99,28.0,No
373593.0,47.0,Female,34.0,8.0,2.0,5.0,Premium,Quarterly,738.66,13.0,No
428857.0,26.0,Male,4.0,27.0,2.0,7.0,Premium,Quarterly,718.29,19.0,No
29212.0,22.0,Female,5.0,25.0,9.0,10.0,Premium,Quarterly,415.0,9.0,Yes
155707.0,27.0,Male,27.0,1.0,7.0,14.0,Standard,Quarterly,679.0,10.0,Yes
104887.0,34.0,Female,32.0,2.0,4.0,18.0,Standard,Quarterly,536.0,25.0,Yes
224238.0,38.0,Male,30.0,30.0,7.0,23.0,Standard,Annual,124.38,21.0,Yes
356081.0,48.0,Female,46.0,26.0,2.0,7.0,Standard,Annual,795.75,3.0,No
209034.0,55.0,Male,41.0,29.0,5.0,15.0,Standard,Monthly,807.34,25.0,Yes
304290.0,31.0,Male,55.0,1.0,3.0,8.0,Premium,Quarterly,959.34,28.0,No
298906.0,28.0,Female,31.0,21.0,1.0,4.0,Basic,Annual,764.27,14.0,No
225925.0,45.0,Male,23.0,18.0,8.0,13.0,Premium,Annual,992.86,21.0,Yes
49158.0,58.0,Female,23.0,5.0,1.0,10.0,Premium,Quarterly,423.0,13.0,Yes
353741.0,36.0,Male,10.0,6.0,2.0,9.0,Basic,Annual,739.51,4.0,No
30702.0,59.0,Male,49.0,24.0,4.0,7.0,Basic,Monthly,702.0,25.0,Yes
236555.0,62.0,Female,45.0,1.0,9.0,5.0,Basic,Quarterly,472.46,21.0,Yes
241668.0,25.0,Male,27.0,9.0,2.0,28.0,Standard,Quarterly,974.64,6.0,Yes
117740.0,18.0,Female,60.0,20.0,4.0,1.0,Basic,Quarterly,720.0,6.0,Yes
193907.0,28.0,Male,43.0,11.0,0.0,11.0,Premium,Monthly,431.0,26.0,Yes
247971.0,26.0,Male,47.0,8.0,8.0,18.0,Premium,Quarterly,689.52,5.0,Yes
399045.0,27.0,Male,5.0,19.0,0.0,5.0,Premium,Annual,980.5,14.0,No
435451.0,29.0,Male,32.0,29.0,2.0,16.0,Standard,Quarterly,639.08,27.0,No
57106.0,29.0,Male,20.0,20.0,6.0,4.0,Basic,Monthly,373.0,4.0,Yes
172709.0,56.0,Male,52.0,8.0,8.0,21.0,Standard,Annual,853.0,13.0,Yes
354482.0,30.0,Male,26.0,26.0,0.0,5.0,Standard,Quarterly,757.11,22.0,No
305030.0,42.0,Female,41.0,12.0,1.0,14.0,Premium,Annual,561.6,10.0,No
431938.0,28.0,Female,29.0,4.0,0.0,14.0,Premium,Quarterly,937.73,2.0,No
385329.0,26.0,Male,4.0,16.0,0.0,17.0,Standard,Quarterly,649.37,10.0,No
141091.0,36.0,Female,15.0,18.0,3.0,19.0,Standard,Quarterly,749.0,28.0,Yes
438000.0,43.0,Male,59.0,8.0,1.0,16.0,Standard,Annual,518.22,12.0,No
262559.0,31.0,Male,5.0,28.0,2.0,3.0,Premium,Annual,809.19,22.0,No
312381.0,30.0,Male,14.0,20.0,2.0,6.0,Premium,Annual,753.73,6.0,No
15377.0,55.0,Female,10.0,12.0,8.0,22.0,Premium,Monthly,688.0,2.0,Yes
247409.0,55.0,Male,27.0,26.0,5.0,29.0,Basic,Quarterly,845.38,27.0,Yes
5689.0,35.0,Male,60.0,30.0,9.0,2.0,Basic,Monthly,852.0,2.0,Yes
177085.0,18.0,Female,30.0,6.0,6.0,2.0,Premium,Quarterly,733.0,28.0,Yes
427585.0,37.0,Male,17.0,27.0,0.0,14.0,Premium,Annual,851.04,21.0,No
209165.0,20.0,Male,34.0,27.0,7.0,23.0,Basic,Quarterly,489.38,26.0,Yes
198734.0,27.0,Female,50.0,30.0,7.0,19.0,Standard,Quarterly,729.0,13.0,Yes
6128.0,55.0,Female,60.0,13.0,9.0,11.0,Premium,Quarterly,151.0,23.0,Yes
212139.0,32.0,Female,44.0,3.0,6.0,0.0,Standard,Monthly,228.73,23.0,Yes
337250.0,39.0,Male,5.0,17.0,1.0,19.0,Premium,Quarterly,742.37,17.0,No
129526.0,59.0,Male,10.0,19.0,7.0,20.0,Basic,Annual,782.0,17.0,Yes
165374.0,65.0,Male,49.0,9.0,1.0,11.0,Standard,Monthly,161.0,10.0,Yes
35410.0,46.0,Male,40.0,12.0,1.0,18.0,Standard,Monthly,148.0,4.0,Yes
82583.0,54.0,Female,1.0,21.0,8.0,14.0,Standard,Quarterly,353.0,23.0,Yes
177064.0,50.0,Female,46.0,2.0,0.0,26.0,Basic,Monthly,177.0,19.0,Yes
78685.0,35.0,Female,50.0,8.0,6.0,15.0,Basic,Annual,102.0,7.0,Yes
65229.0,34.0,Male,60.0,15.0,2.0,30.0,Standard,Quarterly,231.0,28.0,Yes
357961.0,47.0,Male,47.0,18.0,2.0,12.0,Standard,Quarterly,751.96,21.0,No
70683.0,63.0,Male,17.0,10.0,8.0,17.0,Basic,Quarterly,135.0,10.0,Yes
77701.0,18.0,Female,23.0,5.0,4.0,25.0,Basic,Monthly,659.0,11.0,Yes
273649.0,30.0,Male,32.0,28.0,2.0,8.0,Standard,Quarterly,632.13,6.0,No
163296.0,22.0,Female,11.0,10.0,4.0,26.0,Premium,Monthly,118.0,11.0,Yes
47550.0,40.0,Female,9.0,29.0,9.0,12.0,Standard,Annual,485.0,6.0,Yes
333020.0,37.0,Male,24.0,28.0,2.0,10.0,Premium,Quarterly,528.52,1.0,No
68181.0,49.0,Male,7.0,12.0,10.0,1.0,Premium,Monthly,597.0,14.0,Yes
397344.0,20.0,Male,54.0,29.0,1.0,3.0,Basic,Quarterly,873.82,24.0,No
424123.0,25.0,Female,31.0,12.0,1.0,7.0,Premium,Annual,690.93,8.0,No
443448.0,35.0,Male,38.0,24.0,1.0,15.0,Standard,Annual,769.16,15.0,No
86010.0,25.0,Female,27.0,23.0,2.0,25.0,Standard,Monthly,642.0,19.0,Yes
214966.0,50.0,Male,11.0,20.0,4.0,22.0,Standard,Annual,510.5,19.0,Yes
376989.0,29.0,Female,41.0,23.0,0.0,11.0,Standard,Annual,827.2,4.0,No
399803.0,27.0,Male,39.0,9.0,0.0,6.0,Basic,Quarterly,603.16,24.0,No
103754.0,39.0,Male,49.0,13.0,4.0,12.0,Standard,Quarterly,236.0,27.0,Yes
285560.0,22.0,Male,2.0,9.0,1.0,18.0,Standard,Annual,848.64,27.0,No
111228.0,23.0,Male,37.0,9.0,6.0,5.0,Basic,Annual,881.0,23.0,Yes
31762.0,47.0,Female,48.0,11.0,1.0,15.0,Premium,Quarterly,561.0,29.0,Yes
414948.0,34.0,Male,46.0,24.0,3.0,15.0,Standard,Quarterly,507.54,19.0,No
172245.0,28.0,Female,48.0,21.0,7.0,8.0,Premium,Quarterly,774.0,11.0,Yes
347568.0,38.0,Male,10.0,16.0,3.0,20.0,Premium,Quarterly,519.29,12.0,No
271380.0,33.0,Male,30.0,12.0,0.0,5.0,Basic,Annual,905.44,9.0,No
124956.0,37.0,Female,36.0,28.0,9.0,9.0,Premium,Monthly,261.0,20.0,Yes
236877.0,62.0,Male,60.0,3.0,10.0,0.0,Premium,Annual,229.8,19.0,Yes
352592.0,47.0,Male,5.0,24.0,2.0,18.0,Premium,Annual,576.35,8.0,No
108483.0,53.0,Female,26.0,11.0,4.0,23.0,Basic,Quarterly,813.0,23.0,Yes
48702.0,44.0,Female,45.0,22.0,6.0,27.0,Standard,Monthly,894.0,22.0,Yes
354644.0,40.0,Female,42.0,24.0,2.0,2.0,Premium,Quarterly,560.0,11.0,No
395422.0,22.0,Female,46.0,2.0,1.0,20.0,Standard,Quarterly,612.56,14.0,No
231911.0,64.0,Male,49.0,23.0,2.0,23.0,Standard,Monthly,499.68,13.0,Yes
378784.0,31.0,Male,13.0,17.0,3.0,19.0,Basic,Annual,560.29,28.0,No
216223.0,45.0,Male,28.0,20.0,8.0,10.0,Premium,Quarterly,995.85,1.0,Yes
291403.0,43.0,Female,31.0,20.0,4.0,4.0,Premium,Annual,959.7,7.0,No
139666.0,20.0,Male,26.0,12.0,7.0,22.0,Standard,Annual,262.0,25.0,Yes
253008.0,46.0,Male,60.0,13.0,7.0,18.0,Basic,Annual,751.47,28.0,Yes
298066.0,30.0,Male,53.0,29.0,2.0,8.0,Basic,Quarterly,640.81,9.0,No
253058.0,29.0,Female,21.0,23.0,2.0,21.0,Premium,Monthly,805.62,26.0,Yes
274576.0,38.0,Male,48.0,30.0,2.0,0.0,Premium,Annual,800.41,17.0,No
107036.0,50.0,Female,9.0,5.0,5.0,6.0,Standard,Monthly,164.0,5.0,Yes
229051.0,41.0,Male,45.0,24.0,7.0,16.0,Standard,Monthly,736.86,4.0,Yes
369746.0,49.0,Male,53.0,5.0,1.0,8.0,Basic,Annual,683.92,4.0,No
430429.0,47.0,Male,22.0,14.0,4.0,8.0,Basic,Annual,936.43,30.0,No
199709.0,32.0,Male,54.0,14.0,10.0,19.0,Premium,Annual,341.0,24.0,Yes
145764.0,39.0,Female,19.0,4.0,7.0,27.0,Basic,Annual,485.0,29.0,Yes
205637.0,38.0,Male,40.0,20.0,0.0,30.0,Basic,Quarterly,490.39,1.0,Yes
44321.0,51.0,Female,60.0,3.0,9.0,2.0,Premium,Annual,600.0,21.0,Yes
97632.0,22.0,Male,1.0,16.0,7.0,23.0,Basic,Monthly,726.0,3.0,Yes
382625.0,41.0,Male,9.0,25.0,1.0,13.0,Premium,Annual,862.94,18.0,No
147749.0,36.0,Male,38.0,5.0,4.0,12.0,Premium,Quarterly,108.0,11.0,Yes
211213.0,39.0,Male,14.0,20.0,0.0,1.0,Premium,Monthly,871.58,3.0,Yes
382141.0,33.0,Male,52.0,30.0,2.0,11.0,Basic,Quarterly,772.21,9.0,No
367994.0,44.0,Male,59.0,27.0,1.0,2.0,Standard,Annual,892.65,5.0,No
364051.0,20.0,Male,9.0,17.0,1.0,14.0,Premium,Quarterly,944.56,19.0,No
165800.0,59.0,Female,17.0,12.0,2.0,3.0,Standard,Annual,203.0,4.0,Yes
213723.0,61.0,Female,32.0,11.0,1.0,9.0,Standard,Monthly,653.12,8.0,Yes
271416.0,37.0,Female,46.0,26.0,3.0,17.0,Premium,Annual,652.84,4.0,No
347586.0,46.0,Male,58.0,22.0,3.0,5.0,Premium,Annual,543.14,2.0,No
350633.0,24.0,Male,10.0,9.0,0.0,16.0,Basic,Annual,503.79,19.0,No
28665.0,63.0,Male,26.0,30.0,3.0,23.0,Basic,Annual,706.0,12.0,Yes
47959.0,47.0,Male,26.0,11.0,5.0,17.0,Premium,Quarterly,497.0,18.0,Yes
228080.0,18.0,Female,49.0,26.0,3.0,15.0,Basic,Quarterly,819.74,30.0,Yes
343685.0,36.0,Female,1.0,17.0,1.0,3.0,Standard,Annual,706.92,10.0,No
299928.0,37.0,Male,24.0,29.0,1.0,10.0,Basic,Annual,642.89,6.0,No
142481.0,45.0,Male,11.0,6.0,3.0,1.0,Standard,Annual,269.0,23.0,Yes
306657.0,26.0,Male,48.0,21.0,0.0,16.0,Basic,Annual,716.58,3.0,No
378717.0,28.0,Male,40.0,11.0,0.0,9.0,Basic,Quarterly,808.01,24.0,No
421792.0,45.0,Male,36.0,11.0,1.0,17.0,Basic,Annual,665.69,16.0,No
252211.0,40.0,Male,23.0,10.0,6.0,16.0,Basic,Annual,317.01,18.0,Yes
330666.0,45.0,Female,59.0,2.0,2.0,11.0,Basic,Quarterly,646.58,8.0,No
434526.0,43.0,Male,4.0,18.0,1.0,11.0,Standard,Quarterly,991.88,30.0,No
180516.0,60.0,Male,49.0,26.0,9.0,24.0,Basic,Monthly,400.0,24.0,Yes
125540.0,39.0,Female,59.0,3.0,6.0,24.0,Premium,Annual,927.0,25.0,Yes
291782.0,19.0,Male,8.0,10.0,0.0,0.0,Premium,Quarterly,723.85,8.0,No
295500.0,20.0,Male,53.0,6.0,0.0,0.0,Basic,Annual,621.45,11.0,No
218160.0,24.0,Female,27.0,1.0,10.0,29.0,Standard,Annual,723.88,24.0,Yes
265151.0,32.0,Female,33.0,12.0,0.0,8.0,Basic,Annual,537.52,15.0,No
192797.0,18.0,Male,8.0,1.0,7.0,20.0,Basic,Monthly,436.0,28.0,Yes
261665.0,21.0,Male,5.0,25.0,0.0,6.0,Standard,Quarterly,528.2,10.0,No
166547.0,50.0,Male,34.0,24.0,6.0,21.0,Standard,Annual,380.0,16.0,Yes
172186.0,20.0,Female,53.0,8.0,2.0,9.0,Premium,Annual,710.0,2.0,No
108479.0,61.0,Male,3.0,17.0,8.0,7.0,Standard,Annual,485.0,11.0,Yes
93504.0,41.0,Male,18.0,22.0,10.0,27.0,Basic,Annual,912.0,8.0,Yes
22708.0,34.0,Male,13.0,12.0,7.0,11.0,Basic,Monthly,167.0,1.0,Yes
109869.0,20.0,Male,29.0,24.0,6.0,10.0,Basic,Quarterly,423.0,14.0,Yes
259179.0,38.0,Male,32.0,19.0,9.0,22.0,Standard,Quarterly,606.73,16.0,Yes
408837.0,25.0,Male,35.0,27.0,1.0,12.0,Premium,Annual,502.32,25.0,No
29758.0,45.0,Male,16.0,22.0,4.0,20.0,Premium,Quarterly,627.0,19.0,No
78135.0,63.0,Male,44.0,7.0,2.0,15.0,Basic,Annual,144.0,3.0,Yes
385844.0,36.0,Male,53.0,20.0,2.0,10.0,Standard,Annual,983.07,1.0,No
164444.0,30.0,Female,23.0,8.0,6.0,19.0,Standard,Annual,415.0,4.0,Yes
169401.0,31.0,Female,19.0,13.0,2.0,4.0,Premium,Annual,768.0,26.0,Yes
334779.0,47.0,Female,58.0,15.0,0.0,4.0,Basic,Annual,510.58,9.0,No
137877.0,24.0,Female,38.0,6.0,8.0,0.0,Standard,Annual,972.0,29.0,Yes
58333.0,20.0,Female,49.0,9.0,6.0,21.0,Premium,Monthly,897.0,30.0,Yes
352308.0,47.0,Male,34.0,9.0,2.0,13.0,Standard,Annual,507.66,11.0,No
291546.0,47.0,Male,23.0,20.0,1.0,20.0,Standard,Annual,817.16,30.0,No
147174.0,52.0,Male,22.0,30.0,9.0,25.0,Standard,Annual,286.0,9.0,Yes
288165.0,36.0,Male,28.0,24.0,1.0,10.0,Basic,Annual,898.9,10.0,No
182904.0,29.0,Female,1.0,7.0,8.0,13.0,Standard,Annual,511.0,10.0,Yes
181132.0,28.0,Male,39.0,15.0,1.0,22.0,Premium,Quarterly,785.0,10.0,Yes
197151.0,35.0,Female,15.0,14.0,8.0,20.0,Standard,Monthly,539.0,22.0,Yes
367267.0,48.0,Male,18.0,25.0,1.0,17.0,Basic,Quarterly,820.24,13.0,No
170267.0,37.0,Male,7.0,30.0,3.0,3.0,Basic,Annual,892.0,11.0,No
348869.0,46.0,Female,44.0,14.0,2.0,9.0,Premium,Annual,785.18,15.0,No
305395.0,29.0,Male,34.0,30.0,1.0,8.0,Premium,Annual,978.73,30.0,No
315545.0,40.0,Male,57.0,29.0,0.0,4.0,Standard,Quarterly,526.51,30.0,No
367016.0,41.0,Female,46.0,13.0,2.0,19.0,Standard,Quarterly,843.79,15.0,No
435317.0,42.0,Male,40.0,23.0,3.0,7.0,Premium,Quarterly,933.25,12.0,No
274761.0,30.0,Female,1.0,1.0,1.0,9.0,Premium,Annual,812.78,14.0,No
142840.0,63.0,Female,4.0,17.0,5.0,25.0,Standard,Annual,532.0,17.0,Yes
36267.0,56.0,Male,3.0,26.0,2.0,7.0,Basic,Monthly,685.0,15.0,Yes
252679.0,57.0,Female,29.0,19.0,2.0,19.0,Standard,Annual,629.74,17.0,Yes
252057.0,59.0,Male,52.0,30.0,8.0,15.0,Premium,Annual,823.55,29.0,Yes
259521.0,65.0,Male,17.0,13.0,8.0,11.0,Basic,Annual,392.9,9.0,Yes
27013.0,56.0,Male,12.0,10.0,9.0,27.0,Basic,Quarterly,124.0,29.0,Yes
23646.0,45.0,Female,3.0,3.0,6.0,6.0,Basic,Annual,747.0,19.0,Yes
363377.0,43.0,Male,52.0,11.0,4.0,6.0,Basic,Annual,967.45,18.0,No
350260.0,49.0,Male,1.0,2.0,4.0,15.0,Standard,Quarterly,573.78,22.0,No
210126.0,33.0,Male,44.0,20.0,1.0,20.0,Basic,Monthly,290.84,6.0,Yes
238420.0,48.0,Male,43.0,23.0,5.0,1.0,Standard,Monthly,557.6,17.0,Yes
152237.0,59.0,Male,2.0,19.0,7.0,14.0,Standard,Quarterly,194.0,4.0,Yes
134844.0,59.0,Male,45.0,17.0,5.0,12.0,Basic,Quarterly,287.0,7.0,Yes
414968.0,37.0,Male,23.0,15.0,1.0,10.0,Basic,Quarterly,541.22,4.0,No
185342.0,24.0,Male,49.0,21.0,1.0,11.0,Premium,Quarterly,243.0,18.0,Yes
256665.0,30.0,Female,13.0,23.0,1.0,8.0,Standard,Quarterly,338.59,7.0,Yes
192153.0,55.0,Female,38.0,26.0,2.0,1.0,Standard,Quarterly,663.0,18.0,Yes
162798.0,32.0,Female,32.0,11.0,1.0,27.0,Basic,Quarterly,562.0,1.0,Yes
265113.0,21.0,Female,40.0,10.0,1.0,9.0,Premium,Annual,761.43,7.0,No
83313.0,48.0,Male,35.0,3.0,2.0,12.0,Premium,Quarterly,274.0,17.0,Yes
953.0,56.0,Female,12.0,24.0,6.0,23.0,Standard,Annual,553.0,13.0,Yes
32485.0,24.0,Female,48.0,1.0,5.0,24.0,Premium,Quarterly,723.0,16.0,Yes
241252.0,35.0,Female,36.0,25.0,6.0,9.0,Standard,Quarterly,621.53,29.0,Yes
323417.0,29.0,Female,46.0,10.0,1.0,17.0,Premium,Quarterly,703.55,15.0,No
198659.0,47.0,Female,4.0,22.0,3.0,8.0,Premium,Monthly,683.0,12.0,Yes
122843.0,47.0,Female,44.0,9.0,2.0,23.0,Premium,Monthly,413.0,27.0,Yes
211655.0,53.0,Male,31.0,7.0,8.0,11.0,Premium,Monthly,927.46,17.0,Yes
90533.0,22.0,Male,28.0,18.0,8.0,23.0,Standard,Annual,504.0,18.0,Yes
112904.0,31.0,Male,40.0,5.0,10.0,25.0,Standard,Annual,791.0,17.0,Yes
93755.0,21.0,Male,27.0,17.0,4.0,5.0,Premium,Quarterly,861.0,25.0,Yes
46975.0,49.0,Male,53.0,10.0,6.0,2.0,Premium,Annual,822.0,12.0,Yes
444520.0,42.0,Male,33.0,29.0,0.0,19.0,Standard,Quarterly,755.59,16.0,No
106482.0,35.0,Female,15.0,22.0,7.0,3.0,Basic,Monthly,162.0,5.0,Yes
172519.0,22.0,Female,16.0,28.0,1.0,3.0,Basic,Annual,296.0,10.0,Yes
85068.0,57.0,Male,47.0,14.0,2.0,15.0,Standard,Annual,697.0,4.0,Yes
211253.0,64.0,Female,30.0,2.0,3.0,24.0,Basic,Quarterly,852.07,27.0,Yes
74303.0,48.0,Male,10.0,27.0,0.0,29.0,Standard,Monthly,280.0,4.0,Yes
91641.0,39.0,Female,33.0,26.0,8.0,18.0,Premium,Quarterly,427.0,7.0,Yes
322309.0,26.0,Male,25.0,13.0,2.0,18.0,Standard,Annual,541.69,24.0,No
170828.0,35.0,Female,28.0,10.0,1.0,17.0,Premium,Quarterly,894.0,26.0,Yes
93080.0,48.0,Male,48.0,19.0,1.0,29.0,Premium,Quarterly,885.0,23.0,Yes
189994.0,35.0,Male,32.0,1.0,1.0,14.0,Standard,Monthly,208.0,28.0,Yes
484.0,32.0,Male,18.0,3.0,2.0,13.0,Basic,Monthly,399.0,29.0,Yes
360920.0,34.0,Female,33.0,22.0,2.0,7.0,Standard,Annual,722.77,6.0,No
3437.0,23.0,Male,30.0,4.0,2.0,27.0,Basic,Annual,665.0,12.0,Yes
29557.0,32.0,Male,12.0,1.0,2.0,14.0,Basic,Quarterly,385.0,25.0,Yes
353134.0,29.0,Male,42.0,24.0,2.0,6.0,Basic,Quarterly,580.8,21.0,No
8735.0,57.0,Female,47.0,24.0,9.0,23.0,Standard,Quarterly,746.0,4.0,Yes
256061.0,51.0,Female,36.0,24.0,9.0,11.0,Premium,Quarterly,178.63,1.0,Yes
443469.0,29.0,Male,41.0,22.0,0.0,20.0,Standard,Quarterly,897.53,21.0,No
59881.0,37.0,Male,37.0,6.0,5.0,27.0,Basic,Monthly,367.0,21.0,Yes
55208.0,55.0,Female,30.0,13.0,8.0,3.0,Standard,Monthly,279.0,7.0,Yes
223160.0,53.0,Female,39.0,12.0,8.0,13.0,Standard,Monthly,603.71,9.0,Yes
29916.0,65.0,Female,48.0,9.0,10.0,13.0,Standard,Monthly,241.0,28.0,Yes
46820.0,55.0,Female,38.0,19.0,3.0,22.0,Basic,Quarterly,860.0,3.0,Yes
169426.0,56.0,Female,32.0,5.0,6.0,7.0,Standard,Annual,255.0,10.0,Yes
357240.0,38.0,Male,54.0,18.0,2.0,15.0,Premium,Annual,974.46,20.0,No
518.0,43.0,Male,16.0,25.0,2.0,17.0,Basic,Annual,759.0,8.0,No
287666.0,23.0,Female,9.0,16.0,2.0,12.0,Premium,Quarterly,578.46,4.0,No
289226.0,34.0,Female,49.0,11.0,0.0,10.0,Standard,Quarterly,824.45,11.0,No
33738.0,58.0,Male,13.0,13.0,3.0,23.0,Premium,Quarterly,644.0,29.0,Yes
331799.0,40.0,Male,29.0,5.0,0.0,3.0,Basic,Annual,911.35,6.0,No
81242.0,55.0,Male,39.0,1.0,8.0,26.0,Premium,Quarterly,218.0,26.0,Yes
403824.0,25.0,Male,30.0,21.0,0.0,1.0,Premium,Annual,546.95,14.0,No
185722.0,23.0,Male,13.0,19.0,10.0,9.0,Standard,Monthly,211.0,22.0,Yes
39425.0,20.0,Male,10.0,6.0,10.0,10.0,Basic,Quarterly,668.0,5.0,Yes
164781.0,44.0,Male,6.0,2.0,8.0,21.0,Standard,Annual,648.0,24.0,Yes
306916.0,41.0,Female,56.0,26.0,3.0,4.0,Basic,Annual,947.6,7.0,No
260080.0,39.0,Male,41.0,29.0,4.0,23.0,Basic,Quarterly,999.02,28.0,Yes
438950.0,34.0,Male,23.0,12.0,3.0,1.0,Standard,Quarterly,665.7,17.0,No
143446.0,20.0,Female,57.0,29.0,4.0,5.0,Basic,Quarterly,401.0,14.0,Yes
271562.0,41.0,Male,5.0,11.0,2.0,19.0,Standard,Annual,640.0,22.0,No
227655.0,27.0,Male,15.0,13.0,2.0,18.0,Standard,Monthly,223.83,8.0,Yes
122805.0,52.0,Male,7.0,3.0,4.0,28.0,Standard,Quarterly,328.0,2.0,Yes
197409.0,20.0,Female,3.0,18.0,1.0,9.0,Basic,Quarterly,751.0,1.0,Yes
36505.0,32.0,Female,33.0,22.0,7.0,25.0,Standard,Quarterly,187.0,10.0,Yes
412006.0,20.0,Male,30.0,21.0,0.0,12.0,Standard,Quarterly,764.25,10.0,No
345224.0,36.0,Male,10.0,20.0,2.0,20.0,Standard,Quarterly,755.49,1.0,No
49660.0,26.0,Male,33.0,2.0,9.0,19.0,Basic,Annual,411.0,21.0,Yes
17526.0,33.0,Female,47.0,29.0,6.0,17.0,Basic,Annual,280.0,2.0,Yes
126680.0,20.0,Female,45.0,13.0,2.0,22.0,Basic,Monthly,796.0,24.0,Yes
114145.0,35.0,Female,34.0,6.0,7.0,12.0,Premium,Annual,721.0,20.0,Yes
294231.0,43.0,Female,32.0,9.0,0.0,13.0,Premium,Quarterly,655.4,15.0,No
302680.0,50.0,Male,43.0,24.0,1.0,11.0,Premium,Quarterly,956.99,8.0,No
117885.0,64.0,Female,50.0,26.0,1.0,4.0,Basic,Quarterly,591.0,5.0,Yes
430673.0,46.0,Male,6.0,14.0,0.0,16.0,Basic,Annual,765.56,21.0,No
368209.0,43.0,Male,20.0,29.0,2.0,12.0,Premium,Annual,927.03,18.0,No
125812.0,41.0,Female,3.0,28.0,2.0,25.0,Premium,Annual,661.0,25.0,Yes
422.0,21.0,Female,46.0,15.0,3.0,12.0,Basic,Annual,106.0,28.0,Yes
128323.0,40.0,Female,56.0,6.0,5.0,29.0,Standard,Annual,529.0,16.0,Yes
108619.0,31.0,Male,34.0,17.0,7.0,3.0,Basic,Annual,578.0,5.0,Yes
23074.0,49.0,Female,10.0,7.0,4.0,16.0,Premium,Annual,720.0,10.0,No
312385.0,46.0,Female,32.0,28.0,2.0,6.0,Premium,Quarterly,639.3,9.0,No
292763.0,43.0,Male,8.0,27.0,1.0,15.0,Basic,Annual,809.1,17.0,No
89208.0,37.0,Female,30.0,8.0,8.0,16.0,Premium,Quarterly,850.0,7.0,Yes
379780.0,25.0,Male,21.0,23.0,1.0,8.0,Basic,Quarterly,573.3,21.0,No
404363.0,40.0,Male,22.0,25.0,2.0,9.0,Premium,Quarterly,965.32,6.0,No
386279.0,38.0,Male,11.0,30.0,1.0,16.0,Premium,Quarterly,579.1,4.0,No
314209.0,41.0,Male,26.0,7.0,3.0,12.0,Basic,Annual,531.62,25.0,No
65330.0,36.0,Female,2.0,9.0,3.0,4.0,Standard,Monthly,387.0,21.0,Yes
124089.0,22.0,Male,48.0,21.0,5.0,9.0,Basic,Quarterly,421.0,4.0,Yes
415520.0,28.0,Male,45.0,6.0,1.0,19.0,Premium,Quarterly,707.69,2.0,No
50614.0,18.0,Female,45.0,29.0,7.0,25.0,Premium,Annual,600.0,17.0,Yes
154366.0,49.0,Male,41.0,11.0,9.0,25.0,Basic,Quarterly,201.0,4.0,Yes
392111.0,34.0,Male,32.0,16.0,2.0,10.0,Standard,Quarterly,908.14,10.0,No
324183.0,27.0,Male,33.0,4.0,1.0,14.0,Standard,Quarterly,970.54,10.0,No
25073.0,58.0,Female,34.0,16.0,0.0,18.0,Premium,Annual,246.0,14.0,Yes
411742.0,26.0,Male,8.0,8.0,2.0,9.0,Basic,Quarterly,532.48,13.0,No
292204.0,49.0,Male,34.0,10.0,4.0,13.0,Basic,Quarterly,745.63,20.0,No
60961.0,33.0,Female,35.0,12.0,9.0,10.0,Basic,Annual,115.0,9.0,Yes
95668.0,62.0,Female,1.0,6.0,3.0,11.0,Basic,Annual,765.0,24.0,Yes
64028.0,18.0,Female,5.0,26.0,8.0,24.0,Standard,Quarterly,837.0,27.0,Yes
327943.0,37.0,Female,25.0,8.0,1.0,6.0,Standard,Quarterly,598.26,4.0,No
101788.0,39.0,Male,47.0,14.0,1.0,20.0,Standard,Quarterly,219.0,8.0,Yes
284643.0,23.0,Male,38.0,25.0,0.0,19.0,Premium,Annual,791.42,6.0,No
370108.0,46.0,Male,13.0,30.0,1.0,18.0,Standard,Quarterly,763.42,12.0,No
260830.0,43.0,Female,19.0,26.0,0.0,20.0,Premium,Annual,512.46,7.0,No
138198.0,65.0,Male,51.0,22.0,7.0,10.0,Premium,Annual,467.0,1.0,Yes
151737.0,37.0,Male,23.0,21.0,0.0,11.0,Basic,Quarterly,216.0,10.0,Yes
203056.0,36.0,Male,43.0,2.0,9.0,27.0,Premium,Annual,304.0,2.0,Yes
282306.0,44.0,Male,44.0,4.0,3.0,4.0,Standard,Annual,654.47,18.0,No
73710.0,51.0,Male,7.0,10.0,5.0,3.0,Standard,Monthly,856.0,24.0,Yes
150941.0,44.0,Female,38.0,7.0,4.0,27.0,Basic,Quarterly,419.0,13.0,Yes
311187.0,32.0,Male,24.0,16.0,0.0,12.0,Basic,Quarterly,948.87,24.0,No
60641.0,59.0,Female,21.0,30.0,9.0,12.0,Standard,Annual,903.0,16.0,Yes
170497.0,33.0,Male,22.0,11.0,5.0,15.0,Standard,Monthly,341.0,7.0,Yes
315196.0,48.0,Male,17.0,16.0,0.0,6.0,Standard,Quarterly,835.25,18.0,No
59212.0,38.0,Female,42.0,7.0,6.0,12.0,Premium,Annual,357.0,5.0,Yes
15597.0,29.0,Female,11.0,23.0,1.0,22.0,Premium,Monthly,663.0,5.0,Yes
216086.0,58.0,Female,31.0,22.0,0.0,16.0,Premium,Annual,283.26,7.0,Yes
1999.0,52.0,Female,37.0,1.0,10.0,4.0,Standard,Annual,853.0,6.0,Yes
248084.0,31.0,Female,37.0,11.0,8.0,1.0,Standard,Annual,638.22,16.0,Yes
201113.0,41.0,Male,36.0,29.0,1.0,20.0,Premium,Annual,415.0,28.0,Yes
250752.0,22.0,Male,51.0,19.0,8.0,2.0,Basic,Quarterly,430.64,1.0,Yes
60280.0,46.0,Male,20.0,19.0,5.0,24.0,Standard,Monthly,815.0,10.0,Yes
318945.0,48.0,Male,3.0,18.0,0.0,0.0,Premium,Quarterly,507.4,19.0,No
112836.0,53.0,Male,30.0,15.0,3.0,14.0,Standard,Quarterly,785.0,10.0,Yes
400670.0,23.0,Male,28.0,25.0,2.0,19.0,Basic,Quarterly,559.81,30.0,No
443872.0,20.0,Male,38.0,29.0,1.0,20.0,Standard,Annual,998.8,4.0,No
69600.0,65.0,Female,27.0,15.0,6.0,18.0,Premium,Monthly,698.0,29.0,Yes
401600.0,44.0,Male,13.0,25.0,0.0,11.0,Basic,Quarterly,751.37,15.0,No
436990.0,24.0,Female,60.0,2.0,2.0,12.0,Basic,Annual,574.62,13.0,No
74871.0,64.0,Male,20.0,3.0,7.0,7.0,Standard,Quarterly,935.0,28.0,Yes
230573.0,49.0,Female,36.0,9.0,5.0,8.0,Premium,Annual,880.45,19.0,Yes
237772.0,32.0,Female,52.0,11.0,7.0,11.0,Basic,Quarterly,499.67,21.0,Yes
244420.0,30.0,Female,19.0,1.0,4.0,7.0,Premium,Monthly,633.34,3.0,Yes
87038.0,38.0,Female,36.0,5.0,8.0,5.0,Premium,Monthly,492.0,10.0,Yes
29288.0,27.0,Male,30.0,4.0,3.0,0.0,Standard,Quarterly,143.0,12.0,Yes
124537.0,31.0,Female,25.0,12.0,8.0,22.0,Basic,Quarterly,263.0,6.0,Yes
33281.0,46.0,Male,14.0,9.0,7.0,14.0,Premium,Annual,119.0,25.0,Yes
292124.0,31.0,Female,36.0,7.0,2.0,14.0,Basic,Quarterly,692.95,11.0,No
236274.0,59.0,Male,21.0,4.0,5.0,29.0,Standard,Monthly,537.05,9.0,Yes
434858.0,38.0,Male,15.0,17.0,0.0,7.0,Basic,Annual,520.66,11.0,No
12465.0,18.0,Male,14.0,23.0,1.0,27.0,Basic,Quarterly,987.0,14.0,Yes
108201.0,51.0,Male,57.0,26.0,1.0,4.0,Basic,Annual,495.0,28.0,Yes
30870.0,54.0,Female,47.0,19.0,5.0,0.0,Premium,Annual,432.0,5.0,Yes
196883.0,32.0,Male,54.0,16.0,10.0,23.0,Premium,Quarterly,474.0,15.0,Yes
402418.0,27.0,Male,31.0,17.0,2.0,11.0,Premium,Annual,774.61,12.0,No
278789.0,35.0,Male,43.0,24.0,1.0,0.0,Premium,Quarterly,613.42,17.0,No
174793.0,33.0,Male,19.0,26.0,5.0,22.0,Standard,Annual,171.0,7.0,Yes
443918.0,31.0,Male,41.0,28.0,1.0,2.0,Basic,Annual,549.07,18.0,No
337156.0,38.0,Male,41.0,11.0,2.0,10.0,Basic,Quarterly,501.3,10.0,No
183437.0,34.0,Male,27.0,10.0,8.0,20.0,Standard,Monthly,145.0,1.0,Yes
81853.0,41.0,Female,24.0,17.0,6.0,8.0,Standard,Annual,582.0,3.0,Yes
72981.0,54.0,Female,45.0,21.0,0.0,6.0,Basic,Monthly,278.0,15.0,Yes
39204.0,43.0,Female,33.0,21.0,8.0,5.0,Basic,Annual,134.0,17.0,Yes
268789.0,36.0,Female,41.0,7.0,2.0,11.0,Premium,Quarterly,814.05,2.0,No
170553.0,60.0,Male,20.0,26.0,4.0,3.0,Basic,Monthly,755.0,1.0,Yes
360671.0,41.0,Male,7.0,28.0,2.0,0.0,Basic,Annual,752.44,2.0,No
353173.0,50.0,Male,15.0,20.0,1.0,14.0,Premium,Quarterly,610.31,20.0,No
259610.0,19.0,Male,1.0,4.0,4.0,11.0,Premium,Quarterly,551.76,26.0,Yes
378765.0,22.0,Female,39.0,26.0,1.0,18.0,Basic,Annual,724.87,4.0,No
189799.0,59.0,Female,45.0,28.0,3.0,29.0,Standard,Annual,360.0,1.0,Yes
433225.0,44.0,Male,26.0,17.0,0.0,4.0,Basic,Quarterly,921.22,25.0,No
125193.0,37.0,Male,8.0,24.0,8.0,23.0,Standard,Quarterly,866.0,10.0,Yes
188210.0,49.0,Female,54.0,23.0,2.0,24.0,Basic,Monthly,425.0,6.0,Yes
298266.0,37.0,Male,37.0,6.0,2.0,16.0,Premium,Annual,684.55,3.0,No
113466.0,59.0,Female,21.0,5.0,5.0,20.0,Basic,Monthly,575.0,26.0,Yes
280371.0,24.0,Female,41.0,9.0,1.0,10.0,Basic,Annual,737.3,9.0,No
330907.0,50.0,Male,53.0,27.0,5.0,18.0,Basic,Annual,772.15,14.0,No
210139.0,30.0,Male,55.0,6.0,4.0,25.0,Basic,Quarterly,151.35,14.0,Yes
291120.0,28.0,Male,18.0,16.0,1.0,20.0,Premium,Quarterly,972.77,10.0,No
118571.0,28.0,Male,58.0,18.0,7.0,20.0,Premium,Monthly,764.0,20.0,Yes
188039.0,34.0,Male,3.0,27.0,0.0,7.0,Basic,Annual,466.0,15.0,Yes
9002.0,42.0,Male,58.0,9.0,7.0,18.0,Basic,Monthly,922.0,9.0,Yes
232686.0,39.0,Female,13.0,27.0,3.0,1.0,Premium,Monthly,387.26,8.0,Yes
174208.0,49.0,Male,42.0,12.0,9.0,10.0,Basic,Monthly,983.0,7.0,Yes
111279.0,30.0,Male,35.0,23.0,1.0,4.0,Premium,Quarterly,242.0,6.0,Yes
102157.0,39.0,Female,15.0,7.0,8.0,13.0,Basic,Annual,262.0,20.0,Yes
194354.0,54.0,Male,6.0,20.0,6.0,13.0,Standard,Monthly,563.0,24.0,Yes
382228.0,46.0,Male,4.0,25.0,2.0,8.0,Standard,Quarterly,745.3,16.0,No
339505.0,34.0,Female,31.0,1.0,1.0,1.0,Standard,Quarterly,572.33,5.0,No
71595.0,25.0,Male,31.0,6.0,4.0,5.0,Standard,Monthly,959.0,29.0,Yes
86302.0,33.0,Male,15.0,14.0,7.0,8.0,Basic,Annual,521.0,10.0,Yes
134492.0,42.0,Male,43.0,9.0,1.0,20.0,Basic,Monthly,822.0,16.0,Yes
325489.0,35.0,Female,49.0,9.0,0.0,11.0,Premium,Quarterly,698.14,5.0,No
362603.0,43.0,Female,40.0,21.0,1.0,15.0,Premium,Quarterly,603.85,3.0,No
326855.0,19.0,Male,34.0,19.0,1.0,3.0,Premium,Quarterly,775.86,30.0,No
214199.0,63.0,Male,44.0,16.0,3.0,0.0,Standard,Quarterly,296.52,16.0,Yes
397023.0,23.0,Female,57.0,15.0,1.0,5.0,Standard,Annual,933.4,4.0,No
212303.0,55.0,Male,7.0,7.0,0.0,12.0,Premium,Annual,174.4,21.0,Yes
92950.0,47.0,Female,16.0,12.0,6.0,21.0,Basic,Annual,325.0,9.0,Yes
24869.0,33.0,Female,24.0,10.0,1.0,28.0,Premium,Monthly,861.0,1.0,Yes
118513.0,54.0,Female,56.0,4.0,8.0,22.0,Standard,Annual,270.0,11.0,Yes
276236.0,20.0,Female,42.0,21.0,1.0,18.0,Standard,Quarterly,866.85,4.0,No
130830.0,53.0,Female,52.0,26.0,2.0,2.0,Standard,Quarterly,378.0,14.0,Yes
118224.0,65.0,Female,55.0,5.0,9.0,24.0,Standard,Quarterly,169.0,26.0,Yes
131026.0,27.0,Male,47.0,8.0,3.0,24.0,Premium,Quarterly,529.0,23.0,Yes
200706.0,48.0,Female,44.0,30.0,9.0,30.0,Basic,Quarterly,244.0,23.0,Yes
54409.0,51.0,Female,25.0,19.0,5.0,21.0,Premium,Quarterly,716.0,2.0,Yes
269708.0,22.0,Female,29.0,11.0,0.0,2.0,Standard,Quarterly,904.15,6.0,No
383039.0,21.0,Female,7.0,4.0,1.0,12.0,Standard,Annual,931.4,14.0,No
300326.0,50.0,Male,60.0,27.0,3.0,4.0,Standard,Quarterly,673.58,30.0,No
367711.0,47.0,Male,60.0,22.0,3.0,0.0,Premium,Quarterly,637.64,6.0,No
295908.0,32.0,Female,9.0,27.0,3.0,1.0,Premium,Annual,983.1,1.0,No
327130.0,35.0,Male,3.0,28.0,0.0,16.0,Premium,Quarterly,914.14,4.0,No
1939.0,42.0,Male,60.0,24.0,9.0,14.0,Standard,Annual,701.0,19.0,Yes
142531.0,60.0,Male,43.0,13.0,0.0,10.0,Basic,Quarterly,492.0,1.0,Yes
127134.0,23.0,Male,41.0,15.0,5.0,27.0,Premium,Quarterly,636.0,10.0,Yes
105010.0,51.0,Female,29.0,4.0,4.0,2.0,Basic,Quarterly,756.0,8.0,Yes
324370.0,37.0,Male,26.0,6.0,1.0,5.0,Standard,Annual,666.47,22.0,No
95247.0,30.0,Female,60.0,19.0,4.0,21.0,Premium,Monthly,890.0,7.0,Yes
205294.0,57.0,Male,29.0,20.0,7.0,1.0,Premium,Quarterly,289.13,2.0,Yes
199234.0,57.0,Male,34.0,8.0,2.0,5.0,Basic,Quarterly,702.0,9.0,Yes
137946.0,49.0,Male,27.0,8.0,10.0,21.0,Standard,Annual,564.0,3.0,Yes
436606.0,30.0,Male,10.0,1.0,1.0,16.0,Premium,Annual,694.31,13.0,No
432775.0,21.0,Female,17.0,11.0,2.0,3.0,Basic,Quarterly,784.54,3.0,No
134144.0,28.0,Male,47.0,28.0,3.0,30.0,Premium,Monthly,471.0,1.0,Yes
74283.0,44.0,Female,45.0,12.0,4.0,7.0,Premium,Quarterly,896.0,27.0,Yes
331248.0,30.0,Male,35.0,21.0,2.0,7.0,Standard,Annual,854.42,28.0,No
94333.0,50.0,Male,3.0,20.0,10.0,15.0,Premium,Monthly,589.0,2.0,Yes
21051.0,56.0,Male,43.0,17.0,10.0,21.0,Standard,Monthly,146.0,30.0,Yes
32612.0,40.0,Male,57.0,3.0,7.0,13.0,Premium,Annual,935.0,6.0,Yes
184368.0,41.0,Female,55.0,18.0,2.0,5.0,Basic,Annual,387.0,9.0,Yes
265173.0,48.0,Male,52.0,20.0,2.0,7.0,Premium,Annual,807.41,26.0,No
5443.0,61.0,Female,6.0,23.0,7.0,28.0,Premium,Quarterly,931.0,11.0,Yes
7263.0,40.0,Female,49.0,17.0,4.0,29.0,Standard,Annual,264.0,19.0,Yes
56118.0,46.0,Male,5.0,29.0,9.0,8.0,Standard,Quarterly,630.0,13.0,Yes
206581.0,62.0,Male,38.0,25.0,2.0,4.0,Basic,Monthly,171.65,16.0,Yes
209344.0,57.0,Female,7.0,3.0,8.0,9.0,Standard,Monthly,816.43,23.0,Yes
390028.0,39.0,Male,54.0,16.0,2.0,19.0,Premium,Quarterly,911.16,10.0,No
408543.0,29.0,Male,34.0,25.0,2.0,11.0,Basic,Quarterly,773.27,3.0,No
380121.0,37.0,Female,38.0,30.0,1.0,18.0,Standard,Quarterly,804.73,12.0,No
318925.0,41.0,Male,45.0,12.0,2.0,4.0,Standard,Quarterly,762.98,19.0,No
337306.0,30.0,Female,30.0,4.0,0.0,9.0,Premium,Quarterly,746.97,14.0,No
261244.0,45.0,Male,33.0,16.0,1.0,11.0,Premium,Quarterly,830.57,1.0,No
388468.0,38.0,Male,5.0,24.0,1.0,8.0,Premium,Quarterly,763.97,3.0,No
69026.0,18.0,Male,43.0,15.0,7.0,20.0,Premium,Annual,242.0,28.0,Yes
386976.0,26.0,Male,41.0,4.0,0.0,14.0,Premium,Annual,749.41,9.0,No
234408.0,59.0,Male,27.0,16.0,2.0,21.0,Basic,Quarterly,463.33,28.0,Yes
289896.0,50.0,Male,42.0,13.0,1.0,6.0,Basic,Annual,689.37,25.0,No
389547.0,27.0,Female,40.0,29.0,0.0,0.0,Premium,Annual,960.68,10.0,No
271197.0,25.0,Male,31.0,9.0,2.0,8.0,Basic,Quarterly,544.64,9.0,No
161697.0,21.0,Male,8.0,12.0,0.0,10.0,Standard,Annual,408.0,17.0,Yes
162294.0,52.0,Male,33.0,21.0,7.0,21.0,Basic,Quarterly,778.0,15.0,Yes
402744.0,49.0,Male,44.0,10.0,4.0,20.0,Standard,Annual,808.39,19.0,No
7708.0,60.0,Female,27.0,25.0,1.0,3.0,Basic,Quarterly,259.0,5.0,Yes
199386.0,36.0,Female,8.0,14.0,0.0,11.0,Premium,Annual,170.0,19.0,Yes
360649.0,40.0,Female,12.0,29.0,0.0,1.0,Premium,Quarterly,837.29,4.0,No
110627.0,38.0,Male,5.0,24.0,6.0,8.0,Premium,Quarterly,631.0,19.0,Yes
224665.0,50.0,Female,17.0,27.0,5.0,25.0,Premium,Monthly,766.1,27.0,Yes
88484.0,27.0,Male,44.0,23.0,2.0,17.0,Standard,Monthly,813.0,28.0,Yes
65497.0,28.0,Female,56.0,6.0,4.0,20.0,Premium,Monthly,814.0,14.0,Yes
149770.0,48.0,Male,57.0,11.0,7.0,20.0,Premium,Monthly,428.0,23.0,Yes
63258.0,43.0,Female,53.0,1.0,4.0,20.0,Premium,Monthly,235.0,6.0,Yes
165104.0,37.0,Male,18.0,7.0,2.0,25.0,Premium,Annual,222.0,25.0,Yes
287948.0,28.0,Male,40.0,20.0,2.0,12.0,Standard,Annual,687.71,8.0,No
342715.0,46.0,Female,35.0,5.0,4.0,12.0,Standard,Quarterly,857.4,3.0,No
429119.0,19.0,Male,37.0,21.0,0.0,0.0,Basic,Quarterly,665.89,28.0,No
369432.0,26.0,Female,9.0,20.0,0.0,2.0,Premium,Quarterly,862.42,9.0,No
408173.0,50.0,Male,46.0,2.0,4.0,3.0,Premium,Annual,668.93,15.0,No
405819.0,40.0,Male,6.0,11.0,4.0,20.0,Standard,Annual,649.27,21.0,No
391446.0,20.0,Male,44.0,5.0,1.0,10.0,Premium,Annual,989.86,19.0,No
86695.0,31.0,Male,17.0,8.0,10.0,20.0,Premium,Annual,790.0,11.0,Yes
178987.0,54.0,Male,43.0,28.0,10.0,2.0,Premium,Annual,122.0,18.0,Yes
186791.0,22.0,Female,28.0,12.0,2.0,18.0,Basic,Quarterly,257.0,27.0,Yes
437410.0,21.0,Male,32.0,26.0,2.0,16.0,Premium,Annual,828.92,9.0,No
321712.0,22.0,Female,47.0,16.0,2.0,4.0,Premium,Annual,821.7,13.0,No
158393.0,55.0,Female,1.0,13.0,2.0,21.0,Premium,Quarterly,338.0,28.0,Yes
324556.0,25.0,Male,46.0,18.0,1.0,9.0,Premium,Quarterly,605.46,11.0,No
413497.0,38.0,Male,9.0,24.0,2.0,17.0,Premium,Annual,586.66,2.0,No
148849.0,28.0,Male,55.0,24.0,4.0,11.0,Standard,Monthly,139.0,5.0,Yes
410706.0,48.0,Female,33.0,3.0,1.0,20.0,Basic,Quarterly,546.99,8.0,No
8804.0,58.0,Male,10.0,27.0,0.0,6.0,Standard,Annual,176.0,22.0,Yes
265145.0,47.0,Male,26.0,6.0,3.0,12.0,Premium,Quarterly,655.46,30.0,No
317603.0,18.0,Male,13.0,21.0,0.0,0.0,Premium,Quarterly,732.25,1.0,No
74606.0,28.0,Male,7.0,3.0,1.0,8.0,Standard,Annual,426.0,3.0,Yes
164634.0,52.0,Female,42.0,11.0,10.0,9.0,Standard,Monthly,358.0,20.0,Yes
222926.0,21.0,Female,32.0,28.0,8.0,11.0,Standard,Annual,543.15,5.0,Yes
88784.0,37.0,Male,27.0,4.0,8.0,13.0,Standard,Monthly,880.0,21.0,Yes
25074.0,29.0,Male,12.0,22.0,5.0,6.0,Basic,Annual,748.0,3.0,Yes
437906.0,47.0,Male,53.0,13.0,4.0,4.0,Premium,Quarterly,821.13,24.0,No
387933.0,46.0,Male,50.0,4.0,3.0,7.0,Premium,Quarterly,655.7,5.0,No
373762.0,45.0,Female,35.0,17.0,1.0,15.0,Basic,Annual,904.28,1.0,No
17261.0,42.0,Male,36.0,14.0,1.0,21.0,Basic,Annual,371.0,14.0,Yes
65648.0,60.0,Female,11.0,17.0,6.0,8.0,Standard,Quarterly,892.0,3.0,Yes
237982.0,18.0,Male,1.0,17.0,10.0,6.0,Basic,Monthly,414.78,12.0,Yes
174779.0,28.0,Male,52.0,12.0,4.0,2.0,Basic,Monthly,403.0,24.0,Yes
360936.0,26.0,Male,25.0,22.0,0.0,9.0,Premium,Quarterly,922.66,19.0,No
209807.0,46.0,Female,58.0,19.0,5.0,20.0,Standard,Monthly,316.28,18.0,Yes
381235.0,29.0,Male,49.0,22.0,1.0,7.0,Standard,Quarterly,696.46,12.0,No
17589.0,58.0,Female,50.0,16.0,4.0,15.0,Standard,Annual,601.0,5.0,Yes
383079.0,48.0,Male,40.0,12.0,0.0,6.0,Basic,Annual,718.82,17.0,No
269355.0,31.0,Male,29.0,5.0,3.0,8.0,Basic,Annual,954.35,30.0,No
150819.0,63.0,Male,58.0,24.0,8.0,29.0,Standard,Monthly,773.0,29.0,Yes
361623.0,35.0,Male,22.0,14.0,0.0,12.0,Standard,Annual,745.16,28.0,No
50203.0,35.0,Female,35.0,25.0,8.0,9.0,Standard,Quarterly,687.0,5.0,Yes
54158.0,31.0,Male,36.0,9.0,5.0,29.0,Standard,Quarterly,429.0,1.0,Yes
112700.0,48.0,Male,33.0,22.0,8.0,5.0,Basic,Annual,498.0,11.0,Yes
299648.0,31.0,Male,1.0,12.0,3.0,6.0,Premium,Quarterly,918.16,12.0,No
245807.0,54.0,Male,28.0,7.0,9.0,24.0,Standard,Quarterly,680.84,16.0,Yes
311359.0,29.0,Male,9.0,29.0,1.0,16.0,Standard,Quarterly,792.41,30.0,No
331067.0,44.0,Male,33.0,13.0,4.0,0.0,Standard,Annual,892.02,8.0,No
53331.0,28.0,Male,21.0,15.0,8.0,5.0,Standard,Quarterly,122.0,22.0,Yes
401381.0,39.0,Female,21.0,23.0,3.0,20.0,Premium,Annual,619.5,10.0,No
77245.0,53.0,Female,12.0,9.0,6.0,21.0,Premium,Monthly,505.0,14.0,Yes
1766.0,27.0,Female,48.0,13.0,3.0,16.0,Standard,Monthly,904.0,7.0,Yes
144488.0,21.0,Female,37.0,1.0,2.0,21.0,Premium,Quarterly,976.0,27.0,Yes
149233.0,31.0,Male,60.0,6.0,3.0,18.0,Basic,Annual,227.0,28.0,Yes
91929.0,31.0,Male,41.0,9.0,9.0,10.0,Standard,Monthly,184.0,22.0,Yes
147645.0,61.0,Female,17.0,29.0,3.0,14.0,Premium,Monthly,675.0,21.0,Yes
279662.0,46.0,Male,50.0,7.0,4.0,5.0,Basic,Annual,697.08,22.0,No
346013.0,43.0,Female,3.0,17.0,3.0,5.0,Standard,Annual,877.37,6.0,No
372422.0,39.0,Male,33.0,5.0,2.0,12.0,Standard,Annual,560.58,9.0,No
92617.0,65.0,Female,50.0,15.0,2.0,15.0,Premium,Quarterly,283.0,3.0,Yes
92943.0,41.0,Male,31.0,16.0,3.0,9.0,Premium,Monthly,1000.0,27.0,Yes
192781.0,26.0,Male,33.0,10.0,0.0,27.0,Basic,Quarterly,560.0,4.0,Yes
6215.0,38.0,Female,29.0,7.0,10.0,29.0,Basic,Monthly,482.0,24.0,Yes
16253.0,34.0,Male,51.0,9.0,4.0,3.0,Basic,Monthly,262.0,25.0,Yes
160661.0,43.0,Male,34.0,19.0,9.0,11.0,Standard,Annual,435.0,14.0,Yes
110604.0,47.0,Female,9.0,5.0,8.0,19.0,Basic,Quarterly,924.0,3.0,Yes
252673.0,55.0,Female,48.0,13.0,9.0,13.0,Premium,Monthly,721.33,28.0,Yes
118961.0,23.0,Male,52.0,27.0,3.0,4.0,Basic,Monthly,292.0,30.0,Yes
246613.0,30.0,Male,5.0,26.0,0.0,17.0,Basic,Annual,316.42,8.0,Yes
194537.0,47.0,Female,27.0,21.0,7.0,12.0,Standard,Quarterly,594.0,25.0,Yes
374000.0,50.0,Female,49.0,2.0,0.0,14.0,Standard,Annual,530.93,1.0,No
194625.0,45.0,Female,23.0,30.0,2.0,26.0,Basic,Monthly,315.0,23.0,Yes
392309.0,33.0,Male,26.0,28.0,3.0,9.0,Basic,Annual,596.87,11.0,No
236015.0,35.0,Male,48.0,15.0,9.0,22.0,Standard,Quarterly,945.68,18.0,Yes
223895.0,37.0,Male,35.0,2.0,10.0,24.0,Premium,Monthly,375.9,23.0,Yes
80364.0,54.0,Female,46.0,4.0,8.0,23.0,Basic,Monthly,680.0,17.0,Yes
114375.0,44.0,Female,22.0,17.0,7.0,0.0,Basic,Monthly,811.0,14.0,Yes
368175.0,35.0,Male,53.0,24.0,3.0,18.0,Standard,Annual,673.76,5.0,No
71406.0,26.0,Male,24.0,25.0,5.0,17.0,Basic,Annual,232.0,7.0,Yes
342640.0,35.0,Female,11.0,26.0,0.0,20.0,Basic,Annual,923.82,12.0,No
104532.0,25.0,Male,26.0,8.0,6.0,7.0,Premium,Quarterly,167.0,16.0,Yes
296255.0,20.0,Male,50.0,27.0,0.0,12.0,Basic,Annual,917.93,12.0,No
366990.0,25.0,Female,38.0,23.0,2.0,10.0,Basic,Annual,660.92,14.0,No
305545.0,40.0,Female,53.0,13.0,2.0,20.0,Premium,Quarterly,741.37,15.0,No
160052.0,21.0,Male,30.0,25.0,9.0,23.0,Basic,Quarterly,957.0,24.0,Yes
349422.0,22.0,Male,33.0,28.0,0.0,20.0,Basic,Quarterly,721.0,1.0,No
160580.0,25.0,Male,29.0,9.0,7.0,21.0,Basic,Monthly,171.0,30.0,Yes
417679.0,34.0,Female,21.0,21.0,1.0,16.0,Premium,Annual,657.05,9.0,No
120868.0,39.0,Male,46.0,16.0,1.0,16.0,Standard,Monthly,778.0,12.0,Yes
125405.0,42.0,Male,58.0,17.0,2.0,12.0,Premium,Annual,297.0,30.0,Yes
266891.0,45.0,Male,8.0,14.0,0.0,14.0,Basic,Quarterly,789.63,25.0,No
82181.0,29.0,Female,47.0,22.0,1.0,30.0,Standard,Monthly,803.0,3.0,Yes
86448.0,63.0,Male,42.0,30.0,9.0,17.0,Premium,Quarterly,508.0,15.0,Yes
327674.0,23.0,Female,22.0,21.0,0.0,0.0,Premium,Quarterly,781.26,15.0,No
258231.0,49.0,Male,6.0,16.0,10.0,20.0,Basic,Annual,852.13,9.0,Yes
152699.0,26.0,Female,42.0,18.0,4.0,26.0,Basic,Annual,852.0,20.0,Yes
272623.0,48.0,Male,57.0,11.0,2.0,7.0,Basic,Quarterly,654.24,15.0,No
410775.0,48.0,Male,23.0,10.0,4.0,16.0,Premium,Annual,720.86,4.0,No
182598.0,25.0,Female,21.0,22.0,10.0,5.0,Premium,Annual,512.0,16.0,Yes
137989.0,25.0,Female,60.0,10.0,5.0,29.0,Basic,Monthly,120.0,5.0,Yes
307951.0,40.0,Male,40.0,21.0,1.0,4.0,Basic,Quarterly,842.47,21.0,No
416126.0,45.0,Male,11.0,18.0,3.0,18.0,Premium,Annual,658.99,11.0,No
193781.0,63.0,Male,9.0,26.0,1.0,15.0,Basic,Quarterly,263.0,18.0,Yes
206080.0,55.0,Female,60.0,17.0,8.0,20.0,Basic,Annual,388.39,26.0,Yes
429617.0,46.0,Male,52.0,2.0,4.0,10.0,Standard,Quarterly,511.48,7.0,No
397843.0,46.0,Female,47.0,24.0,1.0,13.0,Premium,Quarterly,861.13,8.0,No
119175.0,38.0,Male,22.0,30.0,10.0,9.0,Basic,Monthly,154.0,30.0,Yes
265452.0,47.0,Female,52.0,9.0,2.0,17.0,Basic,Quarterly,657.96,2.0,No
77385.0,30.0,Female,7.0,8.0,3.0,11.0,Basic,Annual,314.0,17.0,Yes
339660.0,28.0,Male,52.0,6.0,2.0,15.0,Premium,Quarterly,797.33,10.0,No
39233.0,28.0,Female,59.0,27.0,3.0,9.0,Premium,Monthly,118.0,6.0,Yes
278359.0,48.0,Female,46.0,30.0,1.0,13.0,Standard,Quarterly,940.61,11.0,No
70078.0,33.0,Male,31.0,5.0,9.0,4.0,Standard,Monthly,529.0,24.0,Yes
401451.0,50.0,Male,14.0,18.0,5.0,20.0,Premium,Annual,656.75,20.0,No
352157.0,46.0,Male,52.0,3.0,0.0,16.0,Basic,Annual,742.55,9.0,No
159909.0,44.0,Female,43.0,8.0,1.0,14.0,Standard,Monthly,755.0,21.0,Yes
42889.0,42.0,Male,13.0,26.0,4.0,25.0,Standard,Monthly,358.0,12.0,Yes
296501.0,39.0,Female,56.0,14.0,2.0,15.0,Basic,Annual,597.06,4.0,No
423775.0,40.0,Male,8.0,30.0,1.0,10.0,Premium,Annual,817.74,17.0,No
391437.0,50.0,Female,14.0,26.0,4.0,15.0,Premium,Annual,505.87,4.0,No
395385.0,35.0,Male,25.0,12.0,2.0,6.0,Premium,Annual,640.37,22.0,No
222574.0,54.0,Male,32.0,21.0,10.0,2.0,Premium,Annual,801.02,14.0,Yes
75524.0,53.0,Female,50.0,28.0,0.0,11.0,Premium,Annual,452.0,4.0,Yes
353303.0,33.0,Male,23.0,10.0,1.0,3.0,Basic,Annual,695.5,4.0,No
362331.0,41.0,Female,2.0,21.0,3.0,3.0,Standard,Quarterly,503.29,2.0,No
7312.0,46.0,Male,28.0,15.0,1.0,17.0,Basic,Quarterly,398.0,4.0,Yes
165133.0,61.0,Female,30.0,3.0,9.0,29.0,Premium,Monthly,450.0,8.0,Yes
377316.0,37.0,Male,24.0,14.0,0.0,12.0,Premium,Annual,546.63,11.0,No
208609.0,60.0,Female,15.0,21.0,8.0,19.0,Standard,Quarterly,497.84,6.0,Yes
223296.0,32.0,Male,51.0,2.0,10.0,6.0,Premium,Quarterly,216.06,24.0,Yes
263441.0,45.0,Male,59.0,24.0,3.0,18.0,Standard,Annual,982.91,5.0,No
403372.0,49.0,Male,40.0,1.0,2.0,4.0,Standard,Annual,954.17,24.0,No
96273.0,19.0,Male,55.0,27.0,9.0,27.0,Standard,Monthly,632.0,16.0,Yes
181154.0,65.0,Male,50.0,23.0,3.0,26.0,Standard,Annual,420.0,30.0,Yes
180570.0,23.0,Female,2.0,11.0,10.0,23.0,Standard,Quarterly,753.0,5.0,Yes
315834.0,39.0,Male,51.0,30.0,3.0,0.0,Standard,Quarterly,519.62,15.0,No
333564.0,44.0,Male,25.0,8.0,4.0,3.0,Standard,Annual,655.8,14.0,No
304660.0,32.0,Female,2.0,7.0,1.0,15.0,Premium,Annual,698.13,11.0,No
261152.0,23.0,Male,6.0,1.0,2.0,9.0,Basic,Quarterly,579.52,4.0,No
335066.0,49.0,Male,16.0,16.0,2.0,14.0,Premium,Annual,931.68,10.0,No
20915.0,54.0,Male,29.0,6.0,8.0,10.0,Basic,Annual,216.0,24.0,Yes
310796.0,32.0,Male,9.0,26.0,2.0,3.0,Premium,Annual,608.16,10.0,No
416550.0,33.0,Male,39.0,24.0,1.0,11.0,Standard,Annual,686.57,20.0,No
375173.0,35.0,Female,37.0,10.0,1.0,9.0,Standard,Quarterly,770.88,8.0,No
181796.0,52.0,Female,2.0,21.0,5.0,29.0,Standard,Quarterly,318.0,12.0,Yes
318587.0,47.0,Female,33.0,30.0,1.0,20.0,Standard,Annual,693.78,15.0,No
286562.0,24.0,Male,24.0,24.0,1.0,3.0,Premium,Annual,581.57,2.0,No
175716.0,43.0,Female,18.0,3.0,9.0,28.0,Premium,Annual,569.0,18.0,Yes
264468.0,21.0,Female,16.0,18.0,1.0,17.0,Premium,Quarterly,603.29,14.0,No
13390.0,48.0,Male,13.0,10.0,0.0,18.0,Standard,Quarterly,716.0,25.0,No
58446.0,28.0,Male,46.0,24.0,7.0,22.0,Standard,Monthly,436.0,17.0,Yes
294463.0,30.0,Male,56.0,20.0,3.0,9.0,Basic,Annual,794.7,25.0,No
172113.0,42.0,Male,2.0,4.0,5.0,12.0,Premium,Annual,514.0,24.0,Yes
68304.0,59.0,Female,7.0,13.0,0.0,4.0,Standard,Annual,609.0,13.0,Yes
151148.0,40.0,Male,5.0,1.0,4.0,15.0,Premium,Monthly,281.0,4.0,Yes
37868.0,40.0,Female,23.0,1.0,9.0,8.0,Standard,Quarterly,526.0,5.0,Yes
344356.0,42.0,Male,30.0,20.0,3.0,5.0,Basic,Annual,528.99,28.0,No
412882.0,41.0,Male,10.0,8.0,1.0,8.0,Basic,Annual,812.83,12.0,No
198949.0,46.0,Male,45.0,25.0,7.0,1.0,Standard,Quarterly,381.0,24.0,Yes
142974.0,39.0,Male,1.0,15.0,9.0,30.0,Standard,Monthly,617.0,8.0,Yes
2983.0,49.0,Male,47.0,25.0,7.0,26.0,Basic,Quarterly,908.0,24.0,Yes
247966.0,54.0,Male,6.0,27.0,2.0,10.0,Basic,Quarterly,728.93,28.0,Yes
404943.0,47.0,Male,44.0,12.0,1.0,12.0,Basic,Quarterly,951.81,19.0,No
38866.0,29.0,Male,53.0,22.0,6.0,11.0,Standard,Monthly,506.0,9.0,Yes
320823.0,31.0,Female,44.0,21.0,3.0,0.0,Standard,Annual,914.44,1.0,No
268891.0,44.0,Male,37.0,3.0,0.0,8.0,Basic,Quarterly,728.0,28.0,No
267358.0,20.0,Male,55.0,22.0,0.0,5.0,Premium,Annual,587.46,29.0,No
318997.0,28.0,Female,18.0,15.0,1.0,13.0,Premium,Annual,926.36,3.0,No
379037.0,28.0,Female,21.0,24.0,1.0,10.0,Basic,Annual,652.36,8.0,No
103899.0,23.0,Female,59.0,12.0,1.0,21.0,Standard,Quarterly,603.0,9.0,Yes
210906.0,49.0,Male,24.0,22.0,0.0,10.0,Premium,Monthly,271.68,11.0,Yes
156027.0,37.0,Female,32.0,30.0,2.0,20.0,Standard,Quarterly,971.0,3.0,No
180287.0,25.0,Male,59.0,5.0,0.0,17.0,Premium,Annual,123.0,21.0,Yes
238305.0,52.0,Female,39.0,5.0,2.0,22.0,Basic,Annual,174.97,9.0,Yes
152617.0,47.0,Female,42.0,9.0,5.0,25.0,Basic,Monthly,646.0,19.0,Yes
180602.0,31.0,Female,5.0,12.0,8.0,23.0,Basic,Quarterly,379.0,6.0,Yes
365373.0,38.0,Male,34.0,28.0,3.0,15.0,Basic,Quarterly,959.39,12.0,No
250113.0,31.0,Male,48.0,24.0,7.0,28.0,Basic,Monthly,607.95,9.0,Yes
337322.0,47.0,Male,33.0,4.0,4.0,3.0,Standard,Annual,757.45,7.0,No
308467.0,44.0,Male,14.0,27.0,2.0,15.0,Premium,Quarterly,553.04,26.0,No
113188.0,61.0,Female,41.0,6.0,10.0,1.0,Premium,Annual,615.0,11.0,Yes
209768.0,57.0,Male,17.0,11.0,0.0,6.0,Basic,Monthly,831.07,21.0,Yes
99480.0,57.0,Male,16.0,28.0,0.0,0.0,Standard,Annual,504.0,15.0,Yes
156078.0,30.0,Male,44.0,14.0,8.0,17.0,Basic,Monthly,838.0,2.0,Yes
177197.0,62.0,Male,22.0,23.0,4.0,25.0,Standard,Quarterly,843.0,17.0,Yes
355836.0,42.0,Male,35.0,10.0,0.0,16.0,Standard,Quarterly,981.4,18.0,No
231907.0,47.0,Female,25.0,19.0,5.0,2.0,Standard,Monthly,835.94,23.0,Yes
72310.0,45.0,Male,44.0,7.0,1.0,29.0,Basic,Monthly,870.0,29.0,Yes
276165.0,33.0,Female,2.0,17.0,3.0,16.0,Premium,Annual,855.71,4.0,No
357059.0,29.0,Female,6.0,15.0,2.0,10.0,Premium,Annual,684.62,1.0,No
186056.0,42.0,Female,9.0,10.0,6.0,10.0,Premium,Annual,648.0,1.0,Yes
4634.0,33.0,Female,12.0,3.0,0.0,15.0,Standard,Quarterly,108.0,29.0,Yes
4365.0,44.0,Female,52.0,23.0,9.0,5.0,Basic,Annual,592.0,7.0,Yes
304014.0,26.0,Male,33.0,27.0,2.0,5.0,Standard,Quarterly,922.1,28.0,No
431924.0,44.0,Male,41.0,12.0,2.0,16.0,Premium,Annual,520.36,9.0,No
135800.0,33.0,Female,6.0,28.0,8.0,18.0,Premium,Quarterly,429.0,23.0,Yes
422606.0,32.0,Male,18.0,30.0,2.0,5.0,Standard,Quarterly,848.98,5.0,No
255434.0,48.0,Female,1.0,28.0,1.0,20.0,Basic,Monthly,896.85,14.0,Yes
142576.0,39.0,Male,16.0,20.0,5.0,11.0,Premium,Monthly,356.0,27.0,Yes
227945.0,18.0,Female,42.0,30.0,5.0,3.0,Basic,Monthly,900.14,22.0,Yes
318825.0,28.0,Male,40.0,1.0,2.0,0.0,Basic,Annual,695.23,17.0,No
427626.0,29.0,Male,8.0,29.0,2.0,11.0,Premium,Annual,838.46,15.0,No
320518.0,31.0,Male,56.0,8.0,1.0,10.0,Basic,Annual,796.39,30.0,No
91924.0,59.0,Female,7.0,7.0,7.0,0.0,Premium,Annual,789.0,30.0,Yes
244794.0,50.0,Male,56.0,19.0,2.0,26.0,Premium,Annual,839.48,1.0,Yes
436295.0,30.0,Male,6.0,13.0,1.0,11.0,Standard,Quarterly,823.58,25.0,No
348987.0,24.0,Female,43.0,7.0,0.0,6.0,Premium,Quarterly,539.51,12.0,No
183363.0,40.0,Male,6.0,10.0,4.0,24.0,Standard,Quarterly,662.0,24.0,Yes
350332.0,42.0,Female,25.0,13.0,4.0,8.0,Basic,Quarterly,830.55,12.0,No
120317.0,65.0,Male,44.0,1.0,5.0,2.0,Standard,Annual,956.0,7.0,Yes
318116.0,21.0,Male,10.0,29.0,0.0,12.0,Standard,Quarterly,746.8,9.0,No
371182.0,24.0,Male,53.0,27.0,1.0,18.0,Premium,Annual,990.53,6.0,No
222697.0,47.0,Female,6.0,1.0,6.0,15.0,Basic,Quarterly,431.98,6.0,Yes
137363.0,61.0,Female,58.0,29.0,3.0,3.0,Premium,Quarterly,314.0,16.0,Yes
259566.0,60.0,Female,5.0,29.0,0.0,24.0,Basic,Monthly,513.12,18.0,Yes
393488.0,32.0,Female,59.0,3.0,3.0,12.0,Basic,Annual,623.97,5.0,No
312476.0,37.0,Male,38.0,7.0,3.0,1.0,Premium,Quarterly,854.71,10.0,No
289701.0,22.0,Male,33.0,20.0,1.0,14.0,Premium,Quarterly,520.41,6.0,No
234215.0,33.0,Female,29.0,15.0,4.0,26.0,Standard,Annual,133.41,20.0,Yes
43898.0,34.0,Male,30.0,7.0,3.0,27.0,Premium,Annual,213.0,21.0,Yes
91606.0,24.0,Female,26.0,8.0,1.0,24.0,Basic,Annual,175.0,25.0,Yes
362313.0,36.0,Male,20.0,18.0,3.0,9.0,Premium,Annual,642.11,19.0,No
221624.0,22.0,Male,7.0,22.0,7.0,7.0,Standard,Quarterly,176.38,8.0,Yes
149977.0,54.0,Male,2.0,17.0,2.0,29.0,Premium,Annual,650.0,24.0,Yes
185013.0,51.0,Female,43.0,26.0,1.0,3.0,Basic,Annual,134.0,21.0,Yes
317915.0,34.0,Male,10.0,22.0,2.0,5.0,Standard,Quarterly,796.01,29.0,No
361899.0,44.0,Male,21.0,16.0,2.0,1.0,Standard,Annual,791.51,21.0,No
344933.0,30.0,Male,13.0,28.0,2.0,8.0,Premium,Quarterly,711.28,22.0,No
178356.0,51.0,Female,10.0,7.0,3.0,22.0,Basic,Annual,432.0,18.0,Yes
441153.0,45.0,Male,36.0,10.0,2.0,20.0,Premium,Quarterly,745.4,29.0,No
160381.0,38.0,Female,56.0,26.0,10.0,29.0,Standard,Monthly,600.0,18.0,Yes
192589.0,54.0,Male,43.0,28.0,4.0,12.0,Basic,Monthly,467.0,11.0,Yes
304759.0,50.0,Male,42.0,17.0,5.0,20.0,Basic,Quarterly,532.41,19.0,No
83898.0,64.0,Male,55.0,19.0,9.0,7.0,Standard,Monthly,853.0,26.0,Yes
206734.0,56.0,Male,49.0,3.0,5.0,26.0,Basic,Quarterly,409.64,24.0,Yes
324029.0,49.0,Male,41.0,29.0,1.0,1.0,Standard,Quarterly,776.56,18.0,No
239748.0,22.0,Female,20.0,12.0,7.0,18.0,Standard,Monthly,819.01,21.0,Yes
336125.0,43.0,Male,58.0,25.0,3.0,3.0,Premium,Quarterly,940.6,26.0,No
374184.0,43.0,Female,9.0,21.0,4.0,12.0,Premium,Quarterly,859.66,10.0,No
430234.0,41.0,Male,57.0,21.0,0.0,12.0,Standard,Annual,719.65,30.0,No
406519.0,50.0,Female,7.0,16.0,3.0,17.0,Standard,Quarterly,956.35,3.0,No
55117.0,58.0,Male,60.0,26.0,5.0,2.0,Basic,Quarterly,750.0,19.0,Yes
37860.0,42.0,Female,52.0,15.0,2.0,21.0,Basic,Quarterly,871.0,15.0,Yes
424762.0,45.0,Male,49.0,10.0,1.0,13.0,Basic,Annual,726.13,12.0,No
35374.0,42.0,Female,40.0,22.0,1.0,21.0,Premium,Monthly,424.0,3.0,Yes
32565.0,50.0,Male,2.0,18.0,2.0,16.0,Basic,Monthly,883.0,22.0,Yes
358138.0,50.0,Male,7.0,19.0,0.0,1.0,Basic,Annual,812.24,27.0,No
379002.0,45.0,Male,60.0,9.0,1.0,16.0,Standard,Quarterly,901.74,1.0,No
112692.0,55.0,Female,34.0,13.0,10.0,21.0,Premium,Quarterly,334.0,13.0,Yes
312963.0,44.0,Female,58.0,10.0,2.0,2.0,Basic,Annual,619.64,7.0,No
56680.0,43.0,Male,20.0,6.0,8.0,25.0,Standard,Monthly,590.0,12.0,Yes
72706.0,25.0,Male,43.0,22.0,7.0,3.0,Basic,Quarterly,643.0,3.0,Yes
323222.0,45.0,Female,29.0,24.0,4.0,17.0,Standard,Annual,717.98,12.0,No
390748.0,31.0,Male,42.0,21.0,1.0,19.0,Premium,Quarterly,568.21,10.0,No
437538.0,33.0,Male,52.0,3.0,0.0,2.0,Premium,Quarterly,786.96,9.0,No
10784.0,52.0,Male,18.0,9.0,4.0,19.0,Standard,Annual,251.0,27.0,Yes
422877.0,49.0,Female,49.0,16.0,1.0,20.0,Basic,Annual,964.84,1.0,No
362011.0,41.0,Male,8.0,3.0,1.0,1.0,Standard,Annual,507.6,25.0,No
216465.0,62.0,Male,48.0,2.0,8.0,1.0,Basic,Monthly,170.42,30.0,Yes
259782.0,23.0,Female,49.0,22.0,2.0,3.0,Basic,Monthly,414.72,1.0,Yes
391685.0,50.0,Female,50.0,26.0,5.0,14.0,Standard,Annual,951.96,1.0,No
330299.0,31.0,Male,6.0,10.0,2.0,7.0,Basic,Quarterly,876.14,25.0,No
69676.0,30.0,Female,32.0,11.0,5.0,8.0,Standard,Annual,179.0,25.0,Yes
246768.0,46.0,Female,9.0,14.0,4.0,3.0,Standard,Quarterly,747.07,30.0,Yes
247184.0,30.0,Female,9.0,9.0,9.0,13.0,Standard,Annual,105.13,19.0,Yes
141765.0,24.0,Female,12.0,7.0,1.0,4.0,Basic,Monthly,119.0,8.0,Yes
391050.0,41.0,Male,29.0,28.0,3.0,3.0,Basic,Annual,683.78,19.0,No
223448.0,43.0,Female,32.0,16.0,0.0,27.0,Premium,Annual,441.53,29.0,Yes
366538.0,42.0,Male,13.0,23.0,0.0,8.0,Basic,Annual,876.68,27.0,No
147419.0,22.0,Female,4.0,15.0,10.0,21.0,Basic,Annual,260.0,29.0,Yes
159894.0,47.0,Male,39.0,14.0,5.0,6.0,Basic,Quarterly,141.0,9.0,Yes
401621.0,26.0,Male,8.0,23.0,0.0,3.0,Premium,Quarterly,906.33,26.0,No
252386.0,56.0,Male,32.0,1.0,2.0,27.0,Basic,Annual,728.73,28.0,Yes
439598.0,50.0,Male,40.0,23.0,0.0,14.0,Premium,Quarterly,880.02,11.0,No
101243.0,55.0,Female,36.0,10.0,10.0,0.0,Standard,Annual,226.0,16.0,Yes
128054.0,48.0,Female,11.0,13.0,2.0,10.0,Basic,Monthly,621.0,22.0,Yes
294462.0,31.0,Male,48.0,7.0,3.0,5.0,Premium,Annual,662.59,29.0,No
195025.0,28.0,Male,53.0,10.0,2.0,0.0,Standard,Monthly,494.0,8.0,Yes
244690.0,27.0,Female,13.0,24.0,4.0,4.0,Premium,Annual,337.8,22.0,Yes
217899.0,57.0,Female,17.0,4.0,0.0,16.0,Basic,Monthly,501.88,7.0,Yes
29670.0,30.0,Male,6.0,18.0,3.0,6.0,Basic,Monthly,747.0,24.0,Yes
207884.0,65.0,Female,38.0,3.0,8.0,26.0,Premium,Monthly,846.64,27.0,Yes
128365.0,22.0,Male,41.0,8.0,6.0,20.0,Basic,Quarterly,448.0,10.0,Yes
182394.0,28.0,Female,25.0,27.0,9.0,22.0,Basic,Monthly,360.0,25.0,Yes
234128.0,43.0,Female,20.0,14.0,4.0,20.0,Basic,Quarterly,385.05,13.0,Yes
420948.0,50.0,Female,4.0,28.0,1.0,0.0,Premium,Quarterly,943.69,3.0,No
207508.0,64.0,Male,26.0,29.0,8.0,9.0,Standard,Quarterly,527.44,14.0,Yes
434721.0,48.0,Male,6.0,12.0,2.0,9.0,Standard,Annual,679.68,3.0,No
316172.0,19.0,Male,35.0,5.0,0.0,6.0,Basic,Quarterly,918.93,4.0,No
251217.0,41.0,Female,13.0,9.0,10.0,15.0,Premium,Monthly,869.39,19.0,Yes
358183.0,40.0,Female,18.0,24.0,0.0,19.0,Basic,Quarterly,847.86,8.0,No
432358.0,32.0,Male,36.0,7.0,1.0,9.0,Standard,Annual,577.71,9.0,No
190064.0,29.0,Male,11.0,24.0,10.0,17.0,Premium,Annual,219.0,10.0,Yes
74062.0,50.0,Male,52.0,11.0,6.0,0.0,Premium,Annual,734.0,1.0,Yes
444626.0,31.0,Male,4.0,16.0,2.0,16.0,Standard,Quarterly,687.21,21.0,No
384033.0,30.0,Female,54.0,28.0,2.0,14.0,Premium,Quarterly,739.17,13.0,No
250047.0,61.0,Female,16.0,12.0,8.0,20.0,Standard,Monthly,419.75,6.0,Yes
68582.0,34.0,Male,28.0,27.0,10.0,12.0,Standard,Annual,174.0,30.0,Yes
310047.0,30.0,Female,43.0,3.0,0.0,6.0,Standard,Quarterly,893.94,1.0,No
348162.0,42.0,Male,11.0,18.0,4.0,2.0,Basic,Quarterly,872.36,26.0,No
308262.0,35.0,Male,33.0,5.0,2.0,14.0,Basic,Quarterly,634.59,25.0,No
404644.0,41.0,Female,17.0,18.0,3.0,17.0,Standard,Quarterly,777.84,9.0,No
425934.0,33.0,Male,23.0,14.0,3.0,19.0,Standard,Quarterly,853.64,29.0,No
434967.0,25.0,Male,53.0,2.0,0.0,14.0,Standard,Quarterly,890.04,28.0,No
295093.0,32.0,Female,46.0,12.0,3.0,5.0,Standard,Quarterly,678.61,10.0,No
151605.0,52.0,Female,56.0,26.0,7.0,3.0,Standard,Monthly,366.0,17.0,Yes
429863.0,47.0,Male,11.0,19.0,3.0,11.0,Standard,Quarterly,795.43,29.0,No
212756.0,58.0,Male,28.0,10.0,4.0,15.0,Standard,Quarterly,422.36,21.0,Yes
288760.0,49.0,Male,8.0,16.0,1.0,0.0,Standard,Annual,790.07,19.0,No
74386.0,34.0,Male,45.0,3.0,6.0,11.0,Premium,Monthly,979.0,24.0,Yes
87339.0,20.0,Female,34.0,27.0,4.0,11.0,Basic,Monthly,432.0,24.0,Yes
147680.0,28.0,Male,5.0,11.0,8.0,30.0,Standard,Monthly,384.0,27.0,Yes
96614.0,47.0,Male,11.0,24.0,3.0,22.0,Premium,Quarterly,111.0,27.0,Yes
165223.0,19.0,Male,47.0,9.0,10.0,28.0,Standard,Annual,663.0,27.0,Yes
446759.0,22.0,Male,50.0,4.0,0.0,18.0,Basic,Quarterly,703.74,28.0,No
159097.0,57.0,Female,27.0,21.0,0.0,28.0,Basic,Quarterly,219.0,1.0,Yes
227108.0,49.0,Male,44.0,27.0,0.0,26.0,Premium,Quarterly,588.14,25.0,Yes
368830.0,29.0,Female,58.0,25.0,2.0,15.0,Basic,Annual,913.44,9.0,No
181893.0,18.0,Female,22.0,25.0,5.0,30.0,Basic,Annual,763.0,28.0,Yes
212533.0,51.0,Female,4.0,8.0,6.0,1.0,Basic,Annual,795.93,15.0,Yes
342594.0,22.0,Male,29.0,1.0,1.0,5.0,Premium,Quarterly,537.91,26.0,No
63791.0,38.0,Female,14.0,22.0,6.0,13.0,Standard,Quarterly,462.0,8.0,Yes
443312.0,36.0,Male,29.0,21.0,0.0,16.0,Standard,Annual,709.86,12.0,No
429191.0,32.0,Male,15.0,27.0,2.0,17.0,Basic,Quarterly,669.13,25.0,No
100139.0,24.0,Male,46.0,17.0,3.0,13.0,Basic,Monthly,613.0,18.0,Yes
146498.0,42.0,Female,10.0,11.0,10.0,21.0,Basic,Quarterly,696.0,19.0,Yes
21017.0,34.0,Male,26.0,20.0,2.0,23.0,Standard,Quarterly,281.0,21.0,Yes
295307.0,27.0,Female,58.0,19.0,1.0,4.0,Basic,Annual,566.58,3.0,No
396255.0,45.0,Male,6.0,18.0,1.0,10.0,Premium,Annual,516.95,13.0,No
247560.0,25.0,Female,28.0,3.0,5.0,13.0,Basic,Monthly,929.97,4.0,Yes
66572.0,18.0,Female,32.0,13.0,9.0,9.0,Premium,Quarterly,936.0,8.0,Yes
310936.0,41.0,Male,38.0,11.0,3.0,18.0,Basic,Quarterly,593.37,16.0,No
415682.0,31.0,Female,46.0,8.0,3.0,19.0,Basic,Quarterly,972.66,4.0,No
271813.0,45.0,Female,45.0,25.0,3.0,2.0,Standard,Quarterly,619.48,3.0,No
362182.0,29.0,Female,54.0,9.0,1.0,10.0,Basic,Annual,602.76,6.0,No
54991.0,58.0,Female,32.0,12.0,0.0,29.0,Standard,Quarterly,351.0,30.0,Yes
260089.0,64.0,Male,48.0,10.0,3.0,17.0,Basic,Monthly,154.98,2.0,Yes
439227.0,34.0,Male,31.0,30.0,2.0,13.0,Premium,Quarterly,731.08,20.0,No
223140.0,46.0,Male,21.0,24.0,8.0,23.0,Premium,Annual,342.93,14.0,Yes
292552.0,41.0,Male,19.0,15.0,2.0,11.0,Basic,Quarterly,817.46,16.0,No
144334.0,32.0,Male,11.0,18.0,9.0,10.0,Basic,Quarterly,388.0,25.0,Yes
61311.0,28.0,Female,48.0,11.0,0.0,30.0,Basic,Monthly,332.0,16.0,Yes
295382.0,37.0,Female,50.0,23.0,2.0,2.0,Basic,Quarterly,933.91,9.0,No
298778.0,34.0,Male,52.0,9.0,3.0,0.0,Basic,Annual,531.29,18.0,No
430778.0,36.0,Male,43.0,25.0,1.0,11.0,Basic,Quarterly,549.82,19.0,No
220640.0,31.0,Male,20.0,7.0,1.0,23.0,Basic,Annual,292.73,28.0,Yes
366199.0,32.0,Male,14.0,27.0,3.0,11.0,Premium,Quarterly,688.5,16.0,No
375416.0,49.0,Male,13.0,16.0,0.0,12.0,Standard,Annual,692.73,13.0,No
266440.0,36.0,Male,11.0,29.0,0.0,5.0,Standard,Annual,580.72,13.0,No
177021.0,33.0,Female,30.0,22.0,2.0,15.0,Standard,Annual,544.0,25.0,Yes
409937.0,32.0,Male,9.0,30.0,3.0,9.0,Basic,Annual,791.53,15.0,No
211518.0,65.0,Female,46.0,10.0,5.0,0.0,Standard,Monthly,737.23,2.0,Yes
175942.0,51.0,Male,5.0,29.0,6.0,0.0,Standard,Monthly,497.0,8.0,Yes
109377.0,49.0,Male,52.0,7.0,7.0,0.0,Premium,Quarterly,447.0,30.0,Yes
248735.0,28.0,Female,37.0,20.0,10.0,21.0,Basic,Monthly,160.84,29.0,Yes
360269.0,19.0,Female,47.0,28.0,0.0,8.0,Basic,Quarterly,602.84,9.0,No
48275.0,43.0,Male,15.0,27.0,5.0,5.0,Premium,Annual,312.0,27.0,Yes
190701.0,58.0,Female,24.0,30.0,1.0,22.0,Basic,Monthly,186.0,10.0,Yes
308111.0,28.0,Male,53.0,30.0,2.0,5.0,Basic,Annual,568.86,15.0,No
348010.0,43.0,Male,31.0,6.0,0.0,18.0,Premium,Annual,853.96,25.0,No
270546.0,31.0,Female,2.0,30.0,1.0,4.0,Premium,Annual,798.65,14.0,No
25581.0,43.0,Male,58.0,27.0,4.0,26.0,Premium,Quarterly,819.0,25.0,Yes
171942.0,34.0,Male,14.0,29.0,1.0,5.0,Premium,Quarterly,727.0,10.0,No
217454.0,60.0,Female,59.0,11.0,10.0,16.0,Standard,Quarterly,428.94,29.0,Yes
404765.0,31.0,Male,6.0,27.0,3.0,0.0,Standard,Annual,762.48,27.0,No
113392.0,27.0,Female,40.0,15.0,10.0,12.0,Premium,Quarterly,338.0,1.0,Yes
4565.0,26.0,Female,48.0,23.0,7.0,29.0,Premium,Monthly,544.0,7.0,Yes
39626.0,33.0,Female,7.0,1.0,6.0,30.0,Premium,Annual,901.0,11.0,Yes
33189.0,19.0,Male,40.0,30.0,10.0,29.0,Standard,Quarterly,398.0,15.0,Yes
147219.0,48.0,Female,1.0,2.0,7.0,6.0,Basic,Annual,562.0,24.0,Yes
88872.0,22.0,Female,2.0,10.0,0.0,9.0,Basic,Annual,864.0,27.0,Yes
175621.0,51.0,Female,49.0,24.0,6.0,6.0,Basic,Quarterly,415.0,4.0,Yes
392925.0,36.0,Male,51.0,22.0,0.0,10.0,Premium,Annual,605.25,2.0,No
432403.0,32.0,Male,48.0,19.0,2.0,8.0,Basic,Annual,719.73,8.0,No
220713.0,40.0,Female,3.0,9.0,0.0,6.0,Premium,Annual,133.24,17.0,Yes
280832.0,18.0,Male,27.0,14.0,1.0,16.0,Premium,Quarterly,761.35,9.0,No
374036.0,49.0,Female,51.0,1.0,4.0,13.0,Basic,Quarterly,897.2,13.0,No
209431.0,41.0,Male,4.0,8.0,1.0,9.0,Premium,Annual,313.12,25.0,Yes
283289.0,45.0,Male,55.0,30.0,3.0,16.0,Basic,Annual,961.63,9.0,No
312509.0,47.0,Female,23.0,23.0,4.0,13.0,Standard,Annual,637.75,14.0,No
118439.0,39.0,Female,46.0,16.0,6.0,10.0,Premium,Quarterly,597.0,27.0,Yes
308495.0,37.0,Male,45.0,11.0,1.0,18.0,Basic,Quarterly,933.38,30.0,No
246844.0,49.0,Male,7.0,16.0,7.0,29.0,Standard,Annual,519.54,8.0,Yes
443083.0,20.0,Male,5.0,24.0,2.0,18.0,Standard,Annual,774.07,15.0,No
303797.0,44.0,Female,52.0,5.0,2.0,0.0,Standard,Quarterly,827.68,5.0,No
41144.0,33.0,Male,3.0,21.0,3.0,18.0,Basic,Monthly,770.0,30.0,Yes
376316.0,22.0,Male,47.0,4.0,1.0,16.0,Standard,Annual,573.91,25.0,No
300223.0,29.0,Male,6.0,28.0,0.0,10.0,Premium,Annual,700.25,7.0,No
280823.0,42.0,Male,38.0,20.0,1.0,7.0,Premium,Quarterly,943.55,28.0,No
233004.0,19.0,Male,56.0,10.0,9.0,21.0,Basic,Annual,408.73,10.0,Yes
189081.0,34.0,Male,20.0,7.0,2.0,19.0,Premium,Monthly,581.0,12.0,Yes
79597.0,33.0,Male,42.0,11.0,0.0,18.0,Premium,Monthly,168.0,16.0,Yes
335538.0,23.0,Female,36.0,23.0,1.0,6.0,Premium,Annual,606.66,1.0,No
141662.0,50.0,Male,33.0,17.0,7.0,28.0,Standard,Quarterly,413.0,19.0,Yes
143389.0,62.0,Male,17.0,28.0,7.0,24.0,Basic,Monthly,533.0,26.0,Yes
301557.0,30.0,Female,30.0,5.0,2.0,15.0,Basic,Quarterly,824.6,8.0,No
421828.0,40.0,Female,28.0,6.0,0.0,9.0,Standard,Quarterly,575.58,10.0,No
264478.0,32.0,Male,37.0,4.0,0.0,20.0,Basic,Quarterly,716.75,27.0,No
353376.0,47.0,Male,22.0,25.0,1.0,4.0,Basic,Annual,878.28,23.0,No
369118.0,36.0,Male,46.0,27.0,1.0,14.0,Basic,Annual,979.63,24.0,No
395778.0,29.0,Male,57.0,16.0,0.0,11.0,Basic,Quarterly,568.55,23.0,No
218052.0,59.0,Female,28.0,23.0,7.0,24.0,Basic,Annual,509.92,4.0,Yes
113809.0,19.0,Male,40.0,8.0,6.0,8.0,Premium,Annual,953.0,2.0,Yes
17293.0,57.0,Male,36.0,23.0,1.0,14.0,Premium,Annual,253.0,15.0,Yes
147335.0,56.0,Female,35.0,7.0,9.0,21.0,Standard,Monthly,997.0,8.0,Yes
12258.0,63.0,Female,6.0,22.0,4.0,29.0,Premium,Annual,483.0,27.0,Yes
301426.0,39.0,Male,54.0,3.0,3.0,9.0,Standard,Annual,995.91,29.0,No
77540.0,25.0,Female,6.0,1.0,4.0,15.0,Premium,Quarterly,644.0,22.0,Yes
158289.0,53.0,Female,25.0,20.0,4.0,21.0,Basic,Monthly,326.0,15.0,Yes
224852.0,41.0,Female,40.0,12.0,6.0,5.0,Standard,Quarterly,496.53,12.0,Yes
308212.0,37.0,Female,31.0,14.0,1.0,5.0,Standard,Quarterly,958.13,10.0,No
127259.0,41.0,Male,45.0,8.0,5.0,18.0,Standard,Quarterly,312.0,16.0,Yes
250513.0,53.0,Male,13.0,16.0,2.0,5.0,Premium,Annual,841.32,25.0,Yes
387331.0,32.0,Female,48.0,20.0,0.0,14.0,Basic,Quarterly,706.41,8.0,No
380711.0,31.0,Female,60.0,21.0,3.0,19.0,Standard,Annual,769.72,1.0,No
281123.0,48.0,Male,11.0,23.0,0.0,7.0,Basic,Quarterly,715.58,15.0,No
441338.0,25.0,Male,34.0,29.0,0.0,9.0,Premium,Annual,766.3,28.0,No
16916.0,64.0,Male,31.0,1.0,9.0,5.0,Premium,Monthly,812.0,15.0,Yes
392714.0,46.0,Female,31.0,14.0,0.0,1.0,Standard,Quarterly,536.75,4.0,No
250765.0,34.0,Male,13.0,17.0,9.0,22.0,Premium,Annual,593.77,1.0,Yes
99645.0,23.0,Female,47.0,1.0,7.0,7.0,Standard,Annual,520.0,12.0,Yes
294637.0,19.0,Female,49.0,7.0,0.0,2.0,Premium,Quarterly,928.99,11.0,No
235772.0,31.0,Female,39.0,21.0,0.0,28.0,Basic,Monthly,373.12,20.0,Yes
347899.0,30.0,Male,59.0,2.0,1.0,10.0,Standard,Annual,998.45,24.0,No
306077.0,22.0,Male,41.0,8.0,1.0,18.0,Standard,Annual,678.64,2.0,No
164206.0,19.0,Female,53.0,28.0,7.0,20.0,Standard,Monthly,525.0,14.0,Yes
412110.0,29.0,Female,53.0,23.0,0.0,16.0,Basic,Quarterly,640.5,4.0,No
256457.0,54.0,Female,22.0,18.0,5.0,3.0,Premium,Annual,678.22,21.0,Yes
406302.0,45.0,Male,22.0,25.0,3.0,8.0,Premium,Annual,995.06,27.0,No
411377.0,33.0,Male,11.0,19.0,3.0,12.0,Premium,Annual,576.04,21.0,No
169977.0,50.0,Male,29.0,14.0,5.0,27.0,Basic,Annual,112.0,23.0,Yes
33492.0,25.0,Female,45.0,10.0,6.0,22.0,Basic,Quarterly,309.0,25.0,Yes
164690.0,29.0,Female,6.0,24.0,2.0,1.0,Basic,Monthly,101.0,19.0,Yes
143829.0,49.0,Female,29.0,29.0,0.0,19.0,Basic,Monthly,278.0,13.0,Yes
135535.0,30.0,Female,49.0,20.0,5.0,25.0,Basic,Annual,950.0,1.0,Yes
217550.0,33.0,Male,58.0,4.0,6.0,25.0,Standard,Monthly,286.89,1.0,Yes
385033.0,34.0,Female,57.0,15.0,0.0,15.0,Premium,Annual,712.85,14.0,No
82406.0,39.0,Female,16.0,6.0,8.0,5.0,Basic,Quarterly,254.0,6.0,Yes
428433.0,32.0,Female,43.0,30.0,0.0,8.0,Standard,Annual,924.17,14.0,No
158467.0,34.0,Female,50.0,2.0,3.0,9.0,Basic,Monthly,275.0,12.0,Yes
109884.0,65.0,Female,50.0,21.0,4.0,20.0,Premium,Monthly,955.0,3.0,Yes
119981.0,47.0,Female,24.0,21.0,1.0,18.0,Premium,Annual,245.0,25.0,Yes
213878.0,47.0,Female,1.0,14.0,8.0,11.0,Standard,Annual,135.61,6.0,Yes
402825.0,30.0,Male,18.0,21.0,3.0,19.0,Basic,Annual,845.34,6.0,No
13991.0,28.0,Female,42.0,20.0,5.0,10.0,Standard,Annual,665.0,24.0,Yes
93472.0,62.0,Female,55.0,16.0,9.0,22.0,Premium,Annual,891.0,9.0,Yes
210194.0,19.0,Female,12.0,19.0,6.0,7.0,Premium,Quarterly,626.48,7.0,Yes
151917.0,52.0,Female,2.0,24.0,2.0,11.0,Basic,Monthly,474.0,25.0,Yes
236536.0,53.0,Female,10.0,11.0,1.0,0.0,Premium,Quarterly,920.53,15.0,Yes
375860.0,47.0,Male,38.0,17.0,1.0,2.0,Standard,Quarterly,776.87,27.0,No
145318.0,28.0,Female,46.0,2.0,1.0,22.0,Standard,Quarterly,920.0,23.0,Yes
25274.0,44.0,Female,25.0,25.0,3.0,0.0,Premium,Annual,209.0,18.0,Yes
41272.0,29.0,Female,51.0,29.0,0.0,7.0,Basic,Monthly,564.0,6.0,Yes
29501.0,29.0,Female,23.0,12.0,2.0,15.0,Basic,Quarterly,749.0,24.0,Yes
427164.0,41.0,Male,58.0,9.0,1.0,12.0,Basic,Quarterly,616.78,29.0,No
328004.0,35.0,Female,57.0,6.0,1.0,10.0,Premium,Annual,524.97,1.0,No
308436.0,42.0,Female,48.0,16.0,4.0,20.0,Standard,Quarterly,714.07,12.0,No
372921.0,42.0,Male,32.0,26.0,2.0,7.0,Basic,Quarterly,905.22,20.0,No
249224.0,55.0,Female,2.0,8.0,5.0,21.0,Premium,Annual,884.57,5.0,Yes
67478.0,31.0,Female,50.0,23.0,0.0,28.0,Premium,Monthly,569.0,17.0,Yes
162329.0,29.0,Female,45.0,30.0,1.0,18.0,Standard,Annual,863.0,19.0,Yes
256837.0,20.0,Female,25.0,14.0,1.0,2.0,Premium,Annual,624.76,16.0,Yes
42096.0,36.0,Male,7.0,19.0,10.0,7.0,Premium,Annual,965.0,7.0,Yes
407667.0,35.0,Male,5.0,28.0,1.0,7.0,Standard,Quarterly,731.19,14.0,No
436433.0,35.0,Male,59.0,4.0,3.0,4.0,Premium,Quarterly,962.01,10.0,No
355149.0,36.0,Male,55.0,12.0,0.0,1.0,Standard,Annual,543.48,19.0,No
179805.0,62.0,Male,58.0,15.0,4.0,14.0,Premium,Annual,844.0,13.0,Yes
158126.0,45.0,Female,37.0,19.0,7.0,1.0,Standard,Quarterly,740.0,8.0,Yes
440755.0,36.0,Male,44.0,13.0,2.0,6.0,Premium,Annual,975.11,19.0,No
132214.0,20.0,Female,4.0,23.0,1.0,27.0,Premium,Quarterly,927.0,29.0,Yes
137765.0,20.0,Female,12.0,2.0,4.0,26.0,Basic,Annual,785.0,12.0,Yes
12051.0,48.0,Female,8.0,10.0,3.0,2.0,Standard,Annual,766.0,14.0,No
81937.0,65.0,Male,53.0,27.0,9.0,11.0,Basic,Quarterly,929.0,5.0,Yes
360335.0,32.0,Male,9.0,26.0,1.0,7.0,Standard,Quarterly,951.06,29.0,No
156731.0,39.0,Female,51.0,11.0,1.0,10.0,Standard,Quarterly,673.0,16.0,Yes
232597.0,33.0,Female,40.0,7.0,8.0,30.0,Premium,Annual,389.77,12.0,Yes
317343.0,43.0,Male,27.0,14.0,2.0,3.0,Basic,Quarterly,757.07,14.0,No
330452.0,50.0,Female,57.0,27.0,4.0,11.0,Premium,Quarterly,659.66,8.0,No
29504.0,35.0,Female,59.0,5.0,8.0,2.0,Basic,Monthly,168.0,24.0,Yes
308188.0,45.0,Female,37.0,4.0,1.0,2.0,Basic,Quarterly,555.11,7.0,No
314244.0,41.0,Male,46.0,3.0,0.0,4.0,Basic,Annual,670.11,30.0,No
245538.0,53.0,Male,24.0,30.0,2.0,21.0,Basic,Monthly,851.99,8.0,Yes
190223.0,33.0,Male,13.0,12.0,1.0,14.0,Premium,Monthly,895.0,5.0,Yes
77487.0,62.0,Male,34.0,19.0,9.0,5.0,Premium,Annual,655.0,9.0,Yes
393562.0,32.0,Male,32.0,26.0,3.0,12.0,Standard,Quarterly,514.98,2.0,No
372401.0,18.0,Female,42.0,22.0,1.0,3.0,Premium,Annual,827.45,14.0,No
227741.0,54.0,Female,52.0,15.0,1.0,28.0,Standard,Quarterly,949.03,27.0,Yes
122913.0,60.0,Female,58.0,23.0,7.0,12.0,Standard,Annual,962.0,30.0,Yes
11630.0,32.0,Female,46.0,5.0,2.0,14.0,Basic,Annual,136.0,29.0,Yes
301953.0,22.0,Male,32.0,27.0,0.0,10.0,Premium,Quarterly,578.49,4.0,No
172506.0,53.0,Female,19.0,28.0,1.0,4.0,Standard,Monthly,446.0,12.0,Yes
113816.0,63.0,Female,35.0,9.0,0.0,6.0,Basic,Monthly,876.0,23.0,Yes
380839.0,41.0,Male,23.0,22.0,4.0,19.0,Standard,Quarterly,596.7,6.0,No
367330.0,42.0,Male,25.0,25.0,0.0,13.0,Standard,Quarterly,721.09,6.0,No
424248.0,24.0,Male,39.0,15.0,2.0,7.0,Premium,Annual,581.42,8.0,No
85838.0,34.0,Female,23.0,22.0,7.0,0.0,Standard,Monthly,994.0,9.0,Yes
383544.0,33.0,Male,25.0,3.0,3.0,17.0,Premium,Quarterly,593.2,8.0,No
214442.0,38.0,Female,6.0,21.0,3.0,9.0,Standard,Quarterly,398.31,11.0,Yes
6703.0,29.0,Male,59.0,2.0,10.0,24.0,Basic,Monthly,331.0,19.0,Yes
228455.0,35.0,Female,45.0,19.0,5.0,10.0,Premium,Quarterly,196.76,16.0,Yes
177884.0,29.0,Male,24.0,26.0,4.0,17.0,Basic,Monthly,796.0,13.0,Yes
24026.0,20.0,Female,5.0,10.0,9.0,7.0,Premium,Annual,264.0,6.0,Yes
67463.0,55.0,Female,8.0,13.0,7.0,30.0,Standard,Quarterly,474.0,3.0,Yes
29753.0,63.0,Male,32.0,20.0,8.0,20.0,Basic,Annual,192.0,18.0,Yes
58786.0,36.0,Male,35.0,17.0,6.0,30.0,Premium,Annual,161.0,7.0,Yes
258137.0,31.0,Male,5.0,8.0,5.0,18.0,Premium,Quarterly,216.73,11.0,Yes
220055.0,52.0,Male,23.0,4.0,9.0,10.0,Standard,Quarterly,965.51,22.0,Yes
203034.0,22.0,Female,43.0,9.0,3.0,20.0,Standard,Monthly,949.0,23.0,Yes
63061.0,39.0,Male,20.0,4.0,6.0,11.0,Basic,Monthly,775.0,22.0,Yes
136468.0,41.0,Female,26.0,6.0,2.0,8.0,Standard,Quarterly,633.0,30.0,Yes
38685.0,52.0,Male,30.0,10.0,10.0,18.0,Basic,Quarterly,229.0,14.0,Yes
183354.0,31.0,Female,46.0,25.0,9.0,9.0,Basic,Monthly,560.0,10.0,Yes
239944.0,27.0,Male,15.0,30.0,5.0,25.0,Standard,Monthly,356.94,25.0,Yes
130293.0,65.0,Female,7.0,1.0,0.0,20.0,Premium,Annual,613.0,3.0,Yes
224704.0,28.0,Male,52.0,14.0,0.0,26.0,Basic,Quarterly,382.03,15.0,Yes
274087.0,37.0,Male,39.0,26.0,1.0,0.0,Premium,Annual,631.31,21.0,No
37374.0,46.0,Female,19.0,9.0,3.0,9.0,Basic,Annual,189.0,23.0,Yes
437819.0,22.0,Male,36.0,17.0,1.0,19.0,Basic,Quarterly,505.78,12.0,No
366379.0,34.0,Male,35.0,1.0,2.0,11.0,Premium,Annual,950.46,23.0,No
88006.0,29.0,Male,8.0,19.0,7.0,3.0,Premium,Monthly,110.0,5.0,Yes
198904.0,30.0,Female,31.0,3.0,6.0,20.0,Standard,Monthly,329.0,26.0,Yes
422847.0,48.0,Male,29.0,29.0,3.0,0.0,Standard,Annual,761.87,13.0,No
294817.0,40.0,Female,8.0,4.0,4.0,0.0,Premium,Annual,548.54,7.0,No
102713.0,25.0,Female,39.0,28.0,1.0,19.0,Premium,Monthly,870.0,21.0,Yes
12375.0,36.0,Male,44.0,12.0,8.0,18.0,Standard,Monthly,452.0,29.0,Yes
335509.0,36.0,Male,26.0,28.0,1.0,3.0,Standard,Quarterly,688.21,20.0,No
294416.0,25.0,Male,14.0,10.0,1.0,20.0,Basic,Annual,648.66,11.0,No
270335.0,41.0,Female,18.0,23.0,3.0,8.0,Premium,Annual,713.31,2.0,No
323890.0,23.0,Male,31.0,22.0,1.0,8.0,Basic,Quarterly,825.92,20.0,No
194662.0,56.0,Female,54.0,22.0,8.0,14.0,Premium,Monthly,198.0,1.0,Yes
72859.0,19.0,Male,55.0,6.0,5.0,25.0,Basic,Annual,798.0,25.0,Yes
64446.0,41.0,Male,23.0,21.0,8.0,8.0,Premium,Monthly,526.0,7.0,Yes
98991.0,43.0,Female,36.0,1.0,4.0,6.0,Basic,Quarterly,470.0,7.0,Yes
83664.0,49.0,Male,29.0,22.0,0.0,24.0,Premium,Monthly,958.0,21.0,Yes
8506.0,29.0,Male,43.0,22.0,4.0,0.0,Basic,Monthly,922.0,18.0,Yes
429460.0,22.0,Female,42.0,6.0,2.0,20.0,Basic,Quarterly,997.96,15.0,No
79810.0,33.0,Male,6.0,1.0,10.0,13.0,Standard,Annual,270.0,2.0,Yes
78369.0,26.0,Female,24.0,4.0,1.0,13.0,Standard,Quarterly,399.0,1.0,Yes
432268.0,18.0,Female,46.0,13.0,0.0,14.0,Premium,Annual,946.07,2.0,No
49819.0,60.0,Female,4.0,7.0,4.0,16.0,Premium,Quarterly,925.0,8.0,Yes
201750.0,22.0,Male,22.0,20.0,4.0,3.0,Standard,Annual,327.0,29.0,Yes
53180.0,48.0,Female,52.0,26.0,3.0,27.0,Standard,Quarterly,530.0,6.0,Yes
376395.0,18.0,Male,3.0,8.0,1.0,10.0,Premium,Annual,627.65,25.0,No
441387.0,33.0,Male,49.0,4.0,1.0,15.0,Premium,Annual,973.11,10.0,No
346219.0,22.0,Female,7.0,1.0,0.0,15.0,Basic,Annual,749.07,8.0,No
362433.0,28.0,Male,2.0,17.0,1.0,1.0,Premium,Annual,891.01,6.0,No
367150.0,39.0,Male,23.0,19.0,3.0,2.0,Basic,Quarterly,516.68,8.0,No
283367.0,50.0,Female,13.0,10.0,4.0,14.0,Standard,Annual,720.81,8.0,No
5922.0,48.0,Female,4.0,6.0,3.0,6.0,Premium,Quarterly,588.0,25.0,Yes
126022.0,56.0,Male,44.0,16.0,5.0,9.0,Standard,Annual,134.0,17.0,Yes
377073.0,26.0,Male,30.0,22.0,0.0,20.0,Basic,Annual,794.12,21.0,No
411406.0,43.0,Female,51.0,23.0,4.0,1.0,Basic,Quarterly,672.11,12.0,No
205681.0,44.0,Male,29.0,13.0,5.0,24.0,Premium,Monthly,545.11,24.0,Yes
84905.0,38.0,Female,29.0,13.0,2.0,16.0,Premium,Monthly,965.0,19.0,Yes
416686.0,50.0,Male,48.0,5.0,5.0,8.0,Premium,Annual,968.21,2.0,No
415931.0,44.0,Female,32.0,26.0,2.0,10.0,Premium,Quarterly,552.2,2.0,No
129198.0,55.0,Male,56.0,3.0,6.0,28.0,Standard,Quarterly,683.0,30.0,Yes
108098.0,45.0,Female,4.0,23.0,3.0,0.0,Premium,Quarterly,441.0,8.0,Yes
395433.0,29.0,Male,15.0,23.0,0.0,6.0,Premium,Quarterly,525.54,10.0,No
201148.0,54.0,Male,2.0,25.0,4.0,13.0,Standard,Quarterly,521.0,17.0,Yes
93329.0,33.0,Male,10.0,14.0,3.0,21.0,Standard,Quarterly,914.0,29.0,Yes
398708.0,48.0,Male,36.0,16.0,2.0,0.0,Basic,Quarterly,882.55,8.0,No
187007.0,52.0,Male,41.0,6.0,0.0,7.0,Standard,Quarterly,769.0,8.0,Yes
381909.0,31.0,Female,44.0,22.0,0.0,4.0,Standard,Annual,620.14,10.0,No
212192.0,56.0,Male,1.0,22.0,10.0,3.0,Standard,Annual,731.15,22.0,Yes
397147.0,50.0,Male,42.0,12.0,4.0,14.0,Premium,Annual,803.28,8.0,No
235161.0,61.0,Female,50.0,13.0,7.0,26.0,Basic,Monthly,238.36,24.0,Yes
388749.0,23.0,Male,12.0,19.0,1.0,7.0,Basic,Quarterly,866.84,18.0,No
120691.0,25.0,Male,35.0,26.0,4.0,25.0,Premium,Monthly,270.0,19.0,Yes
401613.0,48.0,Female,58.0,6.0,4.0,3.0,Basic,Annual,535.83,10.0,No
122512.0,24.0,Male,11.0,17.0,3.0,10.0,Standard,Quarterly,118.0,11.0,Yes
290213.0,28.0,Female,31.0,6.0,1.0,13.0,Premium,Annual,888.62,13.0,No
389979.0,44.0,Male,35.0,14.0,3.0,10.0,Standard,Annual,809.47,23.0,No
83947.0,64.0,Male,40.0,8.0,7.0,14.0,Premium,Annual,844.0,26.0,Yes
430519.0,45.0,Male,52.0,20.0,0.0,11.0,Premium,Quarterly,958.35,22.0,No
298932.0,49.0,Male,42.0,26.0,1.0,18.0,Premium,Quarterly,851.37,10.0,No
172390.0,65.0,Male,36.0,24.0,8.0,5.0,Premium,Annual,940.0,19.0,Yes
439590.0,49.0,Male,12.0,23.0,4.0,7.0,Basic,Quarterly,969.31,20.0,No
1106.0,19.0,Male,37.0,21.0,8.0,22.0,Premium,Monthly,950.0,19.0,Yes
421329.0,27.0,Male,43.0,2.0,1.0,3.0,Standard,Annual,541.98,18.0,No
82036.0,52.0,Female,55.0,28.0,10.0,11.0,Basic,Quarterly,204.0,30.0,Yes
115298.0,25.0,Male,8.0,26.0,3.0,3.0,Standard,Annual,450.0,30.0,Yes
63771.0,41.0,Female,30.0,23.0,5.0,24.0,Basic,Quarterly,228.0,23.0,Yes
256663.0,33.0,Female,9.0,6.0,0.0,12.0,Basic,Monthly,360.75,9.0,Yes
83153.0,40.0,Male,30.0,9.0,5.0,0.0,Basic,Annual,893.0,16.0,Yes
154278.0,50.0,Female,28.0,21.0,5.0,3.0,Standard,Annual,991.0,16.0,Yes
160043.0,52.0,Male,34.0,14.0,0.0,7.0,Basic,Quarterly,959.0,5.0,Yes
232621.0,20.0,Female,55.0,16.0,0.0,13.0,Premium,Annual,215.81,1.0,Yes
313616.0,30.0,Male,9.0,23.0,3.0,2.0,Standard,Quarterly,755.47,23.0,No
219151.0,39.0,Female,43.0,13.0,4.0,19.0,Standard,Annual,192.61,19.0,Yes
196709.0,57.0,Female,49.0,5.0,0.0,13.0,Standard,Monthly,787.0,22.0,Yes
199900.0,31.0,Male,6.0,9.0,3.0,10.0,Premium,Quarterly,608.0,20.0,No
359703.0,31.0,Male,25.0,27.0,0.0,19.0,Basic,Quarterly,941.2,13.0,No
438206.0,50.0,Female,54.0,28.0,5.0,2.0,Standard,Quarterly,736.11,7.0,No
401683.0,48.0,Male,6.0,18.0,0.0,0.0,Premium,Quarterly,804.2,15.0,No
430988.0,46.0,Male,50.0,3.0,3.0,17.0,Standard,Annual,860.86,23.0,No
442270.0,34.0,Male,6.0,10.0,2.0,10.0,Premium,Annual,901.02,16.0,No
255686.0,23.0,Female,54.0,16.0,7.0,22.0,Premium,Quarterly,250.63,14.0,Yes
161759.0,39.0,Female,40.0,29.0,3.0,19.0,Basic,Quarterly,199.0,27.0,Yes
129801.0,18.0,Male,28.0,4.0,5.0,0.0,Standard,Quarterly,765.0,17.0,Yes
373012.0,43.0,Male,24.0,29.0,3.0,13.0,Premium,Quarterly,914.53,5.0,No
163500.0,61.0,Male,23.0,16.0,2.0,0.0,Premium,Annual,724.0,8.0,Yes
425544.0,30.0,Male,2.0,22.0,1.0,12.0,Premium,Annual,735.24,14.0,No
26662.0,35.0,Male,46.0,22.0,3.0,14.0,Basic,Monthly,162.0,24.0,Yes
213032.0,33.0,Female,33.0,20.0,8.0,13.0,Standard,Quarterly,965.97,2.0,Yes
308351.0,33.0,Male,58.0,15.0,1.0,0.0,Basic,Annual,690.67,21.0,No
9906.0,56.0,Male,51.0,5.0,1.0,7.0,Basic,Quarterly,567.0,11.0,Yes
423472.0,25.0,Male,9.0,6.0,2.0,3.0,Standard,Annual,603.24,7.0,No
265448.0,35.0,Male,32.0,7.0,0.0,6.0,Basic,Annual,713.51,19.0,No
9757.0,52.0,Female,14.0,26.0,6.0,10.0,Premium,Annual,738.0,28.0,Yes
326948.0,48.0,Female,7.0,2.0,2.0,4.0,Premium,Quarterly,569.8,14.0,No
317776.0,30.0,Male,55.0,9.0,0.0,7.0,Basic,Quarterly,590.77,21.0,No
167577.0,29.0,Male,43.0,11.0,10.0,22.0,Basic,Monthly,987.0,11.0,Yes
30616.0,50.0,Male,55.0,30.0,6.0,20.0,Standard,Monthly,923.0,24.0,Yes
239304.0,23.0,Male,14.0,21.0,1.0,23.0,Basic,Annual,851.09,27.0,Yes
241852.0,43.0,Male,53.0,20.0,0.0,24.0,Premium,Annual,744.87,15.0,Yes
449193.0,23.0,Male,29.0,30.0,1.0,18.0,Premium,Annual,975.89,19.0,No
200418.0,46.0,Female,30.0,3.0,1.0,20.0,Basic,Annual,594.0,23.0,Yes
241104.0,51.0,Male,58.0,24.0,5.0,17.0,Premium,Annual,443.99,13.0,Yes
104276.0,54.0,Female,36.0,30.0,3.0,22.0,Standard,Monthly,980.0,13.0,Yes
386183.0,35.0,Female,43.0,2.0,2.0,14.0,Premium,Quarterly,952.06,9.0,No
5780.0,45.0,Female,58.0,30.0,9.0,12.0,Basic,Quarterly,435.0,8.0,Yes
24448.0,63.0,Male,10.0,4.0,3.0,3.0,Standard,Monthly,501.0,8.0,Yes
410370.0,47.0,Female,25.0,22.0,0.0,2.0,Basic,Annual,776.11,14.0,No
116970.0,38.0,Female,17.0,8.0,9.0,13.0,Standard,Annual,218.0,10.0,Yes
281224.0,26.0,Male,42.0,7.0,1.0,8.0,Basic,Quarterly,854.59,17.0,No
174774.0,32.0,Female,44.0,26.0,1.0,4.0,Standard,Monthly,466.0,6.0,Yes
344442.0,48.0,Male,9.0,26.0,0.0,8.0,Standard,Quarterly,927.57,5.0,No
82056.0,60.0,Female,17.0,18.0,10.0,0.0,Standard,Quarterly,748.0,14.0,Yes
305603.0,33.0,Male,57.0,18.0,2.0,13.0,Standard,Annual,531.7,25.0,No
175858.0,29.0,Male,6.0,8.0,2.0,17.0,Basic,Quarterly,646.0,11.0,No
15065.0,50.0,Male,25.0,18.0,4.0,7.0,Basic,Monthly,992.0,15.0,Yes
232036.0,62.0,Male,49.0,24.0,7.0,17.0,Standard,Annual,218.62,30.0,Yes
13741.0,22.0,Female,27.0,21.0,0.0,27.0,Basic,Quarterly,596.0,21.0,Yes
96592.0,28.0,Female,29.0,29.0,3.0,9.0,Premium,Monthly,980.0,16.0,Yes
130799.0,60.0,Female,45.0,9.0,9.0,23.0,Premium,Annual,782.0,8.0,Yes
281962.0,41.0,Male,50.0,14.0,3.0,15.0,Premium,Quarterly,661.52,12.0,No
364569.0,46.0,Female,28.0,24.0,0.0,9.0,Premium,Annual,500.99,5.0,No
151224.0,35.0,Female,18.0,16.0,5.0,20.0,Premium,Annual,306.0,19.0,Yes
197741.0,39.0,Female,53.0,4.0,9.0,29.0,Basic,Quarterly,855.0,12.0,Yes
170880.0,26.0,Male,10.0,11.0,9.0,18.0,Basic,Annual,672.0,9.0,Yes
121235.0,55.0,Male,33.0,3.0,10.0,0.0,Premium,Annual,837.0,8.0,Yes
46231.0,19.0,Female,56.0,8.0,8.0,9.0,Basic,Monthly,254.0,22.0,Yes
213097.0,59.0,Female,57.0,23.0,3.0,15.0,Basic,Quarterly,757.5,28.0,Yes
316494.0,33.0,Male,25.0,27.0,1.0,10.0,Premium,Quarterly,734.42,13.0,No
132200.0,25.0,Female,10.0,24.0,6.0,4.0,Premium,Quarterly,426.0,17.0,Yes
95281.0,60.0,Female,37.0,25.0,8.0,6.0,Basic,Quarterly,800.0,21.0,Yes
172990.0,51.0,Male,6.0,6.0,0.0,12.0,Basic,Annual,749.0,17.0,Yes
344395.0,19.0,Female,33.0,28.0,1.0,4.0,Basic,Quarterly,531.98,6.0,No
24818.0,47.0,Male,55.0,18.0,7.0,0.0,Premium,Quarterly,410.0,14.0,Yes
93365.0,52.0,Female,16.0,21.0,9.0,25.0,Standard,Quarterly,387.0,28.0,Yes
134535.0,47.0,Female,44.0,19.0,3.0,6.0,Standard,Annual,397.0,28.0,Yes
279271.0,26.0,Male,47.0,5.0,0.0,9.0,Premium,Annual,621.81,14.0,No
387475.0,44.0,Female,43.0,14.0,0.0,14.0,Premium,Annual,796.51,6.0,No
219098.0,21.0,Male,7.0,25.0,8.0,3.0,Basic,Quarterly,595.42,3.0,Yes
393612.0,30.0,Female,10.0,27.0,1.0,5.0,Basic,Annual,913.05,10.0,No
306837.0,36.0,Female,56.0,26.0,0.0,5.0,Standard,Quarterly,850.31,7.0,No
159031.0,35.0,Female,33.0,27.0,1.0,8.0,Basic,Monthly,150.0,7.0,Yes
139500.0,61.0,Female,16.0,22.0,0.0,23.0,Premium,Monthly,626.0,4.0,Yes
156552.0,38.0,Female,25.0,26.0,3.0,12.0,Standard,Quarterly,541.0,29.0,Yes
118921.0,61.0,Male,47.0,13.0,10.0,2.0,Premium,Quarterly,833.0,30.0,Yes
366049.0,47.0,Male,23.0,29.0,1.0,10.0,Standard,Quarterly,671.34,8.0,No
27791.0,55.0,Female,39.0,8.0,1.0,13.0,Standard,Quarterly,997.0,14.0,Yes
2889.0,27.0,Male,1.0,27.0,6.0,1.0,Premium,Monthly,241.0,14.0,Yes
80605.0,58.0,Female,17.0,20.0,5.0,30.0,Premium,Quarterly,510.0,1.0,Yes
89348.0,37.0,Female,2.0,11.0,3.0,18.0,Standard,Monthly,650.0,8.0,Yes
182721.0,65.0,Male,8.0,7.0,5.0,5.0,Basic,Annual,668.0,5.0,Yes
251255.0,32.0,Female,53.0,16.0,0.0,30.0,Basic,Monthly,890.9,23.0,Yes
399282.0,28.0,Male,45.0,16.0,0.0,10.0,Premium,Quarterly,695.38,22.0,No
70811.0,50.0,Female,50.0,23.0,1.0,9.0,Premium,Annual,996.0,24.0,Yes
54982.0,35.0,Female,50.0,13.0,10.0,29.0,Basic,Monthly,979.0,2.0,Yes
307231.0,41.0,Female,46.0,4.0,1.0,3.0,Basic,Annual,974.81,6.0,No
249548.0,60.0,Female,3.0,23.0,0.0,24.0,Premium,Annual,963.31,16.0,Yes
199293.0,46.0,Male,3.0,21.0,1.0,19.0,Basic,Quarterly,833.0,11.0,Yes
331564.0,45.0,Male,43.0,4.0,3.0,8.0,Basic,Annual,996.46,25.0,No
271378.0,50.0,Female,34.0,16.0,1.0,19.0,Standard,Annual,598.11,14.0,No
79211.0,37.0,Female,15.0,20.0,3.0,6.0,Standard,Annual,200.0,7.0,Yes
173387.0,19.0,Male,12.0,11.0,7.0,9.0,Basic,Monthly,945.0,15.0,Yes
321787.0,33.0,Female,58.0,25.0,0.0,5.0,Premium,Annual,775.62,8.0,No
91987.0,61.0,Female,5.0,3.0,1.0,28.0,Basic,Monthly,171.0,18.0,Yes
87635.0,59.0,Male,46.0,1.0,0.0,6.0,Basic,Monthly,988.0,8.0,Yes
58801.0,20.0,Female,13.0,14.0,5.0,6.0,Premium,Quarterly,371.0,7.0,Yes
237622.0,58.0,Female,25.0,30.0,9.0,6.0,Premium,Annual,932.49,9.0,Yes
265341.0,30.0,Male,18.0,26.0,1.0,18.0,Premium,Quarterly,514.45,2.0,No
332187.0,44.0,Male,17.0,21.0,0.0,9.0,Standard,Quarterly,734.2,3.0,No
92274.0,63.0,Female,36.0,1.0,6.0,11.0,Premium,Quarterly,930.0,3.0,Yes
34390.0,42.0,Female,43.0,13.0,7.0,22.0,Standard,Annual,964.0,5.0,Yes
120215.0,47.0,Male,6.0,12.0,9.0,14.0,Standard,Annual,918.0,16.0,Yes
60843.0,43.0,Female,30.0,18.0,0.0,24.0,Basic,Annual,239.0,7.0,Yes
138559.0,51.0,Female,17.0,30.0,6.0,2.0,Standard,Monthly,559.0,16.0,Yes
255630.0,43.0,Male,20.0,19.0,3.0,27.0,Standard,Annual,233.37,10.0,Yes
179959.0,51.0,Female,50.0,29.0,1.0,26.0,Basic,Monthly,717.0,19.0,Yes
180343.0,26.0,Male,44.0,15.0,5.0,3.0,Standard,Annual,261.0,2.0,Yes
5853.0,58.0,Male,20.0,19.0,2.0,21.0,Basic,Annual,137.0,6.0,Yes
128263.0,44.0,Male,11.0,8.0,9.0,5.0,Basic,Quarterly,141.0,10.0,Yes
235382.0,28.0,Male,37.0,26.0,6.0,19.0,Basic,Annual,732.5,18.0,Yes
179821.0,18.0,Female,25.0,8.0,8.0,19.0,Premium,Annual,508.0,2.0,Yes
222024.0,24.0,Male,42.0,23.0,8.0,24.0,Standard,Annual,374.0,3.0,Yes
187731.0,46.0,Female,48.0,11.0,3.0,2.0,Standard,Monthly,288.0,14.0,Yes
260574.0,51.0,Male,58.0,13.0,3.0,2.0,Standard,Quarterly,448.54,18.0,Yes
169881.0,31.0,Female,37.0,22.0,8.0,17.0,Basic,Monthly,163.0,12.0,Yes
117790.0,33.0,Female,2.0,30.0,1.0,3.0,Basic,Monthly,317.0,6.0,Yes
119620.0,42.0,Female,3.0,12.0,1.0,26.0,Premium,Quarterly,490.0,25.0,Yes
296901.0,21.0,Male,2.0,18.0,0.0,4.0,Premium,Annual,992.06,23.0,No
266666.0,35.0,Male,59.0,20.0,0.0,16.0,Premium,Annual,857.27,6.0,No
354565.0,38.0,Male,6.0,18.0,0.0,3.0,Premium,Annual,642.21,21.0,No
49781.0,23.0,Female,42.0,24.0,2.0,22.0,Basic,Annual,916.0,29.0,Yes
250764.0,45.0,Female,41.0,11.0,0.0,20.0,Premium,Monthly,356.07,21.0,Yes
343118.0,25.0,Female,44.0,22.0,1.0,8.0,Basic,Quarterly,840.86,5.0,No
29863.0,51.0,Male,10.0,11.0,5.0,12.0,Premium,Monthly,520.0,26.0,Yes
355308.0,49.0,Male,22.0,27.0,0.0,15.0,Standard,Quarterly,645.58,15.0,No
56084.0,60.0,Female,7.0,23.0,4.0,11.0,Standard,Annual,300.0,6.0,Yes
9084.0,60.0,Male,44.0,25.0,10.0,7.0,Basic,Monthly,459.0,23.0,Yes
366458.0,37.0,Female,5.0,18.0,2.0,3.0,Premium,Annual,753.17,11.0,No
405216.0,33.0,Male,23.0,20.0,3.0,6.0,Basic,Quarterly,896.26,27.0,No
85742.0,26.0,Male,10.0,20.0,3.0,11.0,Basic,Quarterly,391.0,12.0,Yes
124341.0,26.0,Male,59.0,18.0,6.0,25.0,Standard,Quarterly,772.0,27.0,Yes
47634.0,42.0,Female,20.0,29.0,1.0,29.0,Basic,Monthly,456.0,28.0,Yes
75406.0,29.0,Male,11.0,2.0,3.0,30.0,Premium,Monthly,110.0,21.0,Yes
230104.0,25.0,Male,45.0,30.0,7.0,27.0,Premium,Annual,676.33,9.0,Yes
383665.0,29.0,Female,31.0,26.0,0.0,11.0,Standard,Quarterly,988.66,2.0,No
386862.0,40.0,Male,3.0,12.0,3.0,13.0,Premium,Quarterly,984.79,28.0,No
387290.0,45.0,Male,58.0,7.0,2.0,13.0,Basic,Annual,824.33,10.0,No
181326.0,46.0,Female,18.0,11.0,9.0,10.0,Premium,Monthly,764.0,5.0,Yes
165464.0,24.0,Male,21.0,11.0,2.0,24.0,Basic,Monthly,362.0,6.0,Yes
109730.0,28.0,Male,38.0,6.0,9.0,15.0,Basic,Quarterly,365.0,21.0,Yes
356153.0,43.0,Male,42.0,11.0,0.0,16.0,Basic,Annual,680.07,25.0,No
72779.0,23.0,Female,9.0,21.0,9.0,4.0,Basic,Monthly,863.0,7.0,Yes
309967.0,50.0,Male,58.0,26.0,3.0,0.0,Premium,Annual,672.52,6.0,No
442590.0,38.0,Male,25.0,23.0,1.0,9.0,Basic,Annual,899.32,22.0,No
440262.0,36.0,Female,40.0,25.0,2.0,20.0,Premium,Quarterly,920.94,13.0,No
426786.0,45.0,Male,7.0,27.0,1.0,20.0,Basic,Annual,835.93,5.0,No
437897.0,28.0,Female,25.0,9.0,1.0,12.0,Premium,Annual,659.02,12.0,No
38207.0,61.0,Male,4.0,11.0,4.0,20.0,Basic,Monthly,561.0,30.0,Yes
92968.0,61.0,Female,16.0,5.0,4.0,26.0,Premium,Quarterly,558.0,2.0,Yes
94566.0,18.0,Male,45.0,12.0,4.0,23.0,Premium,Quarterly,683.0,20.0,Yes
63284.0,32.0,Male,43.0,4.0,1.0,29.0,Premium,Monthly,849.0,1.0,Yes
221071.0,53.0,Male,15.0,15.0,0.0,24.0,Premium,Quarterly,642.51,23.0,Yes
213865.0,31.0,Male,19.0,20.0,6.0,12.0,Premium,Monthly,695.94,17.0,Yes
326162.0,45.0,Male,38.0,2.0,4.0,11.0,Premium,Annual,938.83,15.0,No
5783.0,55.0,Female,22.0,14.0,8.0,4.0,Basic,Quarterly,574.0,25.0,Yes
315334.0,20.0,Male,41.0,28.0,2.0,11.0,Standard,Annual,870.46,1.0,No
397.0,39.0,Female,10.0,28.0,6.0,16.0,Standard,Quarterly,104.0,8.0,Yes
339881.0,39.0,Male,30.0,25.0,2.0,11.0,Basic,Quarterly,572.08,3.0,No
86350.0,55.0,Female,41.0,17.0,2.0,12.0,Basic,Annual,165.0,25.0,Yes
404436.0,29.0,Male,37.0,18.0,0.0,4.0,Basic,Annual,994.83,15.0,No
351416.0,46.0,Male,1.0,7.0,0.0,19.0,Standard,Quarterly,762.19,12.0,No
284547.0,19.0,Female,42.0,11.0,0.0,13.0,Basic,Annual,702.25,5.0,No
335927.0,46.0,Female,11.0,19.0,4.0,5.0,Premium,Quarterly,766.62,5.0,No
199694.0,59.0,Male,29.0,9.0,8.0,18.0,Basic,Monthly,513.0,14.0,Yes
117444.0,28.0,Female,40.0,17.0,3.0,1.0,Basic,Annual,373.0,30.0,Yes
124255.0,48.0,Female,9.0,12.0,8.0,6.0,Basic,Quarterly,469.0,16.0,Yes
54375.0,33.0,Female,59.0,3.0,7.0,11.0,Standard,Quarterly,692.0,29.0,Yes
103666.0,26.0,Female,55.0,20.0,7.0,23.0,Standard,Quarterly,686.0,18.0,Yes
79310.0,57.0,Male,36.0,15.0,5.0,2.0,Standard,Monthly,873.0,14.0,Yes
408086.0,48.0,Male,14.0,17.0,4.0,16.0,Standard,Quarterly,746.5,20.0,No
95937.0,60.0,Male,46.0,19.0,7.0,30.0,Premium,Annual,496.0,23.0,Yes
112675.0,62.0,Male,7.0,27.0,2.0,24.0,Premium,Monthly,140.0,13.0,Yes
57157.0,60.0,Female,33.0,12.0,10.0,4.0,Basic,Monthly,245.0,30.0,Yes
212497.0,36.0,Male,28.0,26.0,2.0,26.0,Premium,Monthly,975.3,17.0,Yes
118327.0,45.0,Female,12.0,14.0,1.0,15.0,Premium,Quarterly,871.0,24.0,Yes
260148.0,41.0,Male,53.0,6.0,1.0,27.0,Standard,Quarterly,508.48,17.0,Yes
234001.0,63.0,Female,21.0,4.0,10.0,0.0,Basic,Quarterly,432.83,15.0,Yes
220941.0,59.0,Female,12.0,6.0,5.0,18.0,Standard,Annual,664.7,1.0,Yes
166680.0,30.0,Female,23.0,15.0,8.0,2.0,Standard,Annual,668.0,1.0,Yes
366764.0,45.0,Male,2.0,5.0,0.0,9.0,Standard,Quarterly,565.8,9.0,No
69513.0,27.0,Female,1.0,7.0,4.0,30.0,Premium,Quarterly,701.0,17.0,Yes
235565.0,36.0,Male,12.0,21.0,2.0,2.0,Standard,Quarterly,191.08,10.0,Yes
321543.0,48.0,Male,46.0,28.0,0.0,8.0,Premium,Annual,705.62,22.0,No
193255.0,47.0,Male,6.0,3.0,7.0,3.0,Standard,Quarterly,657.0,12.0,Yes
364948.0,34.0,Female,28.0,19.0,3.0,14.0,Standard,Annual,623.43,12.0,No
203846.0,63.0,Male,43.0,3.0,3.0,2.0,Basic,Annual,816.0,18.0,Yes
345343.0,19.0,Male,56.0,26.0,0.0,13.0,Standard,Quarterly,550.69,12.0,No
424217.0,37.0,Male,40.0,4.0,3.0,7.0,Standard,Quarterly,608.45,7.0,No
51068.0,40.0,Female,33.0,30.0,5.0,24.0,Premium,Monthly,899.0,20.0,Yes
172819.0,62.0,Female,10.0,20.0,8.0,27.0,Standard,Quarterly,305.0,12.0,Yes
66659.0,47.0,Male,7.0,24.0,3.0,3.0,Standard,Quarterly,272.0,22.0,Yes
90563.0,37.0,Male,41.0,7.0,9.0,27.0,Standard,Monthly,142.0,22.0,Yes
20417.0,59.0,Male,25.0,3.0,9.0,24.0,Premium,Annual,797.0,8.0,Yes
396275.0,48.0,Female,55.0,25.0,4.0,17.0,Basic,Annual,742.0,11.0,No
359146.0,36.0,Male,7.0,16.0,2.0,13.0,Standard,Quarterly,901.46,6.0,No
289463.0,22.0,Male,26.0,28.0,2.0,10.0,Basic,Annual,514.15,27.0,No
372831.0,28.0,Female,42.0,1.0,1.0,0.0,Premium,Annual,829.29,5.0,No
163330.0,45.0,Male,60.0,8.0,9.0,20.0,Premium,Annual,630.0,16.0,Yes
324466.0,46.0,Female,42.0,16.0,2.0,17.0,Basic,Quarterly,531.19,4.0,No
92790.0,28.0,Female,57.0,24.0,7.0,0.0,Basic,Annual,429.0,2.0,Yes
185672.0,38.0,Male,37.0,2.0,0.0,10.0,Standard,Quarterly,229.0,17.0,Yes
6604.0,54.0,Female,33.0,18.0,1.0,1.0,Basic,Monthly,848.0,19.0,Yes
57995.0,20.0,Female,39.0,4.0,8.0,0.0,Basic,Annual,813.0,15.0,Yes
98206.0,18.0,Female,23.0,9.0,5.0,27.0,Basic,Quarterly,957.0,11.0,Yes
27706.0,49.0,Female,17.0,11.0,6.0,24.0,Premium,Quarterly,170.0,8.0,Yes
79367.0,39.0,Male,1.0,19.0,10.0,26.0,Basic,Monthly,443.0,18.0,Yes
345603.0,45.0,Female,36.0,28.0,2.0,3.0,Standard,Annual,530.22,4.0,No
165203.0,46.0,Female,27.0,2.0,4.0,7.0,Standard,Annual,934.0,23.0,Yes
149590.0,23.0,Male,18.0,6.0,5.0,15.0,Standard,Annual,116.0,9.0,Yes
84404.0,45.0,Male,59.0,23.0,3.0,4.0,Standard,Quarterly,377.0,29.0,Yes
158006.0,18.0,Male,39.0,15.0,6.0,5.0,Basic,Monthly,979.0,18.0,Yes
384926.0,27.0,Male,15.0,17.0,1.0,6.0,Standard,Quarterly,532.13,5.0,No
237874.0,42.0,Female,59.0,13.0,0.0,29.0,Basic,Annual,338.71,4.0,Yes
282220.0,33.0,Female,48.0,27.0,0.0,14.0,Standard,Annual,882.84,3.0,No
224219.0,23.0,Female,34.0,8.0,7.0,13.0,Premium,Quarterly,734.79,10.0,Yes
321076.0,26.0,Male,28.0,29.0,0.0,16.0,Premium,Quarterly,877.79,14.0,No
215254.0,49.0,Female,49.0,29.0,2.0,11.0,Standard,Annual,448.69,12.0,Yes
419749.0,30.0,Male,35.0,7.0,1.0,2.0,Basic,Annual,664.89,11.0,No
419064.0,41.0,Male,41.0,20.0,0.0,7.0,Premium,Annual,608.27,5.0,No
123165.0,30.0,Female,1.0,30.0,9.0,1.0,Basic,Quarterly,937.0,1.0,Yes
191937.0,54.0,Female,34.0,26.0,8.0,10.0,Basic,Annual,301.0,20.0,Yes
306045.0,27.0,Female,49.0,12.0,0.0,10.0,Basic,Quarterly,731.84,7.0,No
163194.0,47.0,Female,54.0,17.0,2.0,11.0,Premium,Quarterly,697.0,5.0,No
396616.0,37.0,Male,24.0,22.0,1.0,3.0,Basic,Quarterly,659.93,4.0,No
387800.0,41.0,Male,36.0,27.0,4.0,11.0,Premium,Annual,935.43,16.0,No
49700.0,37.0,Male,5.0,22.0,10.0,25.0,Standard,Annual,902.0,5.0,Yes
35070.0,31.0,Female,13.0,22.0,7.0,27.0,Standard,Quarterly,769.0,5.0,Yes
378984.0,27.0,Female,6.0,21.0,1.0,19.0,Standard,Quarterly,917.64,8.0,No
185093.0,19.0,Female,27.0,1.0,3.0,1.0,Premium,Annual,821.0,23.0,Yes
232893.0,56.0,Male,53.0,11.0,1.0,3.0,Premium,Monthly,769.32,7.0,Yes
108913.0,43.0,Male,56.0,9.0,7.0,26.0,Premium,Monthly,959.0,24.0,Yes
62595.0,24.0,Female,57.0,8.0,0.0,15.0,Premium,Monthly,860.0,22.0,Yes
231553.0,43.0,Female,50.0,2.0,10.0,25.0,Premium,Annual,796.53,9.0,Yes
287013.0,40.0,Male,42.0,1.0,3.0,15.0,Premium,Annual,941.98,5.0,No
395207.0,22.0,Male,16.0,27.0,1.0,0.0,Standard,Quarterly,959.68,15.0,No
248435.0,49.0,Female,43.0,3.0,10.0,16.0,Basic,Monthly,682.66,19.0,Yes
241801.0,39.0,Female,46.0,4.0,6.0,12.0,Premium,Quarterly,298.99,21.0,Yes
134431.0,53.0,Male,36.0,30.0,10.0,24.0,Premium,Annual,704.0,18.0,Yes
328796.0,33.0,Male,7.0,16.0,2.0,4.0,Basic,Annual,579.08,3.0,No
427279.0,43.0,Male,55.0,20.0,3.0,19.0,Standard,Quarterly,617.82,30.0,No
148701.0,49.0,Male,9.0,2.0,8.0,14.0,Standard,Annual,557.0,28.0,Yes
356751.0,49.0,Male,17.0,30.0,1.0,7.0,Premium,Annual,556.79,8.0,No
146261.0,27.0,Female,44.0,21.0,5.0,16.0,Standard,Annual,893.0,9.0,Yes
177990.0,43.0,Male,48.0,28.0,1.0,29.0,Premium,Annual,115.0,30.0,Yes
179672.0,23.0,Male,10.0,19.0,1.0,28.0,Basic,Quarterly,861.0,2.0,Yes
76603.0,33.0,Female,44.0,17.0,4.0,30.0,Basic,Monthly,407.0,5.0,Yes
420566.0,47.0,Male,54.0,13.0,1.0,0.0,Basic,Quarterly,949.2,3.0,No
189191.0,65.0,Male,19.0,2.0,5.0,5.0,Basic,Monthly,604.0,3.0,Yes
344581.0,36.0,Male,23.0,15.0,0.0,20.0,Premium,Annual,734.49,14.0,No
198913.0,52.0,Male,1.0,10.0,6.0,26.0,Premium,Monthly,618.0,2.0,Yes
322096.0,33.0,Male,16.0,10.0,0.0,2.0,Basic,Annual,822.93,18.0,No
94620.0,42.0,Male,32.0,22.0,8.0,9.0,Standard,Quarterly,745.0,3.0,Yes
344210.0,34.0,Female,9.0,25.0,3.0,15.0,Premium,Quarterly,786.78,13.0,No
406896.0,37.0,Male,5.0,6.0,0.0,1.0,Standard,Annual,942.85,2.0,No
359563.0,33.0,Female,6.0,28.0,0.0,4.0,Premium,Annual,593.79,5.0,No
114625.0,36.0,Female,55.0,8.0,2.0,19.0,Premium,Monthly,696.0,13.0,Yes
292291.0,18.0,Male,37.0,26.0,0.0,4.0,Basic,Annual,570.84,10.0,No
82308.0,42.0,Female,29.0,23.0,10.0,14.0,Standard,Quarterly,585.0,1.0,Yes
332352.0,42.0,Female,52.0,18.0,1.0,14.0,Premium,Annual,949.02,1.0,No
392052.0,22.0,Male,15.0,10.0,0.0,19.0,Standard,Annual,639.75,17.0,No
3282.0,18.0,Male,17.0,6.0,8.0,14.0,Standard,Monthly,366.0,1.0,Yes
413406.0,24.0,Female,50.0,27.0,1.0,11.0,Premium,Quarterly,887.09,1.0,No
105088.0,65.0,Male,12.0,4.0,9.0,8.0,Premium,Quarterly,217.0,18.0,Yes
238699.0,56.0,Female,43.0,17.0,0.0,1.0,Standard,Annual,146.4,11.0,Yes
197076.0,40.0,Female,55.0,26.0,4.0,28.0,Standard,Monthly,788.0,11.0,Yes
360742.0,22.0,Male,7.0,8.0,0.0,9.0,Premium,Annual,578.03,20.0,No
155391.0,48.0,Male,43.0,10.0,7.0,8.0,Premium,Annual,164.0,29.0,Yes
72920.0,28.0,Female,57.0,5.0,4.0,19.0,Basic,Annual,457.0,18.0,Yes
356057.0,23.0,Male,55.0,14.0,1.0,11.0,Premium,Annual,501.6,29.0,No
342530.0,21.0,Female,45.0,22.0,2.0,11.0,Standard,Quarterly,745.9,2.0,No
47986.0,19.0,Female,30.0,4.0,5.0,5.0,Basic,Monthly,558.0,18.0,Yes
431390.0,42.0,Male,43.0,25.0,0.0,20.0,Standard,Annual,500.64,15.0,No
14399.0,45.0,Male,46.0,12.0,3.0,0.0,Premium,Quarterly,117.0,27.0,Yes
300893.0,46.0,Male,35.0,5.0,3.0,20.0,Standard,Annual,817.59,21.0,No
52240.0,42.0,Male,28.0,11.0,0.0,2.0,Premium,Monthly,620.0,19.0,Yes
137646.0,34.0,Male,10.0,15.0,3.0,21.0,Premium,Annual,855.0,13.0,Yes
174379.0,22.0,Male,50.0,1.0,3.0,0.0,Basic,Quarterly,106.0,23.0,Yes
188891.0,64.0,Female,33.0,28.0,4.0,14.0,Standard,Annual,995.0,23.0,Yes
127021.0,36.0,Female,42.0,15.0,2.0,10.0,Basic,Monthly,478.0,27.0,Yes
396412.0,42.0,Female,58.0,18.0,2.0,0.0,Standard,Quarterly,918.46,6.0,No
351385.0,33.0,Male,36.0,23.0,1.0,9.0,Premium,Quarterly,838.7,7.0,No
170960.0,31.0,Male,54.0,12.0,1.0,1.0,Standard,Annual,799.0,21.0,No
265706.0,49.0,Male,57.0,3.0,1.0,14.0,Basic,Quarterly,624.13,21.0,No
65349.0,38.0,Female,9.0,9.0,10.0,28.0,Basic,Annual,382.0,2.0,Yes
6753.0,47.0,Female,44.0,29.0,8.0,0.0,Basic,Quarterly,351.0,22.0,Yes
196284.0,25.0,Male,41.0,19.0,7.0,14.0,Standard,Quarterly,793.0,18.0,Yes
149484.0,55.0,Male,29.0,16.0,0.0,28.0,Basic,Annual,271.0,1.0,Yes
22552.0,48.0,Male,54.0,8.0,3.0,29.0,Premium,Quarterly,571.0,22.0,Yes
188731.0,57.0,Female,5.0,11.0,10.0,8.0,Standard,Annual,753.0,14.0,Yes
435246.0,48.0,Male,12.0,25.0,3.0,18.0,Basic,Annual,898.13,7.0,No
378806.0,50.0,Male,57.0,29.0,3.0,16.0,Premium,Annual,612.6,22.0,No
54236.0,50.0,Female,41.0,19.0,9.0,28.0,Basic,Annual,347.0,20.0,Yes
360699.0,48.0,Male,3.0,10.0,1.0,13.0,Standard,Annual,785.16,9.0,No
288146.0,40.0,Male,36.0,24.0,2.0,8.0,Standard,Quarterly,675.95,9.0,No
264259.0,43.0,Male,10.0,27.0,1.0,3.0,Premium,Quarterly,878.1,21.0,No
434578.0,29.0,Male,44.0,22.0,1.0,3.0,Premium,Annual,788.27,25.0,No
293085.0,46.0,Male,18.0,18.0,1.0,12.0,Premium,Annual,563.14,16.0,No
9053.0,47.0,Male,34.0,21.0,5.0,30.0,Basic,Annual,459.0,14.0,Yes
366546.0,47.0,Male,9.0,19.0,4.0,3.0,Premium,Annual,917.68,6.0,No
377137.0,42.0,Female,33.0,17.0,1.0,18.0,Premium,Quarterly,931.97,4.0,No
189524.0,47.0,Female,28.0,2.0,8.0,18.0,Premium,Quarterly,293.0,8.0,Yes
371054.0,40.0,Male,3.0,29.0,0.0,10.0,Standard,Annual,616.8,6.0,No
384117.0,49.0,Female,38.0,27.0,1.0,13.0,Standard,Annual,991.72,14.0,No
272909.0,24.0,Female,17.0,15.0,2.0,1.0,Standard,Quarterly,839.75,14.0,No
302322.0,28.0,Male,33.0,3.0,1.0,2.0,Premium,Annual,587.59,13.0,No
346399.0,30.0,Female,50.0,8.0,2.0,19.0,Basic,Quarterly,505.73,12.0,No
334700.0,40.0,Male,54.0,25.0,3.0,15.0,Premium,Annual,818.65,20.0,No
416080.0,42.0,Male,50.0,2.0,0.0,3.0,Basic,Quarterly,915.44,8.0,No
189697.0,63.0,Female,12.0,14.0,4.0,8.0,Standard,Monthly,681.0,30.0,Yes
53078.0,65.0,Male,43.0,20.0,0.0,27.0,Basic,Annual,168.0,15.0,Yes
352130.0,48.0,Female,15.0,29.0,0.0,3.0,Basic,Quarterly,862.17,1.0,No
266823.0,33.0,Female,49.0,4.0,3.0,13.0,Standard,Quarterly,604.76,14.0,No
205341.0,52.0,Male,58.0,6.0,7.0,3.0,Premium,Annual,645.54,25.0,Yes
186491.0,45.0,Male,45.0,19.0,0.0,15.0,Premium,Monthly,104.0,24.0,Yes
188424.0,37.0,Female,12.0,15.0,0.0,24.0,Standard,Quarterly,930.0,2.0,Yes
8450.0,55.0,Male,36.0,29.0,8.0,20.0,Basic,Annual,602.0,2.0,Yes
147574.0,34.0,Female,44.0,4.0,10.0,17.0,Premium,Monthly,993.0,15.0,Yes
63526.0,20.0,Female,60.0,20.0,8.0,25.0,Premium,Annual,362.0,9.0,Yes
97465.0,34.0,Male,56.0,12.0,1.0,29.0,Standard,Annual,424.0,12.0,Yes
300899.0,49.0,Male,47.0,28.0,2.0,0.0,Standard,Annual,857.78,3.0,No
379105.0,20.0,Male,42.0,19.0,0.0,6.0,Basic,Annual,557.96,1.0,No
199092.0,53.0,Male,44.0,14.0,2.0,21.0,Basic,Monthly,341.0,11.0,Yes
368800.0,37.0,Female,10.0,21.0,1.0,19.0,Basic,Annual,904.35,6.0,No
252190.0,52.0,Male,35.0,7.0,1.0,21.0,Basic,Monthly,366.07,21.0,Yes
170471.0,47.0,Female,20.0,22.0,9.0,3.0,Standard,Monthly,264.0,27.0,Yes
139574.0,23.0,Male,9.0,20.0,8.0,8.0,Premium,Annual,541.0,17.0,Yes
264530.0,47.0,Female,22.0,24.0,1.0,20.0,Standard,Annual,621.8,15.0,No
361730.0,40.0,Male,51.0,11.0,0.0,4.0,Premium,Quarterly,546.23,27.0,No
403477.0,39.0,Male,10.0,15.0,1.0,20.0,Standard,Quarterly,944.98,2.0,No
70864.0,61.0,Female,33.0,18.0,9.0,25.0,Premium,Quarterly,379.0,12.0,Yes
10449.0,42.0,Male,6.0,10.0,7.0,22.0,Premium,Annual,496.0,30.0,Yes
70239.0,24.0,Male,53.0,11.0,7.0,19.0,Basic,Annual,638.0,25.0,Yes
268842.0,25.0,Female,6.0,29.0,1.0,5.0,Premium,Quarterly,666.74,5.0,No
398448.0,25.0,Male,45.0,13.0,1.0,5.0,Standard,Quarterly,515.28,3.0,No
405736.0,42.0,Female,57.0,14.0,3.0,10.0,Premium,Annual,829.77,9.0,No
22726.0,54.0,Female,45.0,16.0,4.0,12.0,Standard,Monthly,973.0,27.0,Yes
334190.0,49.0,Female,58.0,14.0,0.0,5.0,Basic,Quarterly,534.57,4.0,No
429457.0,19.0,Male,57.0,15.0,0.0,15.0,Premium,Annual,600.06,25.0,No
29354.0,34.0,Male,30.0,8.0,4.0,0.0,Standard,Quarterly,873.0,1.0,Yes
93888.0,23.0,Male,28.0,5.0,5.0,11.0,Premium,Monthly,952.0,25.0,Yes
93509.0,52.0,Female,14.0,11.0,6.0,22.0,Basic,Monthly,639.0,10.0,Yes
175553.0,51.0,Female,19.0,20.0,9.0,7.0,Premium,Annual,498.0,1.0,Yes
206431.0,53.0,Male,9.0,19.0,2.0,29.0,Standard,Quarterly,915.04,10.0,Yes
199426.0,46.0,Male,42.0,4.0,1.0,27.0,Premium,Monthly,291.0,30.0,Yes
317438.0,29.0,Male,14.0,18.0,1.0,17.0,Standard,Quarterly,976.13,7.0,No
237370.0,53.0,Male,30.0,12.0,9.0,3.0,Standard,Annual,959.21,28.0,Yes
338431.0,45.0,Male,6.0,29.0,4.0,2.0,Standard,Annual,541.24,24.0,No
261318.0,50.0,Male,51.0,9.0,5.0,8.0,Premium,Annual,751.05,13.0,No
203218.0,20.0,Female,35.0,2.0,10.0,23.0,Standard,Annual,812.0,15.0,Yes
329066.0,44.0,Female,26.0,20.0,0.0,6.0,Premium,Quarterly,751.24,12.0,No
12383.0,62.0,Male,30.0,29.0,2.0,8.0,Premium,Monthly,726.0,12.0,Yes
36364.0,29.0,Female,45.0,7.0,3.0,15.0,Premium,Annual,462.0,20.0,Yes
315738.0,30.0,Male,21.0,21.0,3.0,3.0,Basic,Annual,570.25,28.0,No
65262.0,36.0,Male,16.0,12.0,9.0,13.0,Premium,Monthly,879.0,12.0,Yes
378856.0,20.0,Female,29.0,21.0,2.0,10.0,Standard,Annual,765.15,8.0,No
341525.0,35.0,Male,15.0,13.0,3.0,6.0,Premium,Quarterly,652.83,17.0,No
112654.0,59.0,Female,49.0,24.0,5.0,18.0,Standard,Annual,814.0,28.0,Yes
24627.0,49.0,Male,8.0,4.0,4.0,16.0,Standard,Annual,698.0,20.0,No
396225.0,45.0,Male,57.0,26.0,1.0,6.0,Standard,Annual,534.96,26.0,No
51920.0,30.0,Female,8.0,25.0,6.0,14.0,Standard,Quarterly,178.0,1.0,Yes
167556.0,43.0,Male,33.0,29.0,10.0,0.0,Standard,Annual,371.0,6.0,Yes
189150.0,42.0,Female,36.0,26.0,3.0,28.0,Premium,Quarterly,943.0,23.0,Yes
333438.0,48.0,Male,47.0,3.0,3.0,10.0,Standard,Annual,864.84,28.0,No
50283.0,29.0,Male,30.0,24.0,2.0,12.0,Standard,Monthly,269.0,1.0,Yes
150581.0,33.0,Female,32.0,6.0,2.0,23.0,Premium,Quarterly,255.0,7.0,Yes
402521.0,27.0,Male,42.0,9.0,2.0,17.0,Standard,Annual,691.07,16.0,No
285730.0,40.0,Female,52.0,30.0,2.0,11.0,Standard,Quarterly,851.88,1.0,No
375898.0,19.0,Female,9.0,11.0,0.0,15.0,Standard,Quarterly,642.82,7.0,No
331169.0,37.0,Male,30.0,26.0,3.0,4.0,Premium,Annual,680.65,10.0,No
250727.0,64.0,Female,18.0,1.0,2.0,23.0,Premium,Annual,502.97,18.0,Yes
150396.0,44.0,Female,9.0,12.0,0.0,3.0,Premium,Monthly,605.0,28.0,Yes
97152.0,57.0,Female,51.0,24.0,10.0,11.0,Standard,Quarterly,627.0,4.0,Yes
284329.0,38.0,Male,7.0,1.0,2.0,15.0,Premium,Quarterly,557.84,13.0,No
344394.0,47.0,Male,55.0,13.0,4.0,3.0,Basic,Annual,541.3,5.0,No
115975.0,49.0,Female,40.0,14.0,7.0,19.0,Basic,Annual,453.0,1.0,Yes
152644.0,35.0,Male,46.0,8.0,5.0,16.0,Standard,Quarterly,545.0,29.0,Yes
168125.0,44.0,Male,32.0,5.0,3.0,7.0,Basic,Quarterly,836.0,7.0,No
145917.0,58.0,Male,19.0,5.0,10.0,25.0,Standard,Monthly,540.0,8.0,Yes
409465.0,24.0,Male,6.0,17.0,2.0,12.0,Basic,Annual,605.76,20.0,No
365342.0,49.0,Male,38.0,8.0,4.0,13.0,Basic,Annual,991.14,11.0,No
124646.0,61.0,Male,49.0,5.0,6.0,10.0,Premium,Monthly,115.0,26.0,Yes
265768.0,40.0,Male,25.0,25.0,3.0,18.0,Premium,Quarterly,542.14,10.0,No
110615.0,63.0,Female,25.0,2.0,7.0,29.0,Premium,Annual,850.0,22.0,Yes
166904.0,55.0,Female,36.0,21.0,1.0,12.0,Basic,Annual,689.0,21.0,Yes
212546.0,24.0,Male,20.0,22.0,6.0,6.0,Basic,Monthly,349.95,20.0,Yes
423107.0,41.0,Male,54.0,9.0,3.0,6.0,Standard,Quarterly,816.56,17.0,No
248228.0,24.0,Female,43.0,11.0,2.0,27.0,Basic,Monthly,363.9,6.0,Yes
441743.0,34.0,Male,43.0,16.0,2.0,2.0,Basic,Quarterly,557.94,9.0,No
290857.0,34.0,Female,6.0,19.0,2.0,8.0,Standard,Annual,579.53,2.0,No
104143.0,41.0,Male,34.0,7.0,5.0,22.0,Basic,Quarterly,911.0,3.0,Yes
74467.0,51.0,Male,6.0,23.0,7.0,10.0,Premium,Quarterly,871.0,30.0,Yes
231487.0,54.0,Male,54.0,10.0,0.0,21.0,Premium,Monthly,646.57,9.0,Yes
76568.0,53.0,Female,24.0,20.0,2.0,12.0,Premium,Quarterly,417.0,7.0,Yes
83547.0,35.0,Female,40.0,16.0,3.0,1.0,Basic,Annual,280.0,9.0,Yes
199850.0,22.0,Female,5.0,3.0,6.0,18.0,Premium,Quarterly,322.0,17.0,Yes
154590.0,33.0,Male,21.0,25.0,10.0,22.0,Standard,Quarterly,862.0,2.0,Yes
397761.0,30.0,Male,17.0,15.0,0.0,2.0,Standard,Annual,712.11,10.0,No
326056.0,28.0,Female,47.0,19.0,1.0,2.0,Standard,Annual,762.88,9.0,No
209318.0,55.0,Male,24.0,28.0,3.0,15.0,Standard,Quarterly,251.9,4.0,Yes
287755.0,48.0,Male,29.0,24.0,0.0,17.0,Basic,Annual,555.97,27.0,No
314969.0,23.0,Male,11.0,21.0,2.0,2.0,Basic,Annual,581.16,12.0,No
113928.0,62.0,Male,4.0,9.0,8.0,17.0,Basic,Monthly,660.0,13.0,Yes
72894.0,37.0,Female,6.0,21.0,4.0,15.0,Premium,Monthly,157.0,7.0,Yes
118246.0,48.0,Female,5.0,30.0,1.0,15.0,Basic,Monthly,865.0,3.0,Yes
380795.0,37.0,Female,52.0,22.0,2.0,11.0,Standard,Annual,820.7,1.0,No
400311.0,47.0,Male,28.0,5.0,0.0,20.0,Standard,Annual,663.3,6.0,No
235108.0,35.0,Female,34.0,16.0,8.0,22.0,Standard,Annual,299.15,21.0,Yes
307877.0,40.0,Male,1.0,18.0,2.0,2.0,Premium,Quarterly,647.61,18.0,No
15410.0,28.0,Male,7.0,12.0,10.0,0.0,Basic,Annual,601.0,9.0,Yes
84450.0,64.0,Female,19.0,23.0,1.0,29.0,Standard,Quarterly,839.0,24.0,Yes
259489.0,50.0,Male,42.0,6.0,2.0,6.0,Standard,Annual,499.31,7.0,Yes
230280.0,30.0,Female,11.0,1.0,8.0,1.0,Premium,Monthly,928.49,1.0,Yes
292713.0,44.0,Female,38.0,20.0,3.0,18.0,Standard,Quarterly,906.21,14.0,No
18923.0,54.0,Male,51.0,27.0,2.0,1.0,Premium,Monthly,141.0,6.0,Yes
362328.0,30.0,Male,36.0,10.0,2.0,18.0,Basic,Annual,928.45,13.0,No
69277.0,26.0,Male,11.0,21.0,6.0,29.0,Basic,Quarterly,546.0,14.0,Yes
185998.0,65.0,Male,47.0,23.0,1.0,29.0,Premium,Annual,996.0,21.0,Yes
250321.0,62.0,Female,55.0,25.0,9.0,11.0,Basic,Annual,741.48,14.0,Yes
268463.0,36.0,Male,44.0,27.0,3.0,18.0,Premium,Annual,854.78,21.0,No
262663.0,45.0,Male,6.0,3.0,4.0,11.0,Standard,Annual,712.21,8.0,No
299292.0,35.0,Female,30.0,29.0,1.0,17.0,Basic,Quarterly,832.0,10.0,No
407814.0,28.0,Female,9.0,18.0,0.0,6.0,Standard,Quarterly,511.23,14.0,No
5244.0,56.0,Male,40.0,16.0,3.0,19.0,Standard,Monthly,320.0,25.0,Yes
128275.0,64.0,Female,18.0,7.0,9.0,30.0,Standard,Monthly,859.0,22.0,Yes
303747.0,32.0,Male,44.0,2.0,1.0,3.0,Basic,Annual,994.47,8.0,No
403716.0,34.0,Male,57.0,29.0,2.0,15.0,Basic,Annual,856.61,18.0,No
438951.0,41.0,Male,55.0,21.0,2.0,17.0,Basic,Quarterly,534.67,23.0,No
191236.0,54.0,Female,52.0,3.0,1.0,28.0,Basic,Annual,761.0,15.0,Yes
108614.0,23.0,Female,32.0,10.0,10.0,29.0,Premium,Annual,390.0,2.0,Yes
306576.0,28.0,Male,45.0,11.0,1.0,5.0,Standard,Annual,805.78,9.0,No
22203.0,30.0,Female,6.0,9.0,3.0,30.0,Standard,Annual,342.0,22.0,Yes
267686.0,42.0,Male,54.0,1.0,2.0,12.0,Standard,Annual,527.41,14.0,No
67954.0,65.0,Male,38.0,23.0,9.0,24.0,Standard,Quarterly,725.0,9.0,Yes
150895.0,42.0,Female,5.0,21.0,3.0,16.0,Basic,Annual,508.0,2.0,Yes
73281.0,41.0,Male,45.0,20.0,1.0,20.0,Standard,Monthly,562.0,25.0,Yes
342923.0,36.0,Male,36.0,19.0,2.0,6.0,Premium,Quarterly,635.37,26.0,No
446362.0,35.0,Female,56.0,29.0,0.0,14.0,Premium,Annual,500.35,7.0,No
346513.0,38.0,Male,33.0,20.0,0.0,9.0,Standard,Quarterly,748.46,25.0,No
61469.0,25.0,Male,15.0,28.0,1.0,14.0,Premium,Monthly,173.0,27.0,Yes
47394.0,25.0,Male,9.0,12.0,9.0,27.0,Premium,Annual,998.0,20.0,Yes
167260.0,60.0,Female,21.0,9.0,8.0,15.0,Standard,Monthly,705.0,18.0,Yes
175527.0,58.0,Male,5.0,17.0,2.0,17.0,Standard,Monthly,105.0,23.0,Yes
240942.0,39.0,Male,49.0,30.0,9.0,9.0,Basic,Annual,699.56,10.0,Yes
370776.0,38.0,Male,42.0,9.0,1.0,14.0,Basic,Annual,609.24,24.0,No
394135.0,45.0,Male,37.0,4.0,0.0,3.0,Premium,Annual,906.28,25.0,No
402992.0,19.0,Male,6.0,17.0,1.0,12.0,Standard,Quarterly,616.42,8.0,No
343273.0,24.0,Male,13.0,30.0,1.0,10.0,Premium,Annual,846.29,6.0,No
130062.0,62.0,Male,49.0,16.0,2.0,16.0,Standard,Annual,107.0,9.0,Yes
282001.0,22.0,Male,45.0,6.0,2.0,12.0,Premium,Quarterly,690.92,2.0,No
141621.0,44.0,Male,38.0,26.0,10.0,10.0,Premium,Annual,807.0,20.0,Yes
201218.0,58.0,Female,37.0,18.0,7.0,14.0,Basic,Monthly,727.0,3.0,Yes
169478.0,24.0,Male,10.0,2.0,7.0,23.0,Premium,Quarterly,580.0,2.0,Yes
389783.0,41.0,Male,59.0,3.0,3.0,18.0,Standard,Quarterly,525.9,30.0,No
343195.0,26.0,Female,16.0,27.0,0.0,0.0,Standard,Quarterly,539.0,10.0,No
429309.0,40.0,Female,47.0,4.0,3.0,12.0,Premium,Annual,789.55,4.0,No
30458.0,24.0,Female,18.0,17.0,2.0,19.0,Standard,Annual,440.0,21.0,Yes
335849.0,43.0,Female,27.0,27.0,2.0,4.0,Basic,Quarterly,597.44,13.0,No
267181.0,49.0,Female,31.0,4.0,3.0,8.0,Premium,Quarterly,806.44,6.0,No
232748.0,33.0,Female,9.0,17.0,10.0,28.0,Standard,Monthly,150.3,27.0,Yes
276911.0,47.0,Male,23.0,26.0,2.0,2.0,Standard,Quarterly,801.4,6.0,No
54705.0,59.0,Male,48.0,6.0,0.0,3.0,Basic,Quarterly,254.0,5.0,Yes
334879.0,42.0,Male,37.0,19.0,0.0,15.0,Premium,Annual,583.23,14.0,No
288479.0,35.0,Male,55.0,12.0,2.0,16.0,Basic,Annual,941.35,26.0,No
157734.0,51.0,Female,2.0,13.0,8.0,10.0,Basic,Annual,436.0,4.0,Yes
238874.0,56.0,Male,57.0,5.0,7.0,11.0,Premium,Quarterly,304.37,22.0,Yes
89490.0,31.0,Male,11.0,1.0,9.0,9.0,Basic,Annual,857.0,29.0,Yes
183478.0,63.0,Male,16.0,8.0,8.0,9.0,Basic,Quarterly,862.0,21.0,Yes
334423.0,33.0,Female,47.0,1.0,2.0,7.0,Basic,Annual,570.32,11.0,No
196687.0,65.0,Male,14.0,24.0,3.0,8.0,Premium,Quarterly,807.0,3.0,Yes
373337.0,44.0,Male,15.0,14.0,0.0,9.0,Standard,Annual,572.0,26.0,No
239725.0,30.0,Female,28.0,1.0,0.0,4.0,Premium,Monthly,509.92,19.0,Yes
401589.0,23.0,Female,36.0,1.0,0.0,1.0,Standard,Quarterly,919.61,15.0,No
265638.0,47.0,Male,49.0,3.0,4.0,10.0,Basic,Quarterly,612.59,21.0,No
221181.0,30.0,Male,13.0,6.0,7.0,28.0,Basic,Annual,514.09,6.0,Yes
32482.0,56.0,Female,52.0,19.0,9.0,22.0,Premium,Annual,884.0,12.0,Yes
360562.0,22.0,Male,21.0,29.0,1.0,7.0,Basic,Annual,608.9,27.0,No
320557.0,36.0,Male,50.0,21.0,0.0,17.0,Basic,Quarterly,514.61,6.0,No
15175.0,48.0,Female,38.0,7.0,3.0,4.0,Standard,Quarterly,588.0,16.0,Yes
327965.0,41.0,Male,58.0,30.0,2.0,17.0,Basic,Annual,791.3,5.0,No
292254.0,26.0,Female,51.0,16.0,0.0,2.0,Basic,Annual,603.24,12.0,No
260422.0,46.0,Female,43.0,16.0,8.0,19.0,Standard,Annual,484.19,22.0,Yes
330095.0,29.0,Male,33.0,1.0,1.0,11.0,Premium,Annual,663.45,17.0,No
145951.0,41.0,Male,55.0,9.0,10.0,12.0,Basic,Monthly,204.0,15.0,Yes
446439.0,50.0,Male,13.0,19.0,3.0,4.0,Standard,Quarterly,586.01,22.0,No
127959.0,58.0,Male,11.0,22.0,8.0,8.0,Premium,Annual,609.0,14.0,Yes
18910.0,55.0,Female,30.0,12.0,9.0,5.0,Premium,Quarterly,689.0,2.0,Yes
36983.0,64.0,Male,35.0,20.0,5.0,16.0,Premium,Monthly,512.0,11.0,Yes
26547.0,38.0,Male,8.0,2.0,0.0,21.0,Premium,Monthly,642.0,11.0,Yes
251420.0,59.0,Male,56.0,11.0,5.0,10.0,Standard,Monthly,697.9,27.0,Yes
99590.0,25.0,Female,31.0,8.0,2.0,26.0,Basic,Annual,447.0,22.0,Yes
136543.0,57.0,Male,25.0,14.0,8.0,19.0,Basic,Quarterly,338.0,4.0,Yes
27011.0,33.0,Male,46.0,19.0,1.0,7.0,Basic,Annual,728.0,24.0,No
164927.0,27.0,Female,57.0,30.0,8.0,2.0,Premium,Monthly,714.0,20.0,Yes
186193.0,22.0,Male,7.0,19.0,3.0,21.0,Basic,Monthly,393.0,22.0,Yes
87871.0,58.0,Female,54.0,29.0,0.0,8.0,Standard,Quarterly,543.0,27.0,Yes
288872.0,30.0,Male,6.0,1.0,0.0,10.0,Premium,Annual,880.02,19.0,No
82432.0,42.0,Female,48.0,14.0,1.0,16.0,Basic,Quarterly,688.0,30.0,Yes
68532.0,34.0,Female,55.0,22.0,9.0,18.0,Standard,Quarterly,427.0,8.0,Yes
54362.0,18.0,Male,13.0,18.0,2.0,23.0,Premium,Annual,687.0,11.0,Yes
247253.0,39.0,Male,9.0,21.0,0.0,18.0,Basic,Monthly,951.9,14.0,Yes
292232.0,36.0,Female,36.0,21.0,1.0,10.0,Basic,Annual,507.57,7.0,No
422239.0,22.0,Male,30.0,19.0,0.0,16.0,Basic,Annual,507.22,28.0,No
366048.0,49.0,Male,45.0,29.0,1.0,3.0,Premium,Quarterly,743.67,7.0,No
56659.0,41.0,Female,30.0,1.0,8.0,24.0,Standard,Quarterly,780.0,30.0,Yes
428854.0,43.0,Male,43.0,19.0,4.0,13.0,Standard,Annual,938.78,9.0,No
72131.0,42.0,Male,12.0,5.0,0.0,30.0,Basic,Monthly,488.0,30.0,Yes
192768.0,64.0,Female,30.0,12.0,3.0,9.0,Premium,Annual,908.0,13.0,Yes
31186.0,46.0,Male,6.0,25.0,4.0,10.0,Basic,Annual,329.0,4.0,Yes
174535.0,61.0,Male,60.0,25.0,5.0,0.0,Basic,Quarterly,913.0,29.0,Yes
30189.0,18.0,Female,29.0,15.0,8.0,28.0,Standard,Annual,988.0,1.0,Yes
103813.0,24.0,Male,18.0,30.0,9.0,24.0,Premium,Monthly,988.0,16.0,Yes
423813.0,21.0,Male,46.0,2.0,2.0,6.0,Standard,Annual,677.08,29.0,No
444621.0,23.0,Female,21.0,15.0,0.0,4.0,Basic,Annual,814.53,12.0,No
366269.0,42.0,Female,2.0,18.0,0.0,1.0,Premium,Annual,526.18,3.0,No
22028.0,56.0,Female,57.0,14.0,5.0,27.0,Standard,Monthly,196.0,8.0,Yes
99649.0,63.0,Female,16.0,10.0,5.0,20.0,Basic,Quarterly,746.0,17.0,Yes
410922.0,39.0,Male,12.0,22.0,1.0,19.0,Standard,Annual,777.09,27.0,No
59190.0,30.0,Female,46.0,30.0,3.0,16.0,Standard,Monthly,609.0,27.0,Yes
4534.0,54.0,Female,36.0,22.0,4.0,13.0,Basic,Annual,941.0,3.0,Yes
277220.0,38.0,Female,28.0,18.0,0.0,1.0,Premium,Annual,900.27,9.0,No
71122.0,57.0,Female,39.0,18.0,1.0,7.0,Premium,Monthly,854.0,11.0,Yes
338752.0,40.0,Female,12.0,15.0,0.0,16.0,Basic,Quarterly,912.69,10.0,No
224757.0,63.0,Female,6.0,17.0,7.0,0.0,Basic,Monthly,316.7,2.0,Yes
295305.0,21.0,Female,16.0,20.0,0.0,11.0,Standard,Quarterly,746.77,6.0,No
313457.0,21.0,Female,49.0,7.0,1.0,1.0,Standard,Annual,984.44,9.0,No
421186.0,18.0,Male,8.0,23.0,0.0,14.0,Premium,Quarterly,748.64,24.0,No
242255.0,29.0,Male,1.0,7.0,4.0,20.0,Standard,Annual,724.68,11.0,Yes
443987.0,39.0,Female,11.0,5.0,1.0,10.0,Premium,Quarterly,921.42,3.0,No
379679.0,28.0,Female,42.0,24.0,2.0,19.0,Premium,Quarterly,951.41,3.0,No
100688.0,46.0,Male,53.0,29.0,10.0,7.0,Premium,Quarterly,814.0,12.0,Yes
343204.0,22.0,Male,28.0,25.0,1.0,12.0,Premium,Annual,681.54,18.0,No
319748.0,38.0,Male,32.0,16.0,0.0,0.0,Premium,Annual,873.14,26.0,No
14703.0,61.0,Male,41.0,14.0,0.0,13.0,Premium,Monthly,691.0,3.0,Yes
52756.0,31.0,Male,58.0,17.0,10.0,13.0,Premium,Quarterly,677.0,30.0,Yes
159735.0,39.0,Female,52.0,4.0,9.0,23.0,Premium,Monthly,315.0,3.0,Yes
287470.0,35.0,Male,28.0,5.0,1.0,9.0,Basic,Annual,569.74,22.0,No
380942.0,50.0,Male,26.0,20.0,4.0,1.0,Basic,Annual,831.7,2.0,No
211812.0,39.0,Male,17.0,4.0,8.0,18.0,Premium,Monthly,294.65,29.0,Yes
258075.0,44.0,Male,60.0,18.0,5.0,15.0,Basic,Annual,648.79,26.0,Yes
188750.0,35.0,Male,1.0,7.0,10.0,19.0,Basic,Quarterly,547.0,7.0,Yes
412083.0,31.0,Male,59.0,7.0,3.0,1.0,Basic,Quarterly,510.03,21.0,No
26983.0,24.0,Female,29.0,30.0,7.0,1.0,Basic,Quarterly,777.0,8.0,Yes
9127.0,23.0,Female,40.0,10.0,0.0,17.0,Premium,Monthly,977.0,4.0,Yes
147055.0,65.0,Male,12.0,24.0,1.0,27.0,Basic,Quarterly,397.0,1.0,Yes
435545.0,28.0,Female,27.0,21.0,2.0,12.0,Basic,Quarterly,584.24,2.0,No
99463.0,42.0,Male,18.0,27.0,1.0,8.0,Standard,Annual,499.0,4.0,Yes
248121.0,36.0,Male,35.0,27.0,10.0,20.0,Basic,Monthly,158.92,19.0,Yes
266720.0,25.0,Female,56.0,1.0,2.0,1.0,Premium,Quarterly,791.27,11.0,No
157657.0,51.0,Female,45.0,18.0,6.0,9.0,Basic,Annual,972.0,25.0,Yes
362015.0,43.0,Female,10.0,18.0,4.0,16.0,Standard,Annual,715.42,8.0,No
354633.0,48.0,Male,40.0,10.0,2.0,9.0,Premium,Annual,718.3,8.0,No
315584.0,43.0,Male,25.0,8.0,3.0,5.0,Standard,Quarterly,869.19,6.0,No
175290.0,46.0,Female,17.0,11.0,1.0,16.0,Premium,Quarterly,796.0,20.0,Yes
1906.0,54.0,Male,14.0,21.0,2.0,1.0,Standard,Annual,235.0,22.0,Yes
398926.0,46.0,Male,38.0,6.0,0.0,13.0,Standard,Quarterly,849.91,4.0,No
52606.0,63.0,Male,44.0,16.0,7.0,12.0,Basic,Monthly,398.0,12.0,Yes
364965.0,18.0,Male,45.0,29.0,1.0,20.0,Premium,Annual,995.7,24.0,No
394683.0,49.0,Male,51.0,29.0,0.0,16.0,Standard,Annual,760.39,10.0,No
44978.0,49.0,Male,51.0,28.0,9.0,15.0,Basic,Annual,766.0,27.0,Yes
8260.0,34.0,Female,7.0,12.0,2.0,20.0,Premium,Quarterly,241.0,8.0,Yes
79891.0,62.0,Male,19.0,6.0,9.0,11.0,Standard,Monthly,265.0,20.0,Yes
315890.0,42.0,Male,32.0,2.0,1.0,6.0,Premium,Quarterly,903.13,29.0,No
22274.0,28.0,Female,54.0,10.0,4.0,30.0,Premium,Annual,254.0,11.0,Yes
277393.0,47.0,Male,54.0,18.0,3.0,8.0,Basic,Quarterly,998.65,5.0,No
134009.0,40.0,Female,24.0,25.0,4.0,1.0,Basic,Quarterly,875.0,16.0,Yes
428157.0,40.0,Male,53.0,25.0,2.0,6.0,Premium,Annual,706.58,18.0,No
345801.0,48.0,Male,44.0,18.0,1.0,20.0,Premium,Annual,636.78,7.0,No
27458.0,24.0,Female,42.0,8.0,6.0,23.0,Standard,Monthly,762.0,26.0,Yes
179738.0,23.0,Female,25.0,22.0,10.0,20.0,Premium,Quarterly,359.0,30.0,Yes
128283.0,65.0,Female,50.0,21.0,4.0,17.0,Standard,Annual,598.0,25.0,Yes
315973.0,21.0,Female,55.0,7.0,1.0,1.0,Premium,Annual,539.83,13.0,No
55211.0,59.0,Female,36.0,16.0,5.0,27.0,Premium,Annual,350.0,19.0,Yes
235618.0,33.0,Male,35.0,8.0,10.0,13.0,Premium,Monthly,167.37,21.0,Yes
149749.0,54.0,Female,53.0,23.0,10.0,22.0,Basic,Quarterly,581.0,10.0,Yes
241509.0,41.0,Female,15.0,21.0,5.0,25.0,Standard,Monthly,317.01,19.0,Yes
375448.0,50.0,Female,36.0,16.0,3.0,12.0,Standard,Annual,862.81,10.0,No
122527.0,53.0,Female,16.0,26.0,10.0,20.0,Premium,Annual,810.0,12.0,Yes
383234.0,31.0,Male,51.0,25.0,2.0,14.0,Standard,Annual,969.78,23.0,No
119083.0,36.0,Male,25.0,26.0,9.0,21.0,Premium,Quarterly,881.0,1.0,Yes
216437.0,26.0,Male,6.0,6.0,5.0,18.0,Premium,Quarterly,330.23,19.0,Yes
209742.0,33.0,Female,48.0,30.0,0.0,21.0,Premium,Annual,685.28,21.0,Yes
164821.0,37.0,Female,53.0,24.0,8.0,14.0,Premium,Quarterly,151.0,29.0,Yes
117543.0,37.0,Female,17.0,14.0,4.0,30.0,Standard,Monthly,495.0,5.0,Yes
264936.0,40.0,Male,32.0,19.0,2.0,2.0,Standard,Annual,905.04,15.0,No
40995.0,56.0,Female,4.0,20.0,7.0,15.0,Basic,Annual,876.0,17.0,Yes
249476.0,39.0,Female,33.0,9.0,7.0,26.0,Basic,Annual,299.93,18.0,Yes
301199.0,50.0,Male,2.0,7.0,3.0,10.0,Premium,Annual,570.56,2.0,No
40589.0,44.0,Male,27.0,3.0,8.0,14.0,Premium,Quarterly,190.0,2.0,Yes
170340.0,35.0,Female,48.0,5.0,1.0,28.0,Basic,Quarterly,195.0,30.0,Yes
251424.0,19.0,Male,8.0,6.0,5.0,7.0,Premium,Quarterly,845.0,26.0,Yes
146481.0,30.0,Female,42.0,11.0,0.0,5.0,Premium,Annual,863.0,19.0,Yes
384168.0,21.0,Male,11.0,19.0,2.0,3.0,Standard,Quarterly,805.39,23.0,No
324564.0,36.0,Female,7.0,18.0,3.0,11.0,Basic,Annual,818.66,14.0,No
396650.0,37.0,Male,37.0,26.0,1.0,3.0,Premium,Quarterly,574.54,27.0,No
424365.0,38.0,Male,43.0,12.0,3.0,16.0,Premium,Annual,773.22,15.0,No
179620.0,42.0,Male,8.0,17.0,5.0,25.0,Premium,Annual,169.0,12.0,Yes
32665.0,50.0,Male,55.0,14.0,9.0,19.0,Premium,Annual,861.0,10.0,Yes
375424.0,50.0,Female,33.0,25.0,4.0,16.0,Basic,Quarterly,542.68,8.0,No
214550.0,21.0,Male,55.0,28.0,0.0,21.0,Basic,Monthly,425.44,8.0,Yes
248116.0,65.0,Female,50.0,11.0,6.0,18.0,Basic,Monthly,293.21,9.0,Yes
22035.0,23.0,Male,44.0,3.0,3.0,14.0,Standard,Monthly,942.0,22.0,Yes
405438.0,50.0,Male,20.0,23.0,4.0,10.0,Basic,Annual,544.75,18.0,No
269436.0,44.0,Male,21.0,17.0,1.0,20.0,Premium,Annual,748.0,2.0,No
297293.0,48.0,Male,50.0,14.0,2.0,19.0,Standard,Annual,899.23,11.0,No
256380.0,36.0,Male,20.0,16.0,5.0,27.0,Standard,Quarterly,919.66,23.0,Yes
182138.0,26.0,Female,53.0,9.0,2.0,23.0,Standard,Annual,348.0,6.0,Yes
44467.0,51.0,Male,8.0,25.0,6.0,28.0,Basic,Quarterly,614.0,15.0,Yes
296102.0,44.0,Female,27.0,29.0,2.0,12.0,Basic,Quarterly,898.52,11.0,No
343077.0,31.0,Female,48.0,17.0,1.0,9.0,Basic,Annual,527.14,6.0,No
334766.0,24.0,Male,9.0,17.0,0.0,4.0,Premium,Annual,593.99,4.0,No
21814.0,21.0,Male,21.0,23.0,10.0,29.0,Basic,Monthly,320.0,24.0,Yes
438305.0,44.0,Male,8.0,19.0,0.0,11.0,Standard,Annual,953.95,8.0,No
223764.0,26.0,Male,15.0,21.0,7.0,1.0,Basic,Annual,582.76,27.0,Yes
108754.0,26.0,Female,17.0,25.0,6.0,22.0,Basic,Monthly,813.0,15.0,Yes
237943.0,34.0,Male,12.0,17.0,2.0,17.0,Premium,Quarterly,318.53,10.0,Yes
245537.0,53.0,Female,26.0,5.0,1.0,12.0,Premium,Monthly,733.17,13.0,Yes
407876.0,46.0,Female,3.0,19.0,0.0,17.0,Standard,Quarterly,503.95,11.0,No
344443.0,33.0,Male,60.0,10.0,3.0,2.0,Basic,Quarterly,650.56,11.0,No
94456.0,25.0,Female,40.0,27.0,3.0,8.0,Premium,Monthly,440.0,30.0,Yes
230950.0,34.0,Female,57.0,23.0,4.0,23.0,Premium,Quarterly,136.73,24.0,Yes
99231.0,62.0,Male,56.0,29.0,7.0,11.0,Premium,Monthly,892.0,23.0,Yes
83688.0,19.0,Male,59.0,12.0,2.0,19.0,Premium,Monthly,555.0,21.0,Yes
98483.0,51.0,Female,46.0,28.0,4.0,11.0,Premium,Monthly,936.0,1.0,Yes
413108.0,40.0,Male,33.0,13.0,0.0,17.0,Standard,Annual,828.75,19.0,No
54609.0,54.0,Male,37.0,16.0,6.0,11.0,Basic,Quarterly,247.0,12.0,Yes
292126.0,46.0,Male,49.0,2.0,4.0,18.0,Basic,Annual,893.11,28.0,No
398344.0,41.0,Male,50.0,25.0,2.0,4.0,Basic,Quarterly,929.82,17.0,No
129096.0,31.0,Female,32.0,10.0,9.0,1.0,Premium,Monthly,245.0,2.0,Yes
193537.0,57.0,Male,4.0,11.0,3.0,7.0,Premium,Annual,571.0,7.0,Yes
427339.0,23.0,Female,54.0,9.0,1.0,0.0,Basic,Quarterly,963.06,6.0,No
52740.0,45.0,Male,11.0,21.0,2.0,27.0,Basic,Annual,524.0,15.0,Yes
180671.0,26.0,Male,60.0,14.0,8.0,16.0,Basic,Quarterly,366.0,14.0,Yes
47391.0,25.0,Male,4.0,27.0,4.0,17.0,Premium,Annual,739.0,21.0,Yes
264339.0,30.0,Male,48.0,11.0,2.0,7.0,Standard,Quarterly,802.97,16.0,No
69641.0,39.0,Female,18.0,27.0,6.0,14.0,Premium,Annual,540.0,17.0,Yes
274179.0,33.0,Male,24.0,23.0,3.0,3.0,Standard,Quarterly,939.46,21.0,No
13911.0,60.0,Female,27.0,12.0,6.0,6.0,Standard,Annual,780.0,20.0,Yes
324730.0,48.0,Female,31.0,20.0,1.0,12.0,Premium,Annual,888.9,14.0,No
175508.0,52.0,Male,38.0,17.0,7.0,3.0,Standard,Monthly,285.0,30.0,Yes
171415.0,58.0,Female,58.0,13.0,5.0,28.0,Standard,Monthly,789.0,8.0,Yes
242496.0,64.0,Male,42.0,26.0,5.0,29.0,Standard,Monthly,745.9,25.0,Yes
173828.0,64.0,Male,40.0,30.0,6.0,9.0,Premium,Monthly,542.0,7.0,Yes
287529.0,18.0,Male,6.0,12.0,1.0,6.0,Basic,Annual,900.11,23.0,No
162857.0,54.0,Female,20.0,6.0,4.0,18.0,Standard,Monthly,731.0,28.0,Yes
170656.0,34.0,Male,3.0,5.0,1.0,8.0,Basic,Monthly,105.0,18.0,Yes
397081.0,25.0,Male,58.0,2.0,2.0,14.0,Standard,Annual,838.25,13.0,No
319781.0,47.0,Female,40.0,19.0,3.0,0.0,Basic,Annual,524.9,2.0,No
266860.0,34.0,Male,35.0,14.0,0.0,18.0,Basic,Annual,806.05,5.0,No
190843.0,42.0,Male,34.0,19.0,6.0,13.0,Premium,Annual,666.0,24.0,Yes
73275.0,48.0,Female,29.0,1.0,8.0,30.0,Standard,Quarterly,604.0,16.0,Yes
276495.0,36.0,Male,39.0,25.0,0.0,7.0,Standard,Annual,816.53,12.0,No
231795.0,62.0,Female,15.0,14.0,2.0,20.0,Basic,Monthly,669.75,30.0,Yes
61028.0,36.0,Male,54.0,22.0,2.0,8.0,Standard,Annual,260.0,26.0,Yes
93768.0,46.0,Male,14.0,14.0,8.0,13.0,Basic,Annual,980.0,26.0,Yes
388970.0,31.0,Male,34.0,28.0,1.0,13.0,Premium,Quarterly,652.53,25.0,No
322580.0,40.0,Male,51.0,7.0,4.0,9.0,Premium,Quarterly,933.23,5.0,No
106610.0,39.0,Female,13.0,7.0,5.0,1.0,Standard,Annual,664.0,10.0,Yes
428047.0,50.0,Male,30.0,8.0,0.0,4.0,Premium,Quarterly,521.64,4.0,No
346182.0,40.0,Female,34.0,1.0,4.0,2.0,Standard,Annual,716.34,4.0,No
417457.0,34.0,Male,11.0,13.0,1.0,13.0,Standard,Annual,857.24,16.0,No
443952.0,34.0,Male,54.0,3.0,0.0,6.0,Basic,Quarterly,937.55,7.0,No
322717.0,32.0,Male,2.0,18.0,1.0,17.0,Premium,Annual,650.21,15.0,No
81591.0,46.0,Male,34.0,20.0,3.0,27.0,Standard,Annual,649.0,11.0,Yes
90645.0,32.0,Female,11.0,24.0,3.0,21.0,Premium,Quarterly,658.0,21.0,Yes
398665.0,45.0,Female,50.0,10.0,4.0,4.0,Basic,Quarterly,595.74,14.0,No
380547.0,46.0,Male,5.0,21.0,1.0,3.0,Premium,Annual,766.16,11.0,No
128721.0,57.0,Male,36.0,2.0,8.0,6.0,Basic,Annual,557.0,7.0,Yes
20193.0,64.0,Female,3.0,29.0,5.0,12.0,Premium,Quarterly,144.0,21.0,Yes
374831.0,30.0,Male,53.0,6.0,0.0,16.0,Basic,Quarterly,795.42,18.0,No
292068.0,48.0,Male,51.0,4.0,2.0,0.0,Standard,Annual,926.68,26.0,No
158261.0,29.0,Male,32.0,13.0,8.0,24.0,Premium,Monthly,290.0,25.0,Yes
197494.0,33.0,Female,55.0,24.0,2.0,27.0,Basic,Quarterly,911.0,14.0,Yes
133796.0,44.0,Female,7.0,11.0,6.0,27.0,Standard,Quarterly,983.0,3.0,Yes
147488.0,31.0,Female,29.0,16.0,7.0,17.0,Basic,Monthly,780.0,11.0,Yes
92294.0,40.0,Male,54.0,15.0,3.0,26.0,Premium,Annual,140.0,21.0,Yes
71485.0,52.0,Female,4.0,25.0,6.0,21.0,Standard,Quarterly,740.0,7.0,Yes
332808.0,25.0,Female,39.0,6.0,1.0,10.0,Standard,Quarterly,508.05,6.0,No
63941.0,34.0,Male,33.0,16.0,1.0,12.0,Standard,Monthly,807.0,6.0,Yes
44376.0,35.0,Female,20.0,13.0,5.0,19.0,Premium,Quarterly,352.0,5.0,Yes
162048.0,63.0,Female,49.0,24.0,6.0,19.0,Basic,Monthly,526.0,29.0,Yes
355987.0,24.0,Male,59.0,17.0,0.0,11.0,Premium,Quarterly,846.47,8.0,No
134503.0,40.0,Female,12.0,25.0,2.0,13.0,Premium,Monthly,171.0,10.0,Yes
283482.0,49.0,Male,30.0,18.0,2.0,19.0,Basic,Quarterly,800.35,4.0,No
278727.0,39.0,Male,8.0,9.0,0.0,5.0,Basic,Quarterly,523.52,4.0,No
375125.0,33.0,Male,59.0,24.0,3.0,2.0,Standard,Annual,910.9,28.0,No
244697.0,61.0,Male,56.0,7.0,1.0,23.0,Standard,Annual,556.79,28.0,Yes
196703.0,59.0,Female,48.0,12.0,0.0,6.0,Premium,Quarterly,368.0,8.0,Yes
119973.0,57.0,Female,32.0,18.0,3.0,11.0,Standard,Monthly,126.0,3.0,Yes
259865.0,39.0,Female,15.0,12.0,2.0,27.0,Standard,Annual,257.08,27.0,Yes
137550.0,55.0,Male,21.0,30.0,0.0,18.0,Basic,Monthly,212.0,24.0,Yes
309407.0,25.0,Male,9.0,29.0,2.0,5.0,Basic,Quarterly,616.76,3.0,No
255824.0,48.0,Male,6.0,10.0,1.0,26.0,Standard,Quarterly,215.79,14.0,Yes
129924.0,51.0,Female,58.0,1.0,6.0,28.0,Standard,Quarterly,116.0,26.0,Yes
366759.0,45.0,Male,10.0,24.0,2.0,20.0,Premium,Annual,651.62,2.0,No
147552.0,55.0,Female,44.0,30.0,1.0,23.0,Standard,Annual,793.0,24.0,Yes
441021.0,45.0,Male,58.0,30.0,2.0,10.0,Basic,Quarterly,697.62,19.0,No
206457.0,61.0,Female,44.0,8.0,1.0,29.0,Standard,Monthly,750.69,16.0,Yes
211629.0,40.0,Male,57.0,12.0,5.0,22.0,Basic,Annual,281.34,5.0,Yes
12240.0,38.0,Male,49.0,24.0,7.0,28.0,Standard,Annual,278.0,10.0,Yes
236125.0,39.0,Male,37.0,15.0,8.0,15.0,Premium,Monthly,440.36,20.0,Yes
10618.0,24.0,Male,56.0,17.0,6.0,22.0,Basic,Quarterly,703.0,14.0,Yes
343137.0,18.0,Male,48.0,3.0,1.0,17.0,Standard,Quarterly,508.71,1.0,No
383580.0,28.0,Female,2.0,12.0,1.0,3.0,Standard,Annual,759.95,5.0,No
9848.0,49.0,Female,43.0,20.0,8.0,3.0,Basic,Monthly,520.0,22.0,Yes
440454.0,43.0,Male,37.0,13.0,3.0,16.0,Premium,Annual,775.82,21.0,No
236335.0,41.0,Male,32.0,26.0,7.0,17.0,Basic,Annual,475.39,3.0,Yes
18222.0,22.0,Female,19.0,6.0,8.0,28.0,Standard,Annual,335.0,5.0,Yes
153927.0,57.0,Male,15.0,24.0,4.0,16.0,Basic,Monthly,885.0,1.0,Yes
159482.0,37.0,Female,19.0,2.0,10.0,11.0,Standard,Monthly,916.0,6.0,Yes
282943.0,49.0,Female,42.0,19.0,4.0,1.0,Premium,Annual,801.12,11.0,No
290449.0,23.0,Male,39.0,25.0,0.0,20.0,Basic,Quarterly,848.57,7.0,No
247387.0,30.0,Female,35.0,14.0,4.0,12.0,Premium,Annual,675.51,23.0,Yes
112976.0,62.0,Female,31.0,28.0,8.0,1.0,Basic,Monthly,251.0,23.0,Yes
163634.0,25.0,Female,57.0,7.0,4.0,24.0,Basic,Monthly,376.0,2.0,Yes
236771.0,44.0,Male,13.0,12.0,7.0,12.0,Standard,Quarterly,917.04,11.0,Yes
338655.0,45.0,Male,44.0,1.0,3.0,18.0,Standard,Quarterly,623.9,30.0,No
176365.0,20.0,Male,59.0,7.0,6.0,26.0,Basic,Annual,389.0,16.0,Yes
216784.0,63.0,Male,52.0,17.0,10.0,14.0,Standard,Monthly,702.54,7.0,Yes
297931.0,42.0,Male,46.0,25.0,1.0,7.0,Premium,Quarterly,832.6,4.0,No
70506.0,25.0,Female,27.0,7.0,10.0,6.0,Standard,Annual,498.0,8.0,Yes
119161.0,61.0,Male,37.0,9.0,0.0,23.0,Premium,Monthly,265.0,11.0,Yes
283461.0,25.0,Male,37.0,9.0,2.0,15.0,Basic,Annual,848.0,6.0,No
22091.0,51.0,Female,20.0,28.0,4.0,11.0,Premium,Annual,960.0,11.0,Yes
163743.0,40.0,Female,3.0,26.0,9.0,1.0,Standard,Annual,202.0,17.0,Yes
344305.0,24.0,Male,40.0,11.0,2.0,3.0,Basic,Quarterly,977.78,16.0,No
219918.0,62.0,Female,36.0,4.0,6.0,9.0,Basic,Monthly,657.47,6.0,Yes
87672.0,35.0,Female,39.0,2.0,9.0,8.0,Premium,Monthly,590.0,5.0,Yes
2770.0,65.0,Male,17.0,2.0,5.0,13.0,Basic,Quarterly,533.0,6.0,Yes
4983.0,55.0,Male,31.0,28.0,5.0,22.0,Premium,Quarterly,267.0,30.0,Yes
103767.0,63.0,Female,59.0,29.0,5.0,21.0,Basic,Monthly,520.0,17.0,Yes
181626.0,24.0,Female,46.0,25.0,3.0,9.0,Standard,Quarterly,479.0,12.0,Yes
402227.0,27.0,Male,43.0,18.0,1.0,11.0,Basic,Quarterly,600.68,4.0,No
403012.0,34.0,Male,25.0,1.0,3.0,17.0,Standard,Quarterly,762.44,9.0,No
238075.0,47.0,Female,24.0,9.0,7.0,7.0,Premium,Monthly,597.98,23.0,Yes
165853.0,57.0,Female,37.0,17.0,7.0,21.0,Standard,Quarterly,724.0,19.0,Yes
123802.0,57.0,Female,16.0,9.0,7.0,18.0,Premium,Monthly,419.0,2.0,Yes
202802.0,63.0,Female,58.0,13.0,6.0,23.0,Standard,Quarterly,534.0,11.0,Yes
315641.0,29.0,Male,29.0,15.0,1.0,10.0,Premium,Quarterly,836.71,20.0,No
263985.0,31.0,Male,29.0,7.0,3.0,20.0,Premium,Quarterly,605.53,5.0,No
434040.0,28.0,Male,60.0,15.0,1.0,15.0,Premium,Quarterly,683.19,18.0,No
203429.0,45.0,Female,54.0,28.0,2.0,0.0,Premium,Monthly,520.0,10.0,Yes
415051.0,26.0,Female,6.0,21.0,0.0,20.0,Standard,Annual,761.26,10.0,No
85570.0,30.0,Female,57.0,8.0,5.0,17.0,Premium,Quarterly,626.0,8.0,Yes
116303.0,21.0,Female,44.0,19.0,8.0,21.0,Premium,Monthly,496.0,24.0,Yes
63802.0,55.0,Male,54.0,22.0,5.0,15.0,Premium,Quarterly,821.0,16.0,Yes
403267.0,49.0,Female,51.0,28.0,4.0,0.0,Standard,Quarterly,706.54,1.0,No
116016.0,21.0,Male,8.0,18.0,0.0,26.0,Standard,Monthly,685.0,15.0,Yes
247553.0,44.0,Female,55.0,18.0,5.0,25.0,Premium,Monthly,562.44,16.0,Yes
412891.0,36.0,Male,15.0,18.0,0.0,19.0,Standard,Quarterly,534.98,20.0,No
351670.0,45.0,Male,28.0,25.0,4.0,12.0,Premium,Annual,520.2,25.0,No
382461.0,48.0,Female,6.0,3.0,2.0,0.0,Standard,Quarterly,902.75,14.0,No
27154.0,51.0,Male,2.0,22.0,1.0,0.0,Basic,Annual,111.0,7.0,Yes
445938.0,35.0,Male,57.0,29.0,3.0,10.0,Standard,Annual,523.67,13.0,No
304224.0,49.0,Male,25.0,16.0,2.0,17.0,Basic,Quarterly,841.21,21.0,No
185905.0,49.0,Male,47.0,13.0,3.0,25.0,Standard,Monthly,453.0,6.0,Yes
428607.0,43.0,Male,60.0,20.0,0.0,15.0,Basic,Quarterly,571.63,21.0,No
266558.0,47.0,Male,12.0,21.0,4.0,4.0,Premium,Quarterly,927.95,1.0,No
415270.0,42.0,Female,26.0,17.0,0.0,1.0,Basic,Annual,558.16,7.0,No
381094.0,42.0,Male,27.0,9.0,4.0,16.0,Standard,Annual,811.99,12.0,No
424782.0,49.0,Male,32.0,24.0,0.0,19.0,Premium,Annual,624.14,8.0,No
241002.0,56.0,Male,41.0,16.0,1.0,12.0,Standard,Monthly,745.75,11.0,Yes
5313.0,24.0,Female,23.0,4.0,9.0,17.0,Premium,Monthly,899.0,27.0,Yes
74767.0,31.0,Male,58.0,6.0,10.0,0.0,Standard,Quarterly,342.0,24.0,Yes
4765.0,47.0,Male,20.0,16.0,0.0,12.0,Basic,Annual,549.0,25.0,No
406228.0,24.0,Male,4.0,27.0,0.0,19.0,Standard,Annual,690.44,29.0,No
429496.0,30.0,Male,55.0,28.0,1.0,2.0,Premium,Annual,511.53,26.0,No
92037.0,22.0,Male,57.0,30.0,5.0,30.0,Basic,Annual,809.0,14.0,Yes
211235.0,56.0,Male,59.0,1.0,7.0,1.0,Standard,Monthly,892.38,9.0,Yes
304769.0,33.0,Female,34.0,2.0,0.0,14.0,Standard,Quarterly,910.99,4.0,No
84955.0,39.0,Female,6.0,1.0,8.0,18.0,Standard,Monthly,852.0,18.0,Yes
146951.0,56.0,Male,20.0,21.0,6.0,13.0,Standard,Monthly,210.0,10.0,Yes
141521.0,50.0,Female,30.0,23.0,10.0,20.0,Standard,Quarterly,809.0,8.0,Yes
265426.0,25.0,Female,39.0,22.0,1.0,16.0,Premium,Quarterly,578.44,11.0,No
136495.0,50.0,Male,16.0,5.0,9.0,11.0,Standard,Quarterly,172.0,20.0,Yes
432332.0,29.0,Male,2.0,23.0,0.0,1.0,Standard,Annual,858.73,24.0,No
18243.0,36.0,Female,6.0,10.0,5.0,13.0,Basic,Annual,748.0,7.0,Yes
225004.0,23.0,Male,53.0,16.0,5.0,12.0,Premium,Monthly,998.07,27.0,Yes
121916.0,51.0,Female,33.0,10.0,2.0,0.0,Basic,Annual,750.0,21.0,Yes
21430.0,38.0,Male,59.0,25.0,9.0,11.0,Standard,Monthly,178.0,19.0,Yes
60939.0,31.0,Female,30.0,4.0,5.0,15.0,Premium,Annual,778.0,16.0,Yes
173522.0,22.0,Male,23.0,26.0,7.0,19.0,Basic,Quarterly,730.0,4.0,Yes
193538.0,48.0,Male,50.0,10.0,4.0,9.0,Basic,Monthly,667.0,28.0,Yes
446044.0,22.0,Male,30.0,4.0,2.0,1.0,Premium,Quarterly,714.72,5.0,No
253560.0,46.0,Male,29.0,28.0,9.0,14.0,Premium,Annual,548.64,17.0,Yes
436515.0,30.0,Male,13.0,28.0,0.0,17.0,Premium,Quarterly,838.82,27.0,No
377863.0,48.0,Female,11.0,3.0,0.0,5.0,Premium,Quarterly,711.62,4.0,No
355555.0,36.0,Male,47.0,9.0,2.0,0.0,Basic,Quarterly,876.86,15.0,No
364136.0,43.0,Male,51.0,24.0,1.0,18.0,Basic,Annual,658.19,19.0,No
209539.0,57.0,Female,18.0,14.0,8.0,22.0,Basic,Quarterly,235.16,2.0,Yes
389684.0,36.0,Male,55.0,8.0,2.0,20.0,Basic,Quarterly,883.49,20.0,No
330232.0,41.0,Male,27.0,6.0,4.0,7.0,Premium,Annual,563.58,18.0,No
193162.0,46.0,Male,48.0,14.0,0.0,24.0,Premium,Monthly,611.0,12.0,Yes
182267.0,35.0,Male,21.0,29.0,10.0,6.0,Premium,Monthly,563.0,10.0,Yes
415342.0,29.0,Male,44.0,25.0,2.0,9.0,Standard,Quarterly,749.57,11.0,No
348867.0,35.0,Female,48.0,8.0,2.0,20.0,Standard,Annual,726.18,13.0,No
113303.0,18.0,Female,19.0,14.0,8.0,17.0,Standard,Quarterly,675.0,9.0,Yes
303057.0,33.0,Male,18.0,19.0,2.0,13.0,Standard,Annual,722.13,7.0,No
306477.0,50.0,Female,20.0,24.0,3.0,17.0,Basic,Annual,616.34,4.0,No
12923.0,57.0,Male,40.0,15.0,7.0,22.0,Basic,Annual,860.0,17.0,Yes
168531.0,53.0,Male,33.0,13.0,1.0,12.0,Standard,Annual,468.0,8.0,Yes
380173.0,37.0,Male,50.0,11.0,1.0,16.0,Standard,Annual,719.44,19.0,No
160742.0,62.0,Male,24.0,20.0,6.0,21.0,Basic,Quarterly,881.0,23.0,Yes
28931.0,35.0,Female,8.0,12.0,4.0,9.0,Premium,Monthly,148.0,7.0,Yes
255170.0,53.0,Male,21.0,24.0,6.0,22.0,Basic,Quarterly,858.33,20.0,Yes
217863.0,52.0,Female,19.0,1.0,10.0,13.0,Basic,Monthly,272.35,19.0,Yes
391312.0,49.0,Female,38.0,5.0,1.0,2.0,Premium,Annual,572.76,15.0,No
209657.0,50.0,Female,10.0,18.0,9.0,18.0,Standard,Quarterly,217.89,17.0,Yes
242101.0,33.0,Female,10.0,19.0,7.0,14.0,Basic,Monthly,945.98,25.0,Yes
4447.0,30.0,Female,5.0,4.0,6.0,9.0,Standard,Quarterly,326.0,16.0,Yes
260816.0,34.0,Female,32.0,15.0,3.0,8.0,Standard,Annual,809.87,12.0,No
417761.0,49.0,Male,48.0,7.0,4.0,3.0,Standard,Annual,944.8,24.0,No
413686.0,35.0,Female,46.0,2.0,0.0,8.0,Standard,Quarterly,815.48,9.0,No
36369.0,46.0,Female,56.0,5.0,2.0,17.0,Premium,Monthly,242.0,12.0,Yes
84413.0,55.0,Male,53.0,3.0,3.0,1.0,Basic,Annual,694.0,17.0,Yes
407656.0,49.0,Male,52.0,2.0,0.0,20.0,Standard,Quarterly,629.41,26.0,No
154987.0,43.0,Female,33.0,29.0,9.0,20.0,Standard,Quarterly,499.0,19.0,Yes
385671.0,37.0,Female,3.0,14.0,3.0,5.0,Premium,Annual,694.22,7.0,No
21073.0,34.0,Female,42.0,4.0,5.0,20.0,Premium,Quarterly,775.0,22.0,Yes
283227.0,36.0,Male,1.0,14.0,2.0,11.0,Premium,Annual,531.77,3.0,No
201854.0,50.0,Female,35.0,23.0,7.0,14.0,Premium,Quarterly,999.0,13.0,Yes
247511.0,34.0,Male,21.0,14.0,0.0,30.0,Standard,Monthly,215.1,22.0,Yes
280590.0,50.0,Male,28.0,13.0,4.0,14.0,Basic,Quarterly,539.96,20.0,No
105062.0,57.0,Female,19.0,26.0,6.0,17.0,Basic,Quarterly,719.0,8.0,Yes
431873.0,47.0,Female,5.0,23.0,2.0,3.0,Premium,Quarterly,710.68,6.0,No
143280.0,58.0,Male,45.0,10.0,4.0,2.0,Premium,Annual,844.0,18.0,Yes
202384.0,18.0,Female,22.0,7.0,6.0,5.0,Standard,Quarterly,108.0,25.0,Yes
126765.0,49.0,Female,27.0,10.0,0.0,11.0,Standard,Quarterly,288.0,2.0,Yes
393423.0,31.0,Male,26.0,10.0,0.0,12.0,Standard,Quarterly,837.63,28.0,No
93467.0,27.0,Male,26.0,11.0,7.0,29.0,Premium,Annual,659.0,6.0,Yes
2371.0,52.0,Male,32.0,23.0,6.0,26.0,Basic,Quarterly,974.0,25.0,Yes
29339.0,27.0,Male,2.0,18.0,0.0,16.0,Standard,Annual,311.0,21.0,Yes
47464.0,55.0,Female,1.0,3.0,5.0,4.0,Basic,Monthly,256.0,4.0,Yes
168227.0,56.0,Female,36.0,22.0,3.0,16.0,Standard,Quarterly,738.0,7.0,Yes
436598.0,38.0,Male,34.0,25.0,1.0,7.0,Premium,Quarterly,689.83,28.0,No
139891.0,44.0,Male,2.0,9.0,7.0,16.0,Basic,Annual,290.0,30.0,Yes
375085.0,37.0,Male,6.0,7.0,3.0,16.0,Standard,Quarterly,861.27,9.0,No
269782.0,46.0,Male,56.0,23.0,4.0,14.0,Basic,Annual,575.98,16.0,No
424723.0,34.0,Male,50.0,3.0,0.0,5.0,Basic,Quarterly,739.84,7.0,No
57395.0,50.0,Female,2.0,25.0,10.0,9.0,Basic,Monthly,259.0,7.0,Yes
401545.0,40.0,Male,14.0,13.0,3.0,15.0,Premium,Quarterly,981.15,5.0,No
248086.0,34.0,Female,51.0,21.0,9.0,25.0,Standard,Quarterly,241.79,25.0,Yes
38066.0,26.0,Male,32.0,19.0,0.0,12.0,Standard,Monthly,445.0,25.0,Yes
217551.0,27.0,Male,14.0,8.0,10.0,18.0,Premium,Monthly,313.04,28.0,Yes
70576.0,18.0,Male,46.0,14.0,7.0,29.0,Basic,Quarterly,722.0,25.0,Yes
100315.0,64.0,Female,3.0,28.0,7.0,5.0,Basic,Quarterly,414.0,8.0,Yes
9210.0,32.0,Male,44.0,13.0,8.0,14.0,Premium,Monthly,404.0,23.0,Yes
425905.0,47.0,Female,36.0,26.0,1.0,20.0,Premium,Annual,801.82,4.0,No
45495.0,21.0,Female,59.0,1.0,0.0,15.0,Premium,Monthly,355.0,2.0,Yes
419225.0,43.0,Male,35.0,21.0,4.0,17.0,Standard,Quarterly,693.15,2.0,No
335676.0,29.0,Male,24.0,17.0,2.0,8.0,Basic,Quarterly,685.06,2.0,No
295586.0,32.0,Female,43.0,23.0,0.0,11.0,Premium,Annual,881.38,7.0,No
204523.0,24.0,Female,21.0,30.0,0.0,30.0,Premium,Quarterly,233.65,4.0,Yes
340680.0,46.0,Male,4.0,16.0,1.0,7.0,Standard,Annual,681.5,11.0,No
12889.0,18.0,Male,34.0,6.0,10.0,9.0,Standard,Annual,601.0,22.0,Yes
443594.0,43.0,Male,59.0,20.0,2.0,6.0,Premium,Quarterly,713.44,10.0,No
351445.0,22.0,Female,19.0,14.0,1.0,1.0,Premium,Annual,880.19,10.0,No
165130.0,34.0,Female,8.0,30.0,1.0,23.0,Basic,Annual,778.0,2.0,Yes
305848.0,49.0,Female,52.0,29.0,1.0,13.0,Basic,Quarterly,894.02,4.0,No
66717.0,60.0,Male,20.0,3.0,9.0,12.0,Basic,Monthly,854.0,18.0,Yes
431631.0,30.0,Male,34.0,21.0,3.0,7.0,Standard,Annual,778.43,8.0,No
23152.0,48.0,Male,30.0,2.0,3.0,20.0,Premium,Quarterly,540.0,18.0,No
79621.0,40.0,Male,55.0,30.0,2.0,29.0,Basic,Quarterly,474.0,4.0,Yes
388777.0,20.0,Female,50.0,29.0,2.0,16.0,Premium,Quarterly,769.91,3.0,No
120127.0,39.0,Male,45.0,5.0,10.0,9.0,Basic,Annual,612.0,2.0,Yes
48698.0,25.0,Male,49.0,12.0,10.0,16.0,Standard,Monthly,268.0,8.0,Yes
400263.0,20.0,Male,5.0,4.0,0.0,1.0,Premium,Annual,654.26,18.0,No
185465.0,52.0,Male,35.0,10.0,5.0,24.0,Basic,Annual,774.0,12.0,Yes
259390.0,62.0,Female,9.0,30.0,4.0,10.0,Premium,Quarterly,113.04,25.0,Yes
366249.0,50.0,Male,31.0,5.0,4.0,9.0,Premium,Quarterly,925.33,15.0,No
14025.0,42.0,Female,19.0,8.0,6.0,30.0,Basic,Annual,450.0,5.0,Yes
141759.0,32.0,Female,48.0,6.0,9.0,5.0,Standard,Monthly,295.0,25.0,Yes
216202.0,21.0,Male,8.0,29.0,8.0,25.0,Premium,Quarterly,561.67,14.0,Yes
37043.0,57.0,Female,48.0,12.0,2.0,3.0,Standard,Monthly,405.0,19.0,Yes
49235.0,25.0,Male,9.0,17.0,4.0,28.0,Standard,Monthly,823.0,20.0,Yes
169995.0,39.0,Female,58.0,15.0,8.0,18.0,Basic,Annual,529.0,1.0,Yes
131258.0,27.0,Female,23.0,3.0,0.0,26.0,Basic,Monthly,272.0,14.0,Yes
433384.0,34.0,Female,12.0,25.0,2.0,19.0,Basic,Annual,681.5,14.0,No
259218.0,34.0,Female,21.0,6.0,2.0,23.0,Standard,Quarterly,722.26,16.0,Yes
83234.0,35.0,Male,44.0,28.0,2.0,10.0,Premium,Monthly,608.0,21.0,Yes
259539.0,30.0,Female,18.0,5.0,3.0,5.0,Basic,Monthly,854.21,25.0,Yes
49902.0,52.0,Male,31.0,12.0,9.0,20.0,Basic,Monthly,870.0,28.0,Yes
399063.0,35.0,Female,8.0,19.0,2.0,4.0,Premium,Quarterly,658.78,15.0,No
71612.0,53.0,Male,17.0,14.0,7.0,9.0,Premium,Annual,466.0,30.0,Yes
49245.0,62.0,Female,30.0,4.0,4.0,22.0,Standard,Annual,905.0,12.0,Yes
392113.0,21.0,Female,17.0,17.0,2.0,14.0,Basic,Quarterly,636.02,8.0,No
253740.0,35.0,Female,2.0,8.0,0.0,5.0,Standard,Quarterly,814.21,24.0,Yes
75101.0,64.0,Male,32.0,14.0,0.0,2.0,Basic,Annual,956.0,1.0,Yes
149352.0,29.0,Male,50.0,10.0,9.0,4.0,Standard,Monthly,348.0,22.0,Yes
112163.0,59.0,Female,33.0,29.0,2.0,0.0,Basic,Quarterly,274.0,23.0,Yes
277520.0,26.0,Male,34.0,26.0,0.0,16.0,Basic,Quarterly,774.32,3.0,No
442432.0,19.0,Male,18.0,16.0,1.0,9.0,Premium,Quarterly,886.71,6.0,No
253105.0,65.0,Female,23.0,21.0,3.0,13.0,Basic,Annual,551.11,25.0,Yes
104612.0,58.0,Female,45.0,12.0,5.0,24.0,Basic,Monthly,180.0,4.0,Yes
64243.0,56.0,Male,27.0,7.0,0.0,12.0,Premium,Monthly,662.0,3.0,Yes
48704.0,41.0,Female,1.0,4.0,3.0,25.0,Premium,Quarterly,778.0,20.0,Yes
300384.0,42.0,Female,57.0,24.0,4.0,16.0,Premium,Annual,640.88,5.0,No
398552.0,23.0,Male,60.0,15.0,1.0,9.0,Basic,Quarterly,606.51,27.0,No
166150.0,48.0,Male,9.0,5.0,7.0,15.0,Basic,Monthly,649.0,15.0,Yes
328.0,31.0,Female,43.0,4.0,4.0,2.0,Standard,Monthly,873.0,14.0,Yes
420235.0,40.0,Male,10.0,9.0,1.0,19.0,Basic,Quarterly,935.02,11.0,No
1657.0,57.0,Female,27.0,23.0,4.0,4.0,Standard,Quarterly,963.0,2.0,Yes
175967.0,21.0,Male,33.0,18.0,5.0,15.0,Standard,Monthly,169.0,12.0,Yes
51966.0,20.0,Female,24.0,19.0,7.0,25.0,Standard,Quarterly,350.0,28.0,Yes
65602.0,27.0,Female,25.0,1.0,1.0,5.0,Basic,Quarterly,761.0,19.0,Yes
136712.0,59.0,Female,9.0,13.0,8.0,27.0,Basic,Quarterly,138.0,17.0,Yes
270156.0,39.0,Male,50.0,30.0,2.0,19.0,Premium,Quarterly,720.19,9.0,No
11262.0,49.0,Male,7.0,8.0,6.0,4.0,Standard,Monthly,474.0,23.0,Yes
432526.0,47.0,Male,25.0,20.0,4.0,7.0,Premium,Annual,943.61,8.0,No
342650.0,48.0,Female,48.0,18.0,4.0,6.0,Premium,Quarterly,510.04,14.0,No
407943.0,26.0,Male,48.0,4.0,1.0,9.0,Basic,Annual,679.22,13.0,No
313919.0,26.0,Male,45.0,5.0,2.0,3.0,Premium,Quarterly,956.08,9.0,No
134137.0,44.0,Female,18.0,29.0,0.0,26.0,Premium,Quarterly,833.0,16.0,Yes
258968.0,19.0,Female,8.0,2.0,10.0,8.0,Basic,Annual,245.48,27.0,Yes
341943.0,20.0,Male,60.0,25.0,0.0,8.0,Basic,Annual,834.74,8.0,No
15723.0,39.0,Female,50.0,8.0,6.0,12.0,Standard,Monthly,529.0,11.0,Yes
164743.0,26.0,Female,11.0,27.0,8.0,13.0,Basic,Quarterly,494.0,6.0,Yes
277790.0,31.0,Female,14.0,30.0,2.0,10.0,Standard,Quarterly,692.97,1.0,No
168578.0,21.0,Male,8.0,25.0,7.0,8.0,Premium,Monthly,869.0,5.0,Yes
189816.0,39.0,Female,42.0,19.0,10.0,14.0,Basic,Quarterly,109.0,5.0,Yes
66927.0,28.0,Female,14.0,24.0,7.0,13.0,Basic,Annual,717.0,8.0,Yes
220840.0,26.0,Male,44.0,9.0,3.0,12.0,Standard,Quarterly,431.65,27.0,Yes
264998.0,18.0,Female,38.0,18.0,1.0,19.0,Premium,Annual,751.06,6.0,No
7765.0,48.0,Male,10.0,3.0,6.0,1.0,Premium,Annual,496.0,12.0,Yes
445026.0,40.0,Female,19.0,22.0,3.0,19.0,Standard,Annual,647.68,6.0,No
306973.0,39.0,Male,16.0,15.0,1.0,3.0,Standard,Annual,665.05,19.0,No
308151.0,40.0,Female,38.0,24.0,0.0,18.0,Basic,Annual,857.47,8.0,No
354158.0,36.0,Male,25.0,11.0,0.0,9.0,Standard,Quarterly,562.09,25.0,No
144671.0,36.0,Male,49.0,2.0,3.0,5.0,Premium,Annual,150.0,8.0,Yes
355430.0,41.0,Male,43.0,4.0,3.0,12.0,Premium,Annual,824.12,9.0,No
76370.0,37.0,Female,37.0,21.0,4.0,26.0,Premium,Annual,808.0,21.0,Yes
6580.0,55.0,Male,49.0,23.0,0.0,27.0,Premium,Quarterly,503.0,20.0,Yes
272362.0,45.0,Male,52.0,26.0,2.0,20.0,Premium,Quarterly,782.47,30.0,No
19044.0,55.0,Male,26.0,19.0,0.0,6.0,Standard,Annual,787.0,1.0,Yes
449209.0,36.0,Female,45.0,14.0,2.0,12.0,Premium,Quarterly,958.98,1.0,No
377699.0,33.0,Male,60.0,1.0,0.0,18.0,Premium,Quarterly,782.11,13.0,No
205093.0,58.0,Male,35.0,21.0,2.0,11.0,Premium,Quarterly,720.34,14.0,Yes
223903.0,24.0,Male,49.0,27.0,1.0,21.0,Premium,Annual,610.05,6.0,Yes
337712.0,42.0,Male,25.0,10.0,1.0,4.0,Premium,Annual,909.23,20.0,No
397043.0,43.0,Female,23.0,18.0,0.0,13.0,Basic,Quarterly,854.47,5.0,No
310697.0,40.0,Male,10.0,5.0,3.0,8.0,Standard,Annual,979.37,27.0,No
210089.0,20.0,Male,11.0,6.0,2.0,23.0,Premium,Monthly,318.04,4.0,Yes
169967.0,60.0,Male,44.0,15.0,2.0,17.0,Standard,Quarterly,529.0,30.0,Yes
28777.0,45.0,Female,47.0,16.0,0.0,16.0,Standard,Annual,656.0,18.0,Yes
149741.0,40.0,Male,47.0,3.0,1.0,7.0,Basic,Annual,837.0,10.0,No
121107.0,20.0,Female,58.0,1.0,5.0,6.0,Basic,Quarterly,258.0,13.0,Yes
219053.0,19.0,Male,25.0,12.0,1.0,26.0,Premium,Annual,271.51,29.0,Yes
318269.0,38.0,Male,37.0,13.0,1.0,18.0,Standard,Annual,763.22,13.0,No
369290.0,31.0,Female,42.0,22.0,1.0,1.0,Premium,Annual,745.37,7.0,No
210856.0,44.0,Female,18.0,28.0,8.0,21.0,Premium,Quarterly,153.34,5.0,Yes
425842.0,40.0,Female,15.0,17.0,0.0,17.0,Premium,Quarterly,693.44,5.0,No
259811.0,58.0,Female,7.0,20.0,4.0,30.0,Premium,Quarterly,661.73,16.0,Yes
408785.0,25.0,Male,33.0,26.0,2.0,10.0,Premium,Annual,865.6,12.0,No
192707.0,25.0,Female,24.0,4.0,6.0,24.0,Basic,Quarterly,371.0,20.0,Yes
37928.0,55.0,Female,39.0,3.0,5.0,20.0,Basic,Monthly,809.0,9.0,Yes
2602.0,65.0,Female,51.0,3.0,9.0,8.0,Premium,Annual,443.0,21.0,Yes
158501.0,40.0,Male,48.0,6.0,10.0,29.0,Standard,Quarterly,862.0,27.0,Yes
177585.0,18.0,Male,42.0,20.0,8.0,19.0,Standard,Quarterly,218.0,12.0,Yes
329401.0,29.0,Male,14.0,28.0,1.0,16.0,Premium,Quarterly,562.49,5.0,No
396984.0,32.0,Male,42.0,19.0,1.0,16.0,Premium,Annual,548.34,12.0,No
411876.0,45.0,Male,14.0,16.0,3.0,15.0,Standard,Annual,727.77,13.0,No
80975.0,47.0,Female,55.0,12.0,2.0,9.0,Premium,Annual,285.0,12.0,Yes
226356.0,42.0,Female,8.0,11.0,6.0,6.0,Standard,Quarterly,342.57,5.0,Yes
441472.0,32.0,Female,11.0,12.0,3.0,0.0,Standard,Annual,930.02,4.0,No
24352.0,28.0,Male,39.0,6.0,3.0,11.0,Basic,Monthly,538.0,20.0,Yes
359168.0,33.0,Female,44.0,11.0,2.0,20.0,Premium,Annual,970.96,14.0,No
207908.0,39.0,Male,28.0,11.0,4.0,26.0,Standard,Annual,870.57,7.0,Yes
308719.0,24.0,Male,44.0,26.0,1.0,18.0,Standard,Quarterly,673.85,8.0,No
362284.0,48.0,Female,40.0,3.0,2.0,3.0,Premium,Quarterly,937.55,3.0,No
357252.0,25.0,Male,39.0,14.0,0.0,10.0,Standard,Annual,803.26,10.0,No
73496.0,21.0,Female,54.0,26.0,9.0,14.0,Basic,Monthly,870.0,12.0,Yes
49217.0,38.0,Female,37.0,2.0,0.0,27.0,Basic,Quarterly,698.0,26.0,Yes
317670.0,31.0,Male,32.0,23.0,2.0,5.0,Standard,Annual,774.04,5.0,No
204630.0,20.0,Male,20.0,25.0,10.0,28.0,Basic,Quarterly,585.57,27.0,Yes
353008.0,38.0,Female,12.0,13.0,2.0,2.0,Premium,Annual,928.51,13.0,No
337020.0,45.0,Male,8.0,24.0,0.0,8.0,Standard,Annual,815.2,1.0,No
435783.0,26.0,Male,30.0,2.0,0.0,4.0,Premium,Quarterly,655.57,25.0,No
220847.0,47.0,Male,22.0,17.0,10.0,17.0,Basic,Quarterly,655.66,25.0,Yes
348425.0,45.0,Male,32.0,5.0,1.0,3.0,Basic,Quarterly,500.96,16.0,No
335288.0,49.0,Male,15.0,26.0,2.0,2.0,Standard,Annual,554.21,9.0,No
371855.0,32.0,Female,49.0,7.0,1.0,17.0,Premium,Annual,663.82,15.0,No
182643.0,29.0,Female,45.0,22.0,7.0,30.0,Standard,Quarterly,270.0,29.0,Yes
281920.0,44.0,Female,35.0,23.0,4.0,15.0,Standard,Quarterly,939.79,5.0,No
178651.0,58.0,Female,38.0,23.0,4.0,7.0,Basic,Quarterly,811.0,27.0,Yes
280396.0,42.0,Male,55.0,22.0,4.0,4.0,Premium,Annual,787.21,11.0,No
179756.0,64.0,Male,17.0,26.0,9.0,25.0,Premium,Monthly,858.0,9.0,Yes
362637.0,35.0,Female,7.0,28.0,2.0,6.0,Standard,Annual,781.13,10.0,No
342207.0,46.0,Male,46.0,28.0,0.0,19.0,Standard,Annual,624.68,23.0,No
413233.0,33.0,Male,35.0,11.0,0.0,8.0,Basic,Quarterly,956.76,15.0,No
167065.0,54.0,Male,43.0,18.0,7.0,19.0,Basic,Annual,405.0,9.0,Yes
344674.0,39.0,Female,3.0,7.0,0.0,8.0,Standard,Annual,673.8,6.0,No
230230.0,57.0,Female,2.0,18.0,6.0,3.0,Basic,Annual,197.22,14.0,Yes
189215.0,46.0,Female,27.0,8.0,9.0,20.0,Premium,Monthly,996.0,13.0,Yes
103800.0,23.0,Female,18.0,23.0,8.0,5.0,Basic,Monthly,454.0,26.0,Yes
214495.0,28.0,Male,2.0,20.0,6.0,7.0,Standard,Monthly,852.52,4.0,Yes
71383.0,50.0,Female,53.0,16.0,8.0,25.0,Standard,Monthly,700.0,22.0,Yes
48383.0,25.0,Male,33.0,7.0,8.0,26.0,Basic,Monthly,425.0,14.0,Yes
103415.0,28.0,Female,14.0,12.0,10.0,9.0,Basic,Quarterly,380.0,11.0,Yes
244182.0,41.0,Female,40.0,23.0,8.0,15.0,Premium,Annual,351.98,12.0,Yes
328609.0,38.0,Male,10.0,16.0,1.0,7.0,Premium,Quarterly,887.58,13.0,No
399231.0,32.0,Female,50.0,27.0,0.0,2.0,Basic,Annual,761.0,9.0,No
433576.0,47.0,Male,28.0,8.0,4.0,9.0,Premium,Annual,874.27,19.0,No
426810.0,39.0,Male,7.0,15.0,2.0,0.0,Basic,Quarterly,829.73,2.0,No
155678.0,55.0,Female,7.0,5.0,5.0,14.0,Premium,Quarterly,845.0,9.0,Yes
409970.0,18.0,Female,19.0,25.0,1.0,13.0,Basic,Annual,524.35,13.0,No
83197.0,52.0,Female,46.0,15.0,8.0,21.0,Premium,Quarterly,606.0,18.0,Yes
164975.0,44.0,Male,51.0,27.0,4.0,23.0,Standard,Annual,282.0,23.0,Yes
268376.0,33.0,Female,48.0,28.0,2.0,7.0,Basic,Quarterly,589.91,12.0,No
340327.0,32.0,Male,32.0,13.0,0.0,4.0,Basic,Annual,705.33,3.0,No
261978.0,20.0,Male,7.0,9.0,1.0,0.0,Basic,Quarterly,613.71,15.0,No
268726.0,42.0,Male,53.0,18.0,2.0,1.0,Standard,Quarterly,803.38,20.0,No
367346.0,26.0,Male,43.0,18.0,0.0,4.0,Basic,Annual,869.22,16.0,No
210338.0,20.0,Male,35.0,23.0,2.0,25.0,Standard,Quarterly,707.3,9.0,Yes
403403.0,21.0,Male,11.0,12.0,1.0,12.0,Standard,Annual,581.08,15.0,No
92432.0,62.0,Male,41.0,1.0,5.0,26.0,Standard,Annual,987.0,8.0,Yes
275191.0,50.0,Male,57.0,17.0,5.0,12.0,Basic,Annual,992.28,24.0,No
137047.0,21.0,Female,30.0,12.0,10.0,24.0,Premium,Monthly,729.0,13.0,Yes
385096.0,44.0,Female,30.0,13.0,3.0,7.0,Standard,Annual,681.98,4.0,No
423344.0,18.0,Male,16.0,30.0,1.0,13.0,Basic,Annual,630.86,2.0,No
200839.0,21.0,Female,23.0,13.0,10.0,21.0,Standard,Monthly,186.0,25.0,Yes
169935.0,57.0,Male,18.0,11.0,4.0,29.0,Basic,Quarterly,879.0,14.0,Yes
359675.0,43.0,Female,30.0,16.0,0.0,6.0,Basic,Annual,610.32,13.0,No
180927.0,45.0,Male,27.0,25.0,10.0,0.0,Basic,Monthly,615.0,30.0,Yes
357593.0,36.0,Male,40.0,3.0,3.0,8.0,Standard,Quarterly,859.67,22.0,No
149468.0,48.0,Female,23.0,26.0,5.0,26.0,Standard,Monthly,199.0,7.0,Yes
203250.0,41.0,Female,27.0,11.0,7.0,16.0,Standard,Monthly,938.0,29.0,Yes
383815.0,48.0,Male,39.0,29.0,4.0,20.0,Basic,Annual,962.41,9.0,No
158728.0,31.0,Female,38.0,12.0,2.0,7.0,Basic,Annual,414.0,26.0,Yes
26599.0,41.0,Male,47.0,1.0,4.0,19.0,Basic,Annual,948.0,1.0,No
370150.0,39.0,Male,46.0,30.0,2.0,10.0,Standard,Annual,901.76,25.0,No
423347.0,31.0,Male,53.0,25.0,1.0,13.0,Standard,Annual,989.94,6.0,No
107224.0,48.0,Female,14.0,19.0,9.0,7.0,Premium,Monthly,640.0,26.0,Yes
429261.0,20.0,Female,14.0,23.0,2.0,11.0,Basic,Quarterly,814.17,10.0,No
4169.0,51.0,Female,59.0,13.0,2.0,30.0,Premium,Annual,455.0,9.0,Yes
7463.0,32.0,Female,20.0,10.0,7.0,19.0,Premium,Monthly,156.0,21.0,Yes
36824.0,35.0,Female,22.0,21.0,0.0,20.0,Premium,Monthly,764.0,15.0,Yes
330678.0,28.0,Male,10.0,17.0,2.0,7.0,Premium,Annual,986.71,7.0,No
361802.0,38.0,Male,17.0,13.0,1.0,16.0,Standard,Annual,953.73,2.0,No
196231.0,45.0,Male,6.0,11.0,2.0,15.0,Basic,Annual,928.0,22.0,No
139721.0,46.0,Male,42.0,12.0,8.0,12.0,Standard,Monthly,733.0,29.0,Yes
304826.0,22.0,Male,37.0,19.0,0.0,4.0,Premium,Annual,640.97,26.0,No
161565.0,45.0,Female,45.0,9.0,9.0,25.0,Premium,Annual,583.0,29.0,Yes
386429.0,36.0,Male,2.0,12.0,2.0,7.0,Premium,Annual,908.67,11.0,No
284882.0,33.0,Male,26.0,1.0,2.0,18.0,Basic,Annual,821.45,1.0,No
30344.0,21.0,Male,23.0,4.0,3.0,29.0,Premium,Annual,416.0,15.0,Yes
215286.0,31.0,Female,14.0,7.0,1.0,6.0,Standard,Quarterly,442.62,16.0,Yes
193995.0,18.0,Male,57.0,8.0,2.0,10.0,Basic,Monthly,872.0,6.0,Yes
260230.0,26.0,Male,9.0,26.0,4.0,21.0,Standard,Monthly,359.08,29.0,Yes
222875.0,40.0,Female,32.0,27.0,10.0,9.0,Premium,Annual,633.37,9.0,Yes
307434.0,46.0,Male,35.0,21.0,2.0,6.0,Premium,Quarterly,858.73,23.0,No
261589.0,37.0,Male,44.0,5.0,1.0,17.0,Standard,Annual,607.11,29.0,No
444182.0,32.0,Male,3.0,16.0,0.0,14.0,Premium,Annual,731.03,12.0,No
267139.0,42.0,Male,59.0,7.0,4.0,10.0,Premium,Annual,925.86,27.0,No
321187.0,41.0,Male,39.0,21.0,2.0,20.0,Basic,Annual,849.15,15.0,No
85618.0,23.0,Female,38.0,7.0,2.0,11.0,Standard,Annual,976.0,17.0,Yes
296565.0,35.0,Male,5.0,9.0,0.0,7.0,Standard,Annual,606.07,28.0,No
58395.0,55.0,Female,20.0,23.0,5.0,10.0,Premium,Monthly,938.0,23.0,Yes
384016.0,25.0,Male,2.0,16.0,0.0,13.0,Standard,Annual,933.53,7.0,No
366991.0,27.0,Female,11.0,24.0,1.0,5.0,Premium,Quarterly,859.84,5.0,No
57861.0,59.0,Male,24.0,3.0,3.0,8.0,Premium,Monthly,387.0,25.0,Yes
177166.0,43.0,Male,16.0,11.0,8.0,19.0,Basic,Annual,236.0,18.0,Yes
200578.0,59.0,Female,11.0,29.0,5.0,15.0,Basic,Quarterly,492.0,19.0,Yes
250735.0,36.0,Female,16.0,21.0,8.0,8.0,Premium,Monthly,525.9,18.0,Yes
210597.0,61.0,Male,1.0,6.0,6.0,19.0,Premium,Monthly,568.95,24.0,Yes
345242.0,43.0,Female,34.0,2.0,2.0,4.0,Basic,Quarterly,973.53,6.0,No
362959.0,25.0,Male,43.0,19.0,1.0,14.0,Basic,Quarterly,503.1,21.0,No
301243.0,21.0,Male,38.0,6.0,0.0,8.0,Basic,Quarterly,866.88,8.0,No
179518.0,34.0,Male,38.0,18.0,8.0,20.0,Standard,Monthly,653.0,7.0,Yes
192362.0,58.0,Female,41.0,2.0,3.0,3.0,Basic,Monthly,811.0,29.0,Yes
129147.0,19.0,Female,18.0,29.0,2.0,6.0,Basic,Annual,224.0,4.0,Yes
136120.0,32.0,Male,55.0,5.0,9.0,0.0,Basic,Monthly,662.0,21.0,Yes
229786.0,63.0,Male,27.0,6.0,9.0,16.0,Basic,Monthly,697.52,22.0,Yes
